,Claim,Source Name,Source URL,Verdict,Review Publication Date,Image URL,Tags
0,Jair Bolsonaro criou o Pix,Estadão,https://www.estadao.com.br/estadao-verifica/pl-distorce-fatos-ao-alegar-que-bolsonaro-criou-o-pix-sistema-foi-desenvolvido-a-partir-de-2018/,Falso,2026-06-05 07:00:00,https://encrypted-tbn3.gstatic.com/images?q=tbn:ANd9GcThAREsnYTqcFmEfdAFS96E6z20usj7GeESG2n1Dt_XxxRd-3aQ,"['Jair Bolsonaro', 'PIX']"
1,Adélio Bispo esteve na Câmara dos Deputados na data do atentado contra Jair Bolsonaro,Estadão,https://www.estadao.com.br/estadao-verifica/adelio-bispo-esteve-na-camara-deputados-volta-circular/,Falso,2026-05-29 07:00:00,https://encrypted-tbn3.gstatic.com/images?q=tbn:ANd9GcRp_oQmEHdLX7bVN00WdpT_zDGh6QNJO6gYHQvpcFKzHcWULhvu,"['Adélio Bispo', 'Câmara dos Deputados, Brasil', 'Deputado', 'Jair Bolsonaro', 'Atentado contra Jair Bolsonaro']"
2,Jair Bolsonaro foi absolvido de todas as acusações em maio de 2026,AFP Checamos,https://checamos.afp.com/doc.afp.com.B47Q79E,Falso,2026-05-27 07:00:00,https://encrypted-tbn2.gstatic.com/images?q=tbn:ANd9GcQxhYBJ7ZtY3siynPl1NGaZNBssYC4hm9HjkL4uCdVv0uzEpABb,"['Jair Bolsonaro', '2026', 'Absolvição', 'Maio']"
3,Bolsonaro pede divórcio após suposto envolvimento de Michelle Bolsonaro com o banqueiro Daniel Vorcaro,UOL Notícias,https://noticias.uol.com.br/confere/ultimas-noticias/2026/05/22/falso-divorcio-jair-michelle-bolsonaro-daniel-vorcaro.ghtm,Falso,2026-05-22 07:00:00,https://encrypted-tbn3.gstatic.com/images?q=tbn:ANd9GcTxfrYqOoKRflsjLuw4JUSD2z0-pvSaQrIzH0R9UPfMq-0iVYcj,"['Michelle Bolsonaro', 'Daniel Vorcaro', 'Jair Bolsonaro', 'Divórcio']"
4,Intercept pediu desculpas e disse não ter provas para reportagem sobre cinebiografia de Jair Bolsonaro,Estadão,https://www.estadao.com.br/estadao-verifica/e-falso-que-intercept-tenha-pedido-desculpas-por-reportagem-sobre-cinebiografia-de-bolsonaro/,Falso,2026-05-21 07:00:00,https://encrypted-tbn0.gstatic.com/images?q=tbn:ANd9GcSCsmiqCeZNNmwXoYs2nzaNcFj0Yx7k2012CjN_EQB2uCER3ijY,"['Jair Bolsonaro', 'The Intercept', 'Reportagem', 'Biográfico']"
5,"""AQUI É BOLSONARO!"" Foi com essa frase, aos gritos de uma multidão em Copacabana, que Shakira teria protagonizado um dos momentos mais explosivos da história dos shows no Brasil. Enquanto a plateia ia ao delírio, bastidores ferviam com tentativas de interrupção e revolta de setores da mídia.",Observador,https://observador.pt/factchecks/fact-check-shakira-declara-apoio-a-bolsonaro-em-concerto-em-copacabana/,Errado,nan,nan,"['Jair Bolsonaro', 'Shakira', 'Copacabana', 'Espetáculo', 'Eduardo Bolsonaro', 'Brasil', 'Inteligência artificial']"
6,"Tema musical do filme sobre Jair Bolsonaro, está sendo uma das mais tocadas nos Estados Unidos",UOL Notícias,https://noticias.uol.com.br/confere/ultimas-noticias/2026/05/20/falso-musica-tema-filme-bolsonaro-mais-tocadas-eua.ghtm,Falso,2026-05-20 07:00:00,https://encrypted-tbn3.gstatic.com/images?q=tbn:ANd9GcSrVKX0TrHUEmFHS98yjQC8lP9VG4VDGJeYnK_Bsuc48oOsu2O0,"['Jair Bolsonaro', 'Música-tema', 'Música', 'Filme', 'Estados Unidos']"
7,Nunes Marques tornou Bolsonaro elegível novamente,Aos Fatos,https://www.aosfatos.org/noticias/nunes-marques-bolsonaro-elegivel/,Falso,2026-05-19 07:00:00,https://encrypted-tbn2.gstatic.com/images?q=tbn:ANd9GcSFEny-cIwYUbTn8LCeERh4iUUid7vn9hZ9BT1Pn3vjAiquyCym,"['Nunes Marques', 'Jair Bolsonaro']"
8,The Intercept Brasil pediu desculpas e disse não ter provas que liguem família Bolsonaro ao caso Master,Aos Fatos,https://www.aosfatos.org/noticias/intercept-provas-vorcaro-filme-bolsonaro/,Falso,2026-05-18 07:00:00,https://encrypted-tbn0.gstatic.com/images?q=tbn:ANd9GcRO_x9FzloaA8VpugjC5E80NEMKIxKcoX02dbETKdpP75oH4UqV,"['Jair Bolsonaro', 'The Intercept', 'Brasil']"
9,Intercept admite não ter provas do pagamento do valor para o filme de Bolsonaro,UOL Notícias,https://noticias.uol.com.br/confere/ultimas-noticias/2026/05/15/falso-intercept-admitiu-nao-provas-flavio-bolsonaro-vorcaro.ghtm,Falso,2026-05-15 07:00:00,https://encrypted-tbn0.gstatic.com/images?q=tbn:ANd9GcT6a3amSmS89STV5OhlHg8-3gZ7B8fzDBBtp30Vaf3R14s6rrvi,"['The Intercept', 'Jair Bolsonaro', 'Filme', 'Pagamento']"
10,Vídeo mostra Bolsonaro ‘embolsando’ objeto dourado,Aos Fatos,https://www.aosfatos.org/noticias/bolsonaro-roubando-moeda-ouro/,Falso,2026-05-15 07:00:00,https://encrypted-tbn1.gstatic.com/images?q=tbn:ANd9GcTO1H1GJ5yTFS1hC4u7hcCioq-RkS5IuBdLEF8EOXPVT7bytv0p,"['Jair Bolsonaro', 'Vídeo', 'Dourado', 'Objeto']"
11,Zico critica Bolsonaro em entrevista,AFP Checamos,https://checamos.afp.com/doc.afp.com.B2VD69K,Falso,2026-05-14 07:00:00,https://encrypted-tbn3.gstatic.com/images?q=tbn:ANd9GcTbEJ5tcfd-K2Dp3nqpLEnX2YPFtQPyn8Z4jiP6ny_6JUMp_QHQ,"['Jair Bolsonaro', 'Zico', 'Entrevista']"
12,"A Anvisa mandou recolher produtos da marca Ypê com base em acusações sem provas e por motivação política, já que diretores da empresa doaram R$ 1 milhão para a campanha de Jair Bolsonaro em 2022.",Estadão,https://www.estadao.com.br/estadao-verifica/videos-enganam-motivacao-politica-inspecao-anvisa-fabrica-ype/,Falso,2026-05-12 07:00:00,https://encrypted-tbn1.gstatic.com/images?q=tbn:ANd9GcQgCNawJuViobbkNsokasJI6_1fa8KD3Mv1oa9nzcBL8lum7utz,"['Ypê', 'Anvisa', 'Agência Nacional de Vigilância Sanitária', 'Produto', 'Jair Bolsonaro', 'Empresa', '2022', 'Político', 'Motivação']"
13,Bolsonaro deixa hospital com gritos de 'Força Bolsonaro' e 'mito',AFP Checamos,https://checamos.afp.com/doc.afp.com.B2HX2NQ,Falso,2026-05-11 07:00:00,https://encrypted-tbn3.gstatic.com/images?q=tbn:ANd9GcTXjl1Mu-639hor2XbFrV5AIEr-RnZUhYoJlEfPI1NrSBu2u3-D,"['Jair Bolsonaro', 'Hospital', 'Mito']"
14,Casa Branca desmente encontro de Flávio Bolsonaro com Donald Trump,AFP Checamos,https://checamos.afp.com/doc.afp.com.B4X69G3,Falso,2026-06-03 20:46:46,https://encrypted-tbn3.gstatic.com/images?q=tbn:ANd9GcRLbV_GvghehCFyTiKQ3Mt3QyAKAb0Rvc2OL2Ni_J6mq8aWn1s-,"['Flávio Bolsonaro', 'Donald Trump', 'Casa Branca']"
15,Flávio Bolsonaro agradece a Trump por taxar o Brasil.,Estadão,https://www.estadao.com.br/estadao-verifica/pt-enganoso-flavio-agradece-trump-taxas-brasil/,Falso,2026-06-03 17:51:00,https://encrypted-tbn1.gstatic.com/images?q=tbn:ANd9GcSyNQnZYJTMVbVxya2_YCwI61lIjBCVJEYXe3D0VxMt-E7HfEnP,"['Flávio Bolsonaro', 'Donald Trump', 'Brasil', 'Taxa']"
16,FBI pediu prisão de Flávio Bolsonaro,Aos Fatos,https://www.aosfatos.org/noticias/fbi-prisao-flavio-bolsonaro/,Falso,2026-06-02 20:12:36,https://encrypted-tbn3.gstatic.com/images?q=tbn:ANd9GcSnDY5keXQRvLYn05jvu6Q0kUmDMcJfCi5H6ZcShQHI0YIV5WWR,"['Flávio Bolsonaro', 'Federal Bureau of Investigation', 'Prisão']"
17,Deu ruim! Moraes vai para cima e manda PF prender Flávio e Eduardo Bolsonaro após encontro com Trump,UOL Notícias,https://noticias.uol.com.br/confere/ultimas-noticias/2026/06/02/falso-moraes-mandado-prisao-flavio-eduardo-bolsonaro.ghtm,Falso,2026-06-02 17:40:53,https://encrypted-tbn1.gstatic.com/images?q=tbn:ANd9GcSgfY9BC1AOgHVU9Usir4wPZ9RLgZ17MvhpbujcHiJQgJW5654s,"['Eduardo Bolsonaro', 'Flávio Bolsonaro', 'Alexandre de Moraes', 'Donald Trump', 'Polícia Federal', 'Departamento de Polícia Federal']"
18,PF concluiu investigação sobre pedido de dinheiro feito por Flávio Bolsonaro a Daniel Vorcaro,Estadão,https://www.estadao.com.br/estadao-verifica/falso-pf-conclui-investigacao-mensagens-flavio-bolsonaro-vorcaro/,Falso,2026-06-02 16:38:03,https://encrypted-tbn3.gstatic.com/images?q=tbn:ANd9GcSYBoHlY9ayxdaDUWUgWu_l4JUd02NcBSt2W9twILOsI3J2KPel,"['Flávio Bolsonaro', 'Polícia Federal', 'Daniel Vorcaro', 'Departamento de Polícia Federal', 'Pesquisa', 'Dinheiro']"
19,Casa Branca desmente encontro entre Flávio Bolsonaro com Donald Trump,UOL Notícias,https://noticias.uol.com.br/confere/ultimas-noticias/2026/06/01/falso-casa-branca-desmente-reuniao-donald-trump-flavio-bolsonaro.ghtm,Falso,2026-06-01 23:15:55,https://encrypted-tbn2.gstatic.com/images?q=tbn:ANd9GcSp5-iy4biHeCQ1BMoJgzGtv7JcksrOjh1NEA1_uEEMoRJv_Fvw,"['Flávio Bolsonaro', 'Donald Trump', 'Casa Branca']"
20,Lula foge do palácio aos gritos de volta Bolsonaro,UOL Notícias,https://noticias.uol.com.br/confere/ultimas-noticias/2026/05/07/lula-nao-saiu-do-palco-apos-gritos-pro-bolsonaro-audio-e-manipulado.ghtm,Falso,2026-05-07 07:00:00,https://encrypted-tbn2.gstatic.com/images?q=tbn:ANd9GcRZ6abGEWUU4Cgqwoa6JezPMJHI8r7f2jet680s5S2ivqVkFOT8,"['Luiz Inácio Lula da Silva', 'Jair Bolsonaro', 'Grito']"
21,Shakira delcarou apoio a Flávio e a Jair Bolsonaro durante show em Copacabana,AFP Checamos,https://checamos.afp.com/doc.afp.com.B22G4WE,Falso,2026-05-06 07:00:00,https://encrypted-tbn1.gstatic.com/images?q=tbn:ANd9GcSxqQiuqnNWEFs9PZHc-H-trjN_HPWwT6nofYZ9F6ccCOCYBrE_,"['Shakira', 'Jair Bolsonaro', 'Flávio Bolsonaro', 'Copacabana', 'Espetáculo']"
22,Jair Renan filho de Bolsonaro é alvo de operação policial em 2026,AFP Checamos,https://checamos.afp.com/doc.afp.com.A9ZT363,Falso,2026-05-06 07:00:00,https://encrypted-tbn2.gstatic.com/images?q=tbn:ANd9GcQqK530FmiITbKQu_yj6HsGFyzmjK_cbh-azDGKyzfhptCGEd0R,"['Jair Renan Bolsonaro', 'Jair Bolsonaro', 'Polícia', '2026']"
23,"Shakira declarou apoio a Bolsonaro durante show em Copacabana, no Rio",BOL - UOL,https://www.bol.uol.com.br/noticias/2026/05/05/shakira-nao-deu-declaracao-de-apoio-a-bolsonaro-video-e-ia.ghtm,Falso,2026-05-05 07:00:00,https://encrypted-tbn0.gstatic.com/images?q=tbn:ANd9GcTidDxHHXqMpqFLQJmRIqrqNnrt-U6_PRuRDlezwEjGdIFYbgfm,"['Shakira', 'Jair Bolsonaro', 'Rio de Janeiro', 'Copacabana']"
24,Shakira declarou apoio a Jair Bolsonaro durante show em Copacabana,Aos Fatos,https://www.aosfatos.org/noticias/shakira-lula-bolsonaro-show-brasil/,Falso,2026-05-04 07:00:00,https://encrypted-tbn0.gstatic.com/images?q=tbn:ANd9GcS4WqwPPD1Q5Ioa2y6ehyV3nk9vnuJVjFfRTPfYnb7LQhKBzK-f,"['Jair Bolsonaro', 'Shakira', 'Espetáculo', 'Copacabana']"
25,Polícia Federal confirma: Bolsonaro nunca usou cartão corporativo da Presidência,UOL Notícias,https://noticias.uol.com.br/confere/ultimas-noticias/2026/05/03/pf-nao-disse-que-bolsonaro-nao-usou-cartao-corporativo-durante-mandato.ghtm,Falso,2026-05-03 07:00:00,https://encrypted-tbn0.gstatic.com/images?q=tbn:ANd9GcQSzQkWh3Wqq4z409RkmRG15dp-LWYXJdzq06BbD7Ze5h8rArvy,"['Jair Bolsonaro', 'Polícia Federal', 'Departamento de Polícia Federal', 'Cartão de visita', 'Papel cartão', 'Polícia', 'Presidente do Brasil']"
26,Vaza conversas íntimas de Michelle Bolsonaro e Daniel Vorcaro,Estadão,https://www.estadao.com.br/estadao-verifica/michelle-bolsonaro-affair-vorcaro-ataque-genero/,Falso,2026-05-26 07:00:00,https://encrypted-tbn0.gstatic.com/images?q=tbn:ANd9GcQ2LDid02dkKePqA8RpTa6cAvkSO_MXH6I08KO5tKvKa_SiFe6W,"['Michelle Bolsonaro', 'Daniel Vorcaro']"
27,Daniel Vorcaro delatou à Polícia Federal participação de Lulinha e de Moraes em atentado a Bolsonaro,AFP Checamos,https://checamos.afp.com/doc.afp.com.A9HU89E,Falso,2026-04-30 07:00:00,https://encrypted-tbn1.gstatic.com/images?q=tbn:ANd9GcSeOq3yZEWkg-Ld2RIK6Ujl-vRvwfzBPN1kWFIF0LNN9BIrZ4mb,"['Daniel Vorcaro', 'Fábio Luís Lula da Silva', 'Alexandre de Moraes', 'Jair Bolsonaro', 'Departamento de Polícia Federal', 'Polícia Federal', 'Polícia']"
28,Vorcaro revelou participação de Lulinha e Moraes em atentado a faca contra Bolsonaro,Estadão,https://www.estadao.com.br/estadao-verifica/falso-daniel-vorcaro-revelacoes-sobre-adelio-bispo/,Falso,2026-04-30 07:00:00,https://encrypted-tbn2.gstatic.com/images?q=tbn:ANd9GcQU8dPBdaZyDdH2FqeqShXaQ7e0aA4EG6H9N9E5ooN0I2_aGr6O,"['Daniel Vorcaro', 'Jair Bolsonaro', 'Alexandre de Moraes', 'Fábio Luís Lula da Silva', 'Faca']"
29,Daniel Vorcaro entregou em delação quem foi responsável pelo atentado contra Bolsonaro em 2018,Aos Fatos,https://www.aosfatos.org/noticias/vorcaro-delatou-mandante-atentado-bolsonaro/,Falso,2026-04-28 07:00:00,https://encrypted-tbn1.gstatic.com/images?q=tbn:ANd9GcSbqMdMX7Kgb1_2HcyGlYFNQ8OuUifBFw76CZ4rYSWicI_x6rz2,"['Daniel Vorcaro', 'Jair Bolsonaro', 'Delação premiada', 'Atentado contra Jair Bolsonaro', '2018']"
30,Vídeos de personalidades públicas brasileiras criticando Bolsonaro,AFP Checamos,https://checamos.afp.com/doc.afp.com.A96M7KE,Falso,2026-04-27 07:00:00,https://encrypted-tbn3.gstatic.com/images?q=tbn:ANd9GcSAY8y-Xo-zXChmmRHqvi7wrjwnA-tctGlY27bwbsNGskQ9r8xG,"['Jair Bolsonaro', 'Vídeo', 'Brasil', 'Personalidade']"
31,Juíza corajosa desafia Moraes e manda libertar Jair Bolsonaro,UOL Notícias,https://noticias.uol.com.br/confere/ultimas-noticias/2026/04/27/falso-juiza-mandou-libertar-jair-bolsonaro.ghtm,Falso,2026-04-27 07:00:00,https://encrypted-tbn1.gstatic.com/images?q=tbn:ANd9GcT3egCaCvW22cuNbj1zFB0er0RwXotjb3VE3UI3GnDduAy7S7Vz,"['Jair Bolsonaro', 'Alexandre de Moraes', 'Juiz']"
32,Juíza desafia Moraes e ordena soltura de Jair Bolsonaro,Aos Fatos,https://www.aosfatos.org/noticias/juiza-mandou-soltar-bolsonaro/,Falso,2026-04-24 07:00:00,https://encrypted-tbn0.gstatic.com/images?q=tbn:ANd9GcQA_0sF4z0-_vG7yqIsC-7XKq-iFGP9IsD4EpZCIZEitzUWJhWe,"['Jair Bolsonaro', 'Juiz', 'Alexandre de Moraes']"
33,Ulysses Guimarães critica Bolsonaro em 1988,AFP Checamos,https://checamos.afp.com/doc.afp.com.A8FJ8T4,Falso,2026-04-20 07:00:00,https://encrypted-tbn3.gstatic.com/images?q=tbn:ANd9GcSPbEs6ZqfacfbO2nrraxUSIcjSQbFbZR6HbTkaokpRrYsj3U5G,"['Ulysses Guimarães', 'Jair Bolsonaro', '1988']"
34,Bolsonaro não usou cartões corporativos enquanto era presidente,Aos Fatos,https://www.aosfatos.org/noticias/bolsonaro-cartao-corporativo/,Falso,2026-04-17 07:00:00,https://encrypted-tbn0.gstatic.com/images?q=tbn:ANd9GcQTa-KE85INpunnEVHExqd9-c0jwuBqUiatcrfYmqqFXw_bH1En,"['Jair Bolsonaro', 'Cartão de visita', 'Presidente']"
35,Em 1988 Raul Seixas se assusta com Bolsonaro,AFP Checamos,https://checamos.afp.com/doc.afp.com.A8472T3,Falso,2026-04-16 07:00:00,https://encrypted-tbn2.gstatic.com/images?q=tbn:ANd9GcRgIrOn-W5jCww5tiap6V7P-Bez2PWDo02vlWxItxnKAq6tOhov,"['Raul Seixas', 'Jair Bolsonaro', '1988']"
36,Paulo Guedes disse que Bolsonaro dependia dos filhos para aprovar tudo na Presidência,Aos Fatos,https://www.aosfatos.org/noticias/guedes-bolsonaro-nao-mandava-em-nada/,Falso,2026-04-15 07:00:00,https://encrypted-tbn2.gstatic.com/images?q=tbn:ANd9GcQ3ufVd2yGWfl2Yi14j5r-kuiUbMplr7pDOsv8AHO4fQqqU-kVF,"['Jair Bolsonaro', 'Paulo Guedes', 'Presidente do Brasil', 'Filho']"
37,Alexandre Frota confessou ter namorado Jair Bolsonaro por dois anos,Estadão,https://www.estadao.com.br/estadao-verifica/alexandre-frota-namorou-bolsonaro-enganoso/,Falso,2026-04-15 07:00:00,https://encrypted-tbn2.gstatic.com/images?q=tbn:ANd9GcRZWw3jQ77RPQlxURZOScET_HWOGpxtQstQxWwcMlnv5FWdkYLX,"['Alexandre Frota', 'Jair Bolsonaro', 'Namoro']"
38,Alexandre Frota confessa que foi namorado de Bolsonaro por dois anos o artista pornográfico era namorado de Bolsonaro,UOL Notícias,https://noticias.uol.com.br/confere/ultimas-noticias/2026/04/15/falso-alexandre-frota-namorou-jair-bolsonaro.ghtm,Falso,2026-04-15 07:00:00,https://encrypted-tbn1.gstatic.com/images?q=tbn:ANd9GcSNIoBGRaGK7MThF5k1fQHStPjO9Vi77X6JFbPZy4UlLnWdb_4y,"['Alexandre Frota', 'Jair Bolsonaro', 'Namoro', 'Pornográfico', 'Artista']"
39,"Paulo Guedes diz que Bolsonaro não mandava na presidência e dependia dos filhos Eduardo e Flávio para aprovar tudo. Guedes diz que “cansava de reclamar que os filhos queriam colocar o dinheiro dos negócios junto com o Queiroz no orçamento secreto, sendo que o presidente Bolsonaro não sabia de nada”.",Estadão,https://www.estadao.com.br/estadao-verifica/video-paulo-guedes-filhos-bolsonaro-mandavam-presidencia-ia-falso/,Falso,2026-04-14 07:00:00,https://encrypted-tbn2.gstatic.com/images?q=tbn:ANd9GcTsMbeP_lcBBjzgp7kgFurAPwZarSUpnc7HNNijYP3KAT-9XM8K,"['Jair Bolsonaro', 'Paulo Guedes', 'Flávio Bolsonaro', 'Presidente do Brasil', 'Orçamento secreto', 'Presidente', 'Eduardo Bolsonaro', 'Negócios']"
40,Band foi pressionada a demitir comentarista após ele criticar o conluio entre o STF e a PGR contra Bolsonaro,Estadão,https://www.estadao.com.br/estadao-verifica/band-demite-comentarista-stf-bolsonaro-falso/,Falso,2026-04-13 07:00:00,https://encrypted-tbn2.gstatic.com/images?q=tbn:ANd9GcQwYGhF4YD3X2SWam8l1vcGMPu2xtPElyP-DkNe_QGabhbmAzhx,"['Procurador-Geral da República', 'Band', 'Comentarista', 'Jair Bolsonaro', 'Supremo Tribunal Federal', 'Demissão', 'Conluio']"
41,Flávio prometeu “auxílio sacolão de ossos” caso seja eleito,Aos Fatos,https://www.aosfatos.org/noticias/flavio-bolsonaro-auxilio-sacolao-osso/,Falso,2026-05-06 07:00:00,https://encrypted-tbn2.gstatic.com/images?q=tbn:ANd9GcR1s52V4Ep1YrRUuyTotVzDtoeRgnNZ1tgH2LZ80517rVW1ntV1,"['Flávio Bolsonaro', 'Osso', 'Eleição']"
42,A Polícia Federal pede a prisão do Alexandre de Moraes por fraudar Documentos falsos contra o Jair messias Bolsonaro.,UOL Notícias,https://noticias.uol.com.br/confere/ultimas-noticias/2026/04/10/falso-pf-pedido-prisao-alexandre-de-moraes.ghtm,Falso,2026-04-10 07:00:00,https://encrypted-tbn2.gstatic.com/images?q=tbn:ANd9GcRWkCX_DTBw1RIfkt4t2qIWYDdwCuqpDkoWsEaoAobX3chTlXjb,"['Alexandre de Moraes', 'Polícia Federal', 'Departamento de Polícia Federal', 'Fraude', 'Jair Bolsonaro', 'Prisão', 'Documento', 'Polícia']"
43,Gonzaguinha critica Bolsonaro em 1990,AFP Checamos,https://checamos.afp.com/doc.afp.com.A7F44KE,Falso,2026-04-10 07:00:00,https://encrypted-tbn0.gstatic.com/images?q=tbn:ANd9GcSKsGnqwO7gR22Tsdns5vsbQ6AkqxZhOwiblDW4XR17rFKtT-7R,"['Jair Bolsonaro', 'Gonzaguinha']"
44,Ludmilla denuncia Jair Bolsonaro por caso de racismo,AFP Checamos,https://checamos.afp.com/doc.afp.com.A7BB8WE,Falso,2026-04-09 07:00:00,https://encrypted-tbn1.gstatic.com/images?q=tbn:ANd9GcQ36pWM1X5_RILCDol98rHmJ50xCgvjfN6EvskCMHC_8HZAcaWn,"['Jair Bolsonaro', 'Ludmilla', 'Racismo', 'Denúncia']"
45,Em 1988 Renato Russo já dava alerta sobre Bolsonaro,BOL - UOL,https://www.bol.uol.com.br/noticias/2026/04/07/falso-videos-renato-russo-cazuza-gonzaguinha-critica-jair-bolsonaro.amp.htm,Falso,2026-04-07 07:00:00,https://encrypted-tbn3.gstatic.com/images?q=tbn:ANd9GcRIYbtsUTIxDA5G_k9Cgf5-_41oFv-INXXAzDIHF0XGQhiLs14k,"['Renato Russo', 'Jair Bolsonaro', '1988']"
46,"PF pediu prisão de Moraes, que fraudou documentos contra Jair Bolsonaro",Aos Fatos,https://www.aosfatos.org/noticias/e-falso-que-pf-pediu-prisao-de-moraes-por-fraude-documental-contra-bolsonaro/,Falso,2026-04-06 07:00:00,https://encrypted-tbn2.gstatic.com/images?q=tbn:ANd9GcQ7esHfltavBnUzdxY8FL3IqGYfURDVRXkGFcdWTBlg5nQfdjDl,"['Alexandre de Moraes', 'Jair Bolsonaro', 'Polícia Federal', 'Departamento de Polícia Federal', 'Prisão', 'Documento']"
47,Personalides como Renato Russo alertaram no passado sobre perigo que Bolsonaro representava,Estadão,https://www.estadao.com.br/estadao-verifica/videos-usam-ia-para-criar-alertas-de-gonzaguinha-renato-russo-e-cazuza-sobre-bolsonaro/,Falso,2026-04-06 07:00:00,https://encrypted-tbn2.gstatic.com/images?q=tbn:ANd9GcS7QaaJXADscfTFv4dwIqlWv57sDRjiHazuVSvwai8Wn1AtCXu4,"['Jair Bolsonaro', 'Renato Russo']"
48,"""PERNAMBUCO SURPREENDE O BRASIL. Nova pesquisa mostra um cenário que muita gente não esperava ver no Nordeste. Flávio Bolsonaro: 50,5% Lula: 38,1% Aldo Rebelo: 5,8%.Se esses números se confirmarem, não é apenas uma pesquisa. É uma mudança de vento político""",UOL Notícias,https://noticias.uol.com.br/confere/ultimas-noticias/2026/04/30/enganoso-pesquisa-pernambuco-flavio-bolsonaro-lider-lula.ghtm,Falso,2026-04-30 07:00:00,https://encrypted-tbn2.gstatic.com/images?q=tbn:ANd9GcTB1JKst3iT4ftgNngUXTrRGGPRZcd6GtAs31WN8YT0vB00oEax,"['Flávio Bolsonaro', 'Luiz Inácio Lula da Silva', 'Pesquisa', 'Político', 'Aldo Rebelo', 'Pernambuco', 'Brasil', 'Número', 'Região Nordeste do Brasil']"
49,Vídeo mostra Bolsonaro e Michelle comemorando prisão domiciliar em 2026,AFP Checamos,https://checamos.afp.com/doc.afp.com.A6LU69F,Falso,2026-04-02 07:00:00,https://encrypted-tbn0.gstatic.com/images?q=tbn:ANd9GcQjEfzoc1L4LGAQ8IHmlEuRn-mIPcW4Hs0SoeVFyW55FfCXwLyT,"['Jair Bolsonaro', 'Michelle Bolsonaro', 'Prisão domiciliar', 'Prisão', '2026', 'Vídeo']"
50,Trump disse que vai prender Lula e libertar Jair Bolsonaro,Aos Fatos,https://www.aosfatos.org/noticias/video-dublagem-falsa-trump-lula/,Falso,2026-03-31 07:00:00,https://encrypted-tbn0.gstatic.com/images?q=tbn:ANd9GcRbAn2EuAevLKij23limHeK8Q7LTgyrXv_EEN7FDmtddTdNrZoo,"['Donald Trump', 'Luiz Inácio Lula da Silva', 'Jair Bolsonaro']"
51,Jair Bolsonaro sai do hospital em pé acenando para apoiadores,Estadão,https://www.estadao.com.br/estadao-verifica/bolsonaro-acena-alta-hospital-enganoso-2025/,Falso,2026-03-30 07:00:00,https://encrypted-tbn3.gstatic.com/images?q=tbn:ANd9GcSu9T8wwHb26hWtCD6GUlUE6CqFcBrgvQ-N1czjZkRZ4UrCZ3xQ,"['Jair Bolsonaro', 'Hospital']"
52,A situação clínica do ex-presidente acaba de se agravar e informações de bastidores sugerem uma tentativa de eliminação física por agentes patogénicos colocados na sua cela,Observador,https://observador.pt/factchecks/fact-check-jair-bolsonaro-foi-envenenado-com-chumbo-dentro-da-prisao/,Errado,nan,https://encrypted-tbn3.gstatic.com/images?q=tbn:ANd9GcSPoSTekUtgc_77fQoKLZVgRXrfRC2VlIfGvKU-4cRTmZlv5x96,"['Presidente', 'Informação', 'Agente patogénico', 'Física']"
53,"Jair Bolsonaro (PL) mente sobre seu estado de saúde, pois deixou hospital caminhando e acenando",Aos Fatos,https://www.aosfatos.org/noticias/video-em-que-bolsonaro-sai-de-hospital-andando-e-de-2025/,Falso,2026-03-26 07:00:00,https://encrypted-tbn2.gstatic.com/images?q=tbn:ANd9GcTAoAbAB-ecxDjnrx-tSZfKgELBuf6ulJ2vEsDPxWL_oEnStXvU,"['Jair Bolsonaro', 'Hospital', 'Partido Liberal', 'Saúde', 'Mente']"
54,Vídeo mostra Bolsonaro deixando UTI do hospital,Estadão,https://www.estadao.com.br/estadao-verifica/video-em-que-bolsonaro-circula-em-corredor-de-hospital-foi-feito-apos-cirurgia-em-2025-nao-agora/,Falso,2026-03-25 07:00:00,https://encrypted-tbn2.gstatic.com/images?q=tbn:ANd9GcTmHjTzqNzmomPAXxeJaBT8IRBt17RaJKPSUManrgBuJOMDgAIA,"['Jair Bolsonaro', 'Hospital', 'Unidade de terapia intensiva', 'Vídeo']"
55,"Esposa do médico de Jair Bolsonaro publicou foto em que ex-presidente aparece em pé e sorridente no quarto do hospital DF Star, em Brasília, após receber alta da UTI",Aos Fatos,https://www.aosfatos.org/noticias/foto-que-mostra-bolsonaro-em-pe-e-sorridente-no-hospital-nao-e-atual/,Falso,2026-03-25 07:00:00,https://encrypted-tbn1.gstatic.com/images?q=tbn:ANd9GcSDtnO8kKLz-n7h0LHEn7jNZIJZZ4M33Qt2rSzut_QGTzDS6eZh,"['Jair Bolsonaro', 'Hospital', 'Presidente', 'Fotografia', 'Medicina', 'Unidade de terapia intensiva', 'Brasília', 'Quarto']"
56,"Governo de Jair Bolsonaro conseguiu segurar o preço da gasolina e entregá-la a R$ 4,88 em meio a guerra da Ucrânia, quando o valor do barril do petróleo chegou a custar US$ 141,00.",Estadão,https://www.estadao.com.br/estadao-verifica/preco-gasolina-brasil-inicio-guerra-ucrania-bolsonaro/,Falso,2026-03-25 07:00:00,https://encrypted-tbn1.gstatic.com/images?q=tbn:ANd9GcRlp7U66n7DANEIpISTquuwjW557okyFlTdAM5eikmK61fgAlmH,"['Jair Bolsonaro', 'Gasolina', 'Ucrânia', 'Estados Unidos', 'Guerra', 'Petróleo', 'Barril']"
57,"Cena mostra Jair Bolsonaro caminhando após receber alta da UTI e ser transferido para um quarto no hospital DF Star, em Brasília",Aos Fatos,https://www.aosfatos.org/noticias/video-bolsonaro-caminhando-hospital-2025-nao-atual/,Não_É_Bem_Assim,2026-03-24 07:00:00,https://encrypted-tbn2.gstatic.com/images?q=tbn:ANd9GcQ2F7S0IDMEbFYqV_c4jATfvCuHp1HohpaLj_DndN9qVtjERKJx,"['Jair Bolsonaro', 'Hospital', 'Unidade de terapia intensiva', 'Brasília', 'Quarto']"
58,BOLSONARO APARECE NA UTI EM VÍDEO DIVULGADO POR CARLOS BOLSONARO.,UOL Notícias,https://noticias.uol.com.br/confere/ultimas-noticias/2026/03/24/falso-video-bolsonaro-internado-uti-pneumonia.ghtm,Falso,2026-03-24 07:00:00,https://encrypted-tbn1.gstatic.com/images?q=tbn:ANd9GcSfJ4Cx5OFjwvqWCviiZ66ti46SH_7mSruQu3Dn4ZJdWHKqc3fb,"['Jair Bolsonaro', 'Carlos Bolsonaro', 'Vídeo', 'Unidade de terapia intensiva']"
59,Flávio Bolsonaro disse que irá privatizar o SUS no dia em que tomar posse como presidente da República,Estadão,https://www.estadao.com.br/estadao-verifica/flavio-bolsonaro-privatizar-sus-falso/,Falso,2026-04-14 07:00:00,https://encrypted-tbn1.gstatic.com/images?q=tbn:ANd9GcQWnK9of6ck_1P-Z74RrMta0qqKcIdwmeHIwLqHhz-uGxRFy5br,"['Flávio Bolsonaro', 'Privatização', 'Sistema Único de Saúde', 'Presidente do Brasil', 'Presidente']"
60,Bolsonaro foi envenenado na prisão,BOL - UOL,https://www.bol.uol.com.br/noticias/2026/03/20/falso-bolsonaro-internado-envenenamento-chumbo-prisao.ghtm,Falso,2026-03-20 07:00:00,https://encrypted-tbn2.gstatic.com/images?q=tbn:ANd9GcRR3RckMyhqJfwbGPbw_syXSu-CTXTgeDpOXbWAuljlYfFH7QSp,"['Jair Bolsonaro', 'Envenenamento', 'Prisão']"
61,Áudio vazado de Alexandre de Moraes dando ordem a delegado da PF para não permitir que Bolsonaro receba acompanhamento médico,Estadão,https://www.estadao.com.br/estadao-verifica/audio-ia-alexandre-de-moraes-bolsonaro-visitas/,Falso,2026-03-20 07:00:00,https://encrypted-tbn0.gstatic.com/images?q=tbn:ANd9GcQucJ0F53Jb2DS4z8Csog-oa8lgfUGJldGtKXyk9s7o1dqzfkca,"['Jair Bolsonaro', 'Alexandre de Moraes', 'Departamento de Polícia Federal', 'Polícia Federal', 'Delegado de polícia']"
62,Jair Bolsonaro está internado porque foi envenenado por algo em sua cela na Papudinha,Estadão,https://www.estadao.com.br/estadao-verifica/bolsonaro-internado-envenenado-falso/,Falso,2026-03-18 07:00:00,https://encrypted-tbn0.gstatic.com/images?q=tbn:ANd9GcQAQjh28L7PNctknYW28X5FXQCRpYWDzO-6yMI1DDpj8e7tMeYe,"['Jair Bolsonaro', 'Envenenamento', 'Hospitalização']"
63,Vídeo mostra o estado de Bolsonaro internado em 2026,AFP Checamos,https://checamos.afp.com/doc.afp.com.A3NK8WF,Falso,2026-03-17 07:00:00,https://encrypted-tbn3.gstatic.com/images?q=tbn:ANd9GcTMTDzWmSafhetK85wL9VYQi_NJUiXLPKOcDujXYrLTM_ZCalVB,"['Jair Bolsonaro', 'Hospitalização', 'Vídeo', '2026']"
64,Vídeo mostra Jair Bolsonaro internado atualmente na UTI de um hospital,Estadão,https://www.estadao.com.br/estadao-verifica/video-mostra-bolsonaro-uti-michelle-2023/,Falso,2026-03-16 07:00:00,https://encrypted-tbn2.gstatic.com/images?q=tbn:ANd9GcTWBLqU028KV6bQC0blVIQpIwd2soU7uJ-PZoLIIYpoAzYK1eVI,"['Jair Bolsonaro', 'Hospitalização', 'Hospital', 'Vídeo', 'Unidade de terapia intensiva']"
65,Flávio vai acabar com o Pix,Estadão,https://www.estadao.com.br/estadao-verifica/flavio-bolsonaro-acabar-com-pix-falso/,Falso,2026-04-06 07:00:00,https://encrypted-tbn1.gstatic.com/images?q=tbn:ANd9GcS9uidY3YI-pzbLLYqFSiyAJnjtxgenpApynaxvwLiaiikpt0BA,"['Flávio Bolsonaro', 'PIX']"
66,Fux ordena liberdade ao Bolsonaro,AFP Checamos,https://checamos.afp.com/doc.afp.com.A2V88ZQ,Falso,2026-03-11 07:00:00,https://encrypted-tbn1.gstatic.com/images?q=tbn:ANd9GcRSNh9mNI3MJcIuizdiy93WslUjlb-NFiiOMzfcpO0AHQ8u_3ol,"['Jair Bolsonaro', 'Luiz Fux', 'Liberdade']"
67,PF descobre que Moraes recebeu R$ 30 milhões por mês para prender Bolsonaro,Aos Fatos,https://www.aosfatos.org/noticias/nao-e-verdade-que-moraes-recebeu-propina-para-prender-bolsonaro/,Falso,2026-03-10 07:00:00,https://encrypted-tbn0.gstatic.com/images?q=tbn:ANd9GcRYxceSsWQ1xJGNSPEh1_gMoJckhjKEBugUg-BHRZjXRmEWzNIk,"['Alexandre de Moraes', 'Jair Bolsonaro', 'Polícia Federal', 'Departamento de Polícia Federal', 'Mês']"
68,PF descobriu que Alexandre de Moraes recebeu dinheiro para condenar Jair Bolsonaro,Estadão,https://www.estadao.com.br/estadao-verifica/e-falso-que-pf-tenha-afirmado-que-moraes-prendeu-bolsonaro-por-dinheiro/,Falso,2026-03-10 07:00:00,https://encrypted-tbn0.gstatic.com/images?q=tbn:ANd9GcQiM80iRVQmtK8IaN_9wU8fGrMw7s-YCMpsN1rZ22CsbZijcyHl,"['Alexandre de Moraes', 'Jair Bolsonaro', 'Polícia Federal', 'Departamento de Polícia Federal', 'Dinheiro', 'Condenação']"
69,Polícia Federal descobre que Moraes prendeu Bolsonaro por dinheiro,BOL - UOL,https://www.bol.uol.com.br/noticias/2026/03/09/e-falso-que-pf-descobriu-que-moraes-prendeu-bolsonaro-por-dinheiro.htm,Falso,2026-03-09 07:00:00,https://encrypted-tbn1.gstatic.com/images?q=tbn:ANd9GcQVlE6ADPqaMzoI3U5tTFEBTu5SJG3_SlyB1XlrpId5ieegAL9M,"['Jair Bolsonaro', 'Alexandre de Moraes', 'Polícia Federal', 'Departamento de Polícia Federal', 'Dinheiro', 'Polícia']"
70,Vídeo da manifestação pró Bolsonaro na Paulista em 1º de março de 2026,AFP Checamos,https://checamos.afp.com/doc.afp.com.99YJ9NQ,Falso,2026-03-04 08:00:00,https://encrypted-tbn1.gstatic.com/images?q=tbn:ANd9GcQ-1I63sk4c5IthHJ6d_DwR-2Pv8BA7s4MQl16lKhcE3ALbMqwX,"['Jair Bolsonaro', '2026', 'Março', 'Vídeo', 'Manifestação', 'São Paulo', '1 de março']"
71,Magno Malta criticou Flávio Bolsonaro e Jair Bolsonaro por 'rachadinha' e disse esperar que Flávio saísse preso de CPMI,Estadão,https://www.estadao.com.br/estadao-verifica/magno-malta-flavio-bolsonaro-jair-bolsonaro-rachadinha/,Falso,2026-03-04 08:00:00,https://encrypted-tbn3.gstatic.com/images?q=tbn:ANd9GcRDZLWZgSjpWGr5EcnPPoMsEZRndlQsfQIjUYj_5C0QjBGk7era,"['Flávio Bolsonaro', 'Magno Malta', 'Comissão parlamentar de inquérito', 'Jair Bolsonaro', 'Prisão', 'Desvio de salário de assessor']"
72,"Governo Bolsonaro gasta R$ 27,6 milhões em 4 anos no cartão corporativo. Governo Lula gasta R$ 1,4 bilhão no cartão corporativo.",UOL Notícias,https://noticias.uol.com.br/confere/ultimas-noticias/2026/02/27/post-engana-comparacao-cartao-corporativo-lula-bolsonaro.htm,Falso,2026-02-27 08:00:00,https://encrypted-tbn2.gstatic.com/images?q=tbn:ANd9GcQs1AjUx9vwLvy4J942zpn-Rg3ejLDPfOV8zd4rlc7-ghJhiMHR,"['Luiz Inácio Lula da Silva', 'Jair Bolsonaro', 'Cartão de visita', 'Governo Lula', 'Governo', 'Um bilhão', '2027']"
73,g1 publicou no X que Lulinha tem relação com Jair Bolsonaro,Aos Fatos,https://www.aosfatos.org/noticias/falso-g1-associou-lulinha-a-bolsonaro-nas-redes/,Falso,2026-02-27 08:00:00,https://encrypted-tbn0.gstatic.com/images?q=tbn:ANd9GcR9IxJTasrlc3QMQMWAV13vsPwlstIOxH8zkuJ8jz2o-W4W2ntH,"['Fábio Luís Lula da Silva', 'Jair Bolsonaro', 'g1']"
74,Galera escuta o que Leonel brizola falou sobre bolsonaro antes de morre ele ja foi gonvernador,UOL Notícias,https://noticias.uol.com.br/confere/ultimas-noticias/2026/02/27/falso-audio-leonel-brizola-acusa-bolsonaro-milicia.htm,Falso,2026-02-27 08:00:00,https://encrypted-tbn1.gstatic.com/images?q=tbn:ANd9GcS3C4yIOZK3exnDOI-t8CVmUlMbBMjmOKKYUV4C6Pt_i4ic51-P,"['Leonel Brizola', 'Jair Bolsonaro', 'Galera Bet Torcida Camisa 10 Santos FC', 'Morte']"
75,"Governo Lula gastou R$ 1,4 bilhão em cartão corporativo e Bolsonaro, R$ 27 milhões",Estadão,https://www.estadao.com.br/estadao-verifica/gastos-cartao-corporativo-lula-bolsonaro/,Falso,2026-02-26 08:00:00,https://encrypted-tbn2.gstatic.com/images?q=tbn:ANd9GcR3RLJ4AN3FnMhZ5ROMPHE7UxjX2_qQS0QXh2kye0pHMQQJZMHj,"['Luiz Inácio Lula da Silva', 'Jair Bolsonaro', 'Cartão de visita', 'Governo Lula', 'Um bilhão', '2027']"
76,"Lula usou R$ 12,4 bilhões no cartão corporativo e Bolsonaro R$ 27,6 milhões",AFP Checamos,https://checamos.afp.com/doc.afp.com.992Y7KE,Falso,2026-02-26 08:00:00,https://encrypted-tbn1.gstatic.com/images?q=tbn:ANd9GcQtX5AjB155O9S5vUjQq34TsuRYMewCjj6itYkTggS2O1yCT2O5,"['Luiz Inácio Lula da Silva', 'Cartão de visita', 'Jair Bolsonaro', 'Um bilhão', 'Rogéria Bolsonaro', '2027']"
77,MPF confirma que não houve corrupção e genocídio no governo Bolsonaro,AFP Checamos,https://checamos.afp.com/doc.afp.com.98W94CQ,Falso,2026-02-25 08:00:00,https://encrypted-tbn1.gstatic.com/images?q=tbn:ANd9GcQiqeS7HO4P6K8NXSsDEhEzWPm4hSCWBNIzQh-mPKfI1HvD30BV,"['Jair Bolsonaro', 'Ministério Público Federal', 'Ministério Público Federal', 'Corrupção', 'Governo', 'Genocídio']"
78,"Lula usou R$ 1,4 bilhão no cartão corporativo e Bolsonaro R$ 41,2 milhões",AFP Checamos,https://checamos.afp.com/doc.afp.com.98XY4WG,Falso,2026-02-25 08:00:00,https://encrypted-tbn0.gstatic.com/images?q=tbn:ANd9GcQYvI5vBqEBZiyrM4uZuJAbzFj6BdRpa9iBCcnL11hn57kifswn,"['Luiz Inácio Lula da Silva', 'Jair Bolsonaro', 'Cartão de visita', 'Rogéria Bolsonaro', 'Jair Renan Bolsonaro', 'Um bilhão']"
79,MPF confirmou que não houve corrupção no governo Bolsonaro durante a pandemia,Estadão,https://www.estadao.com.br/estadao-verifica/postagem-engana-ao-afirmar-que-mpf-confirmou-inexistencia-de-corrupcao-na-pandemia/,Falso,2026-02-25 08:00:00,https://encrypted-tbn2.gstatic.com/images?q=tbn:ANd9GcQ1wkJOCyHxg-kBIrWv5CzNJ7vXZI3eos6fkQM97xBk8FJSxdxw,"['Corrupção', 'Jair Bolsonaro', 'Ministério Público Federal', 'Ministério Público Federal', 'Pandemia', 'Governo']"
80,"Lula gastou R$ 1,4 bi no cartão corporativo e Bolsonaro apenas R$ 27 milhões",Aos Fatos,https://www.aosfatos.org/noticias/posts-enganam-ao-comparar-gastos-de-cartao-corporativo-de-lula-e-bolsonaro/,Falso,2026-02-24 08:00:00,https://encrypted-tbn0.gstatic.com/images?q=tbn:ANd9GcTKTyosxEooqGCCdT4GHmMk-LUO6ls2ZJeMozCTg8Y6xjVxe696,"['Luiz Inácio Lula da Silva', 'Jair Bolsonaro', 'Cartão de visita', '2027']"
81,"Música-tema do filme ‘Dark Horse’, sobre Bolsonaro, está entre as mais ouvidas nos EUA",Aos Fatos,https://www.aosfatos.org/noticias/e-falso-musica-filme-bolsonaro-lancada-seja-sucesso-nos-eua/,Falso,2026-02-23 08:00:00,https://encrypted-tbn1.gstatic.com/images?q=tbn:ANd9GcRtHy_jz1zjeJOQb-PvSAbdAiIUwkS35E3LX_tXHW_n63FFXdbH,"['Jair Bolsonaro', 'Dark Horse', 'Música', 'Música-tema', 'Filme', 'Estados Unidos', 'Tema']"
82,Bolsonaro explica como usou a mentira para chegar ao poder,AFP Checamos,https://checamos.afp.com/doc.afp.com.98NF8WE,Falso,2026-02-23 08:00:00,https://encrypted-tbn3.gstatic.com/images?q=tbn:ANd9GcTCc2KY1ZFke-Pzs1CvDDpfVbHMV9bSNbiLBgNFOd1dB_80B7Hl,"['Jair Bolsonaro', 'Mentira', 'Poder']"
83,"Em entrevista à revista InfoMoney, Flávio Bolsonaro (PL-RJ) propõe o fim do salário mínimo e diz que pagamento prejudica patrões",Aos Fatos,https://www.aosfatos.org/noticias/flavio-bolsonaro-nao-propos-fim-salario-minimo/,Falso,2026-03-17 07:00:00,https://encrypted-tbn2.gstatic.com/images?q=tbn:ANd9GcQpTrp6rAhgAHHTEHI7Rey7kRQX-6ZvQLIzxoP-M8ndcnd3bOt-,"['Flávio Bolsonaro', 'Salário mínimo', 'InfoMoney', 'Partido Liberal', 'Salário', 'Entrevista', 'Revista', 'Rio de Janeiro', 'Pagamento']"
84,Foto mostra Lula em frente a carro alegórico que faz alusão a Bolsonaro preso,Aos Fatos,https://www.aosfatos.org/noticias/foto-de-lula-com-alegoria-em-alusao-a-prisao-de-bolsonaro-e-gerada-por-ia/,Falso,2026-02-19 08:00:00,https://encrypted-tbn3.gstatic.com/images?q=tbn:ANd9GcR09Q7uYaR0fcRbmKFVfwO_8g9WyUBKVi33E85bvYb4MdNkmvFc,"['Luiz Inácio Lula da Silva', 'Jair Bolsonaro', 'Fotografia', 'Alusão', 'Prisão', 'Carro alegórico']"
85,Lula tirou uma selfie com um palhaço que representa o Bolsonaro no Carnaval,AFP Checamos,https://checamos.afp.com/doc.afp.com.983U6G3,Falso,2026-02-18 08:00:00,https://encrypted-tbn0.gstatic.com/images?q=tbn:ANd9GcTBjCVx53z-JiNNl0-s473lKfSPin94tRajpryJur5BmqEzn69Q,"['Luiz Inácio Lula da Silva', 'Palhaço', 'Selfie', 'Carnaval', 'Jair Bolsonaro']"
86,Leonel Brizola avisou há 22 anos sobre o governo de Jair Bolsonaro,AFP Checamos,https://checamos.afp.com/doc.afp.com.982W4T7,Falso,2026-02-18 08:00:00,https://encrypted-tbn3.gstatic.com/images?q=tbn:ANd9GcRfTyVmx_myvjop_yV7QrqGwhojSXKYTfo2eHasa87R_KyLZXCH,"['Leonel Brizola', 'Jair Bolsonaro', 'Governo', '1922']"
87,Ministro do STF determinou soltura de Bolsonaro na terça (10),Aos Fatos,https://www.aosfatos.org/noticias/posts-compartilham-video-gerado-por-ia-para-alegar-que-bolsonaro-sera-solto/,Falso,2026-02-13 08:00:00,https://encrypted-tbn0.gstatic.com/images?q=tbn:ANd9GcQV2U_WT_zDDwm6ROz7uqBs5vr2csBUT2rDpmSsDIcPQN2yKKWy,"['Jair Bolsonaro', 'Supremo Tribunal Federal', 'Ministro do Supremo Tribunal Federal do Brasil', 'Terça-feira']"
88,Foto de Vorcaro com Bolsonaro e Campos Neto,UOL Notícias,https://noticias.uol.com.br/confere/ultimas-noticias/2026/02/13/falso-foto-vorcaro-bolsonaro-campos-neto.htm,Falso,2026-02-13 08:00:00,https://encrypted-tbn2.gstatic.com/images?q=tbn:ANd9GcRx-JZ5YSnrzLDCM_nSnFhxqNy9kdwhIIT4rEWo9b0DUYRwhcdr,"['Daniel Vorcaro', 'Jair Bolsonaro', 'Roberto Campos Neto', 'Fotografia']"
89,Bolsonaro pegou 44 milhões dos aposentados e do Banco Master Canal UOL descubriu,UOL Notícias,https://noticias.uol.com.br/confere/ultimas-noticias/2026/02/10/falso-bolsonaro-r-44-milhoes-fraude-inss-banco-master.htm,Falso,2026-02-10 08:00:00,https://encrypted-tbn3.gstatic.com/images?q=tbn:ANd9GcS2q0thA5pvfDIo3ck3S_1hhhyu9xkQsMSG9L5RajNQ9IoyjfOw,"['Jair Bolsonaro', 'Banco Master', 'UOL', 'Banco', 'Canal UOL', 'Aposentadoria']"
90,Bolsonaro pegou 44 milhões dos aposentados e do Banco Master,AFP Checamos,https://checamos.afp.com/doc.afp.com.96VG8ZQ,Falso,2026-02-10 08:00:00,https://encrypted-tbn0.gstatic.com/images?q=tbn:ANd9GcSlMmrpn73yzZvJbsfLI1sH3goSb0SqtM9kozsYSKXVfhW518aJ,"['Jair Bolsonaro', 'Banco Master', 'Banco', 'Aposentadoria']"
91,Bolsonaro deixou pronta a ponte sobre o rio Araguaia,Aos Fatos,https://www.aosfatos.org/noticias/direita-esquerda-compartilham-mentiras-ponte-entre-para-e-tocantins/,Falso,2026-02-05 08:00:00,https://encrypted-tbn2.gstatic.com/images?q=tbn:ANd9GcQMaPvkqofaOEGs25LB3yS-yEw0CH8id2ZASXKBu5yA27w1viSM,"['Ponte', 'Jair Bolsonaro', 'Rio Araguaia']"
92,Bolsonaro deixou obra da ponte sobre o Rio Araguaia parada por quatro anos,Aos Fatos,https://www.aosfatos.org/noticias/direita-esquerda-compartilham-mentiras-ponte-entre-para-e-tocantins/,Falso,2026-02-05 08:00:00,https://encrypted-tbn2.gstatic.com/images?q=tbn:ANd9GcQMaPvkqofaOEGs25LB3yS-yEw0CH8id2ZASXKBu5yA27w1viSM,"['Ponte', 'Jair Bolsonaro', 'Rio Araguaia']"
93,"Foto de Vorcaro, Bolsonaro e Campos Neto juntos",AFP Checamos,https://checamos.afp.com/doc.afp.com.94ZA8T3,Falso,2026-02-03 08:00:00,https://encrypted-tbn1.gstatic.com/images?q=tbn:ANd9GcRiZiG_A7GgYuSYiKgogT21B6EmrRCiWErK42MepGtG6JT75EsB,"['Daniel Vorcaro', 'Jair Bolsonaro', 'Roberto Campos Neto', 'Fotografia']"
94,Tribunal Militar nega pedido para cassar patente de Bolsonaro.,Observador,https://observador.pt/factchecks/tribunal-militar-rejeita-pedido-para-cassar-patente-de-ex-presidente-jair-bolsonaro/,Enganador,2026-01-28 08:00:00,https://encrypted-tbn1.gstatic.com/images?q=tbn:ANd9GcRQ19CN0G8oWSnRGSvRHYkwLcywkcgCtqPBTMwftS8_r-FmEfdy,"['Jair Bolsonaro', 'Superior Tribunal Militar', 'Cassação de direitos políticos', 'Tribunal', 'Patente']"
95,Abaixo-assinado com 40 milhões de assinaturas pela libertação de Bolsonaro,Estadão,https://www.estadao.com.br/estadao-verifica/abaixo-assinado-libertar-bolsonaro-falso-ia/,Falso,2026-01-19 08:00:00,https://encrypted-tbn1.gstatic.com/images?q=tbn:ANd9GcRDUXsxwRuZ-93iwK3wc4QT-nmRa0JDhA0A8JM58yMsA-8YuPCu,"['Jair Bolsonaro', 'Abaixo-assinado', 'Assinatura']"
96,Bolsonaro apanhou na prisão. Michelle está desesperada! Conselho de Medicina solta bomba. Moraes mentiu!,UOL Notícias,https://noticias.uol.com.br/confere/ultimas-noticias/2026/01/19/falso-jair-bolsonaro-agredido-prisao.htm,Falso,2026-01-19 08:00:00,https://encrypted-tbn3.gstatic.com/images?q=tbn:ANd9GcS38mfeN8u5r-C-G7X1w2_-HXknoY7HTjr8UItsJF5WAh4sydjP,"['Jair Bolsonaro', 'Prisão', 'Alexandre de Moraes', 'Michelle Bolsonaro', 'Medicina']"
97,Médico dá somente alguns dias de vida a Bolsonaro.,Aos Fatos,https://www.aosfatos.org/noticias/bolsonaro-nao-recebeu-diagnostico-somente-alguns-dias-vida/,Falso,2026-01-16 08:00:00,https://encrypted-tbn1.gstatic.com/images?q=tbn:ANd9GcSo1utiRPMN6gUeq7fHCctjWuGTihCtbGjaBW7qyDJk_v-n8B1G,"['Jair Bolsonaro', 'Medicina', 'Dia']"
98,Papa Leão 14 mandou recado para Bolsonaro,Aos Fatos,https://www.aosfatos.org/noticias/papa-leao-14-nao-citou-bolsonaro-discurso-recente/,Falso,2026-01-07 08:00:00,https://encrypted-tbn1.gstatic.com/images?q=tbn:ANd9GcROe3O5XHl_-ZwLoV_4bmwBqORbSSSEboyJj6ecPj1jckNfM5w5,"['Papa Leão XIV', 'Papa', 'Jair Bolsonaro', 'Mensagem']"
99,"Advogados do ex-presidente Jair Bolsonaro alegam Alzheimer para tentar o ""Mito"" em prisão domiciliar.",Observador,https://observador.pt/factchecks/fact-check-defesa-de-jair-bolsonaro-alegou-que-o-ex-presidente-tem-alzheimer/,Errado,2025-12-29 08:00:00,https://encrypted-tbn3.gstatic.com/images?q=tbn:ANd9GcT2cAc_FkeoB3Xu9QtmTLoD0HX9vIxYwAaLxriPkUnMQlofKg_y,"['Jair Bolsonaro', 'Doença de Alzheimer', 'Presidente', 'Prisão domiciliar', 'Prisão', 'Advogado', 'Mito']"
100,Vídeo mostra Bolsonaro deixando hospital em 12 de dezembro após ser curado de câncer,Estadão,https://www.estadao.com.br/estadao-verifica/bolsonaro-hospital-cirurgia/,Falso,2025-12-16 08:00:00,https://encrypted-tbn3.gstatic.com/images?q=tbn:ANd9GcRMmSHtOoPEdOXq10NWxFq-deMnJNgfQUVgoDjBGTuFxP8NfRgk,"['Jair Bolsonaro', 'Hospital', 'Dezembro', 'Câncer', 'Vídeo']"
101,Vídeo mostra momento em que Bolsonaro deixa um hospital após exames de rotina e descobre estar curado do câncer,Aos Fatos,https://www.aosfatos.org/noticias/video-bolsonaro-hospital-abril-nao-atual/,Falso,2025-12-16 08:00:00,https://encrypted-tbn2.gstatic.com/images?q=tbn:ANd9GcS_mhyR5vO19CsvB0zFrFO_wijE7kYIYidZBWB-lBBKSz80JJ74,"['Jair Bolsonaro', 'Hospital', 'Vídeo', 'Câncer']"
102,Bolsonaro passou mal na prisão e foi levado às pressas ao hospital nesta quinta (11),Aos Fatos,https://www.aosfatos.org/noticias/bolsonaro-hospital-11-dezembro-2025/,Falso,2025-12-12 08:00:00,https://encrypted-tbn3.gstatic.com/images?q=tbn:ANd9GcRVnE6ie13wMapu_mgc8MtOM1vCXiYqR-5BZK3323uV5vIXyy54,"['Jair Bolsonaro', 'Hospital', 'Prisão']"
103,Vídeo mostra Bolsonaro recebendo alta no dia 11/12 após ser hospitalizado,Aos Fatos,https://www.aosfatos.org/noticias/bolsonaro-nao-foi-para-hospital-nem-recebeu-alta-no-dia-11-de-dezembro/,Falso,2025-12-12 08:00:00,https://encrypted-tbn3.gstatic.com/images?q=tbn:ANd9GcTlLHsL278v0Mgg59oItgo2jCpmjraodGDGVj5rQsA2NltJSsy_,"['Jair Bolsonaro', 'Dia', 'Hospitalização', 'Vídeo']"
104,Protesto contra a prisão de Bolsonaro.,Observador,https://observador.pt/factchecks/fact-check-video-mostra-protesto-contra-prisao-do-ex-presidente-brasileiro-jair-bolsonaro/,Errado,2025-12-11 08:00:00,https://encrypted-tbn3.gstatic.com/images?q=tbn:ANd9GcSPoSTekUtgc_77fQoKLZVgRXrfRC2VlIfGvKU-4cRTmZlv5x96,"['Jair Bolsonaro', 'Protesto', 'Prisão de Jair Bolsonaro', 'Prisão']"
105,Ministro Luiz Fux diz que Bolsonaro vai ser volto e será candidato à Presidência,Estadão,https://www.estadao.com.br/estadao-verifica/fux-bolsonaro-vai-ser-solto-e-sera-candidato-presidencia-falso-ia/,Falso,2025-12-04 08:00:00,https://encrypted-tbn0.gstatic.com/images?q=tbn:ANd9GcQi1U18gHsNhBNmIEy_PNX40_f-bvON7OzKceF7w7mxcYmT8CBW,"['Jair Bolsonaro', 'Luiz Fux', 'Presidente do Brasil', 'Ministro', 'Candidato']"
106,Protesto contra a prisão definitiva de Bolsonaro,Estadão,https://www.estadao.com.br/estadao-verifica/video-bolsonaro-manifestacao-prisao-goiania-fora-de-contexto/,Parcialmente verdadeiro,2025-12-01 08:00:00,https://encrypted-tbn1.gstatic.com/images?q=tbn:ANd9GcS_NV37J_1eb_qshMD0fDi3gQf8WJtLwmsZFyzZujqx1tOfk0DM,"['Jair Bolsonaro', 'Protesto', 'Prisão']"
107,Vídeo mostra Bolsonaro recebendo atendimento médico na sede da PF após prisão,Aos Fatos,https://www.aosfatos.org/noticias/video-mostra-atendimento-medico-a-bolsonaro-em-abril-nao-apos-prisao/,Falso,2025-12-01 08:00:00,https://encrypted-tbn0.gstatic.com/images?q=tbn:ANd9GcTy-oWlh0fPhu7gIw-Y69zTXxppCX0Bxa_kudzvoR7nvxQkYaUa,"['Jair Bolsonaro', 'Prisão', 'Medicina', 'Departamento de Polícia Federal', 'Polícia Federal', 'Vídeo']"
108,Caminhoneiros começam a parar após prisão de Bolsonaro,AFP Checamos,https://checamos.afp.com/doc.afp.com.86GN9G4,Falso,2025-11-28 08:00:00,https://encrypted-tbn2.gstatic.com/images?q=tbn:ANd9GcQmOaE8cL-C5r0txaCvLiWsGhgS8dSHb2kN5-TBlMIUIcOiUqxJ,"['Jair Bolsonaro', 'Prisão de Jair Bolsonaro', 'Prisão', 'Caminhoneiro']"
109,Putin diz que na Rússia golpistas são executados em referência à prisão de Bolsonaro,AFP Checamos,https://checamos.afp.com/doc.afp.com.86J4463,Falso,2025-11-28 08:00:00,https://encrypted-tbn0.gstatic.com/images?q=tbn:ANd9GcRFOBtq8Bzm_hkzG1auxyEd6Ugeh60jB_DgUjwhx-J70CBnSxbn,"['Jair Bolsonaro', 'Vladimir Putin', 'Prisão de Jair Bolsonaro', 'Rússia', 'Prisão']"
110,Porta-voz dos EUA anunciou uma resposta militar à prisão de Bolsonaro,AFP Checamos,https://checamos.afp.com/doc.afp.com.86968ZQ,Falso,2025-11-26 08:00:00,https://encrypted-tbn0.gstatic.com/images?q=tbn:ANd9GcQ73rJmvbUJxLqgJ6Z0ukY1JA109NSzT2f_gpDnKdtbr_M8yive,"['Jair Bolsonaro', 'Prisão de Jair Bolsonaro', 'Porta-voz', 'Estados Unidos', 'Prisão']"
111,Cenas mostram protestos contra a prisão de Jair Bolsonaro (PL) no dia 22 de novembro de 2025,Aos Fatos,https://www.aosfatos.org/noticias/e-falso-que-videos-mostram-protestos-recentes-contra-prisao-de-bolsonaro/,Falso,2025-11-24 08:00:00,https://encrypted-tbn0.gstatic.com/images?q=tbn:ANd9GcTkdLaw7XNQZKzmNLEyZBaEmaZCyaZV0pOWq4CWFUDYuPEkPzgn,"['Jair Bolsonaro', 'Protesto', 'Prisão', 'Partido Liberal', 'Dia', '2025', 'Novembro', 'Ação Penal 2668']"
112,"Indígenas seguram faixa na qual está escrito: ""Libertem Bolsonaro""",UOL Notícias,https://noticias.uol.com.br/confere/ultimas-noticias/2025/11/19/falso-indigenas-pedido-libertacao-bolsonaro.htm,Falso,2025-11-19 08:00:00,https://encrypted-tbn2.gstatic.com/images?q=tbn:ANd9GcTGu6c1u4g5diy_IYNJCSChAXGTBjb7GCKwveguC-0cH2dLabDZ,"['Jair Bolsonaro', 'Indígenas']"
113,"Superior Tribunal Militar disse que Bolsonaro não pode cumprir pena no presídio da Papuda, em Brasília",Aos Fatos,https://www.aosfatos.org/noticias/superior-tribunal-militar-nao-impediu-bolsonaro-de-cumprir-pena-na-papuda/,Falso,2025-11-14 08:00:00,https://encrypted-tbn3.gstatic.com/images?q=tbn:ANd9GcTBcgxm1ie6G9RgfQKWaAVXVk75utZXgC1YprD-0XOBYJY2mW8M,"['Jair Bolsonaro', 'Superior Tribunal Militar', 'Complexo Penitenciário da Papuda', 'Sanção penal', 'Brasília', 'Penitenciária']"
114,Post diz que obra da ponte que liga Pará e Tocantins foi feita apenas no governo Lula,Folha - UOL,https://www1.folha.uol.com.br/mercado/2025/11/ponte-que-liga-para-e-tocantins-comecou-a-ser-construida-no-governo-bolsonaro.shtml,Falso,2025-11-27 08:00:00,https://encrypted-tbn0.gstatic.com/images?q=tbn:ANd9GcTVsiGon0L1zFQC7YalFdz4xWI5NbiZJNMF3O5gAFImKPb9QZ1p,"['Tocantins', 'Governo', 'Luiz Inácio Lula da Silva', 'Pará', 'Governo Lula']"
115,Donald Trump nomeou Jair Bolsonaro para cargo em comissão internacional e ele terá imunidade total,Estadão,https://www.estadao.com.br/estadao-verifica/trump-nomeou-bolsonaro-para-liderar-comissao-imunidade-total-falso/,Falso,2025-10-24 07:00:00,https://encrypted-tbn3.gstatic.com/images?q=tbn:ANd9GcROcd0roArhd4Fi7cofScuR754SyIvnYSE1_aDIM3zySoZLevvC,"['Jair Bolsonaro', 'Donald Trump', 'Imunidade', 'Internacional']"
116,Personalidades fazem campanha em apoio a Jair Bolsonaro,AFP Checamos,https://checamos.afp.com/doc.afp.com.79P33CR,Falso,2025-10-22 07:00:00,https://encrypted-tbn2.gstatic.com/images?q=tbn:ANd9GcRpZ8MPw5WoIP3nLREFdLxbKxa0o3xM97Y-arAMu6h5I6e_-K7L,"['Jair Bolsonaro', 'Personalidade']"
117,Trump concederá imunidade total a Bolsonaro por meio de cargo internacional,AFP Checamos,https://checamos.afp.com/doc.afp.com.79NJ7WE,Falso,2025-10-22 07:00:00,https://encrypted-tbn3.gstatic.com/images?q=tbn:ANd9GcSpumCQNUxYflvAZ0vl7jtRpA2MAcwW1o4SZ_imnMBCEXBxHjns,"['Jair Bolsonaro', 'Donald Trump', 'Imunidade']"
118,Moraes retira segurança pessoal de Bolsonaro e aumenta risco de atentado,UOL Notícias,https://noticias.uol.com.br/confere/ultimas-noticias/2025/10/09/enganoso-moraes-retirou-seguranca-jair-bolsonaro.htm,Falso,2025-10-09 07:00:00,https://encrypted-tbn0.gstatic.com/images?q=tbn:ANd9GcRD30mbi1Q3Nm3Bp-VZR3ps--zy-Dt4nXZvw-eWNjqGRRVQakyC,"['Alexandre de Moraes', 'Jair Bolsonaro', 'Ataque']"
119,Alexandre de Moraes retirou toda a segurança pessoal de Bolsonaro,Aos Fatos,https://www.aosfatos.org/noticias/moraes-nao-retirou-seguranca-pessoal-bolsonaro/,Falso,2025-10-01 07:00:00,https://encrypted-tbn1.gstatic.com/images?q=tbn:ANd9GcSjrOH1vpM0q5JD010MDibk8iOONN7NIvQc8xhHRhXnaBs5YESZ,"['Jair Bolsonaro', 'Alexandre de Moraes', 'Segurança']"
120,Alexandre de Moraes suspende direito de Bolsonaro contar com seguranças e carros oficiais,Estadão,https://www.estadao.com.br/estadao-verifica/alexadre-moraes-suspende-seguranca-bolsonaro-enganoso/,Falso,2025-09-30 07:00:00,https://encrypted-tbn0.gstatic.com/images?q=tbn:ANd9GcTrb3-2pCm5EmV-L_lNOWBzq-xGj__WP94D6txLFXLpB9SFDM-3,"['Jair Bolsonaro', 'Alexandre de Moraes', 'Direito', 'Automóvel', 'Oficial', 'Veículo oficial']"
121,Conde de Portugal escreveu texto laudatório sobre Bolsonaro.,Observador,https://observador.pt/factchecks/fact-check-conde-portugal-escreveu-texto-laudatorio-sobre-bolsonaro/,Errado,2025-09-29 07:00:00,https://encrypted-tbn2.gstatic.com/images?q=tbn:ANd9GcRYsXQn4r4NuEpM5o3WVvqCab8KT50GaZ2iGuW6zWyGIEAe7n49,"['Jair Bolsonaro', 'Portugal', 'Texto']"
122,"""Careca do INSS"" doou R$ 1 milhão para Jair Bolsonaro nas eleições de 2022",Estadão,https://www.estadao.com.br/estadao-verifica/site-do-tse-mostra-que-careca-do-inss-doou-r-1-a-campanha-de-bolsonaro-em-2022-e-nao-r-1-milhao/,Falso,2025-09-15 07:00:00,https://encrypted-tbn1.gstatic.com/images?q=tbn:ANd9GcTxlvddIRxnD3uroVGdwEu_8j8syVgzTPg51rdI3c2sDk0ov7Uo,"['Careca do INSS', 'Jair Bolsonaro', '2022', 'Eleição', 'Eleições presidenciais brasileiras, 2022']"
123,"Trump peita Lula, defende Bolsonaro e ameaça desrtíuir economia brasil, se Moares continua com perseguição",UOL Notícias,https://noticias.uol.com.br/comprova/ultimas-noticias/2025/09/08/perfis-no-tiktok-usam-ia-para-disseminar-desinformacao-sobre-politica.htm,Falso,2025-09-08 07:00:00,https://encrypted-tbn1.gstatic.com/images?q=tbn:ANd9GcT83fIEGsaLyiyoclzWFxOIR1U9lQh1BknOZpwDCfh0coHvxqGa,"['Donald Trump', 'Jair Bolsonaro', 'Luiz Inácio Lula da Silva', 'Brasil', 'Economia']"
124,"Foi declarada hoje uma nova sanção que pode eleger o capitão em 2026, mas que para isso aconteça ele precisa da sua ajuda. O STF determinou que se a multa de 30 milhões for paga na data prevista, o líder pode concorrer à presidência em 2026.",Observador,https://observador.pt/factchecks/fact-check-bolsonaro-pode-concorrer-as-eleicoes-presidenciais-de-pagar-multa-de-30-milhoes/,Errado,nan,https://encrypted-tbn0.gstatic.com/images?q=tbn:ANd9GcTAdCTWXjkK3C4HGBdeSodJVXcPYdtk8Hv0Pr7jKseaWXg2fu4y,"['Presidente do Brasil', 'Multa', 'Sanção jurídica', 'Supremo Tribunal Federal', '2026']"
125,"MOTOCIATA EM BRASÍLIA AGORA REAJA BRASIL! Ex-assessor de Alexandre de Moraes revela provas que podem mudar tudo e suspender o julgamento do presidente Jair Bolsonaro""",UOL Notícias,https://noticias.uol.com.br/confere/ultimas-noticias/2025/09/05/video-de-motociata-em-brasilia-e-de-julho-e-nao-tem-relacao-com-tagliaferro.htm,Falso,2025-09-05 07:00:00,https://encrypted-tbn3.gstatic.com/images?q=tbn:ANd9GcRzWkLVQO--qYHOoVtOmMQAgKln8LwrjG3RpxoQnVFv0q4ZvsVD,"['Alexandre de Moraes', 'Brasília', 'Jair Bolsonaro', 'Presidente', 'Brasil', 'Prova', 'Sentença', 'Conselheiro']"
126,PGR se manifestou recentemente contra pedido de prisão de Bolsonaro,Aos Fatos,https://www.aosfatos.org/noticias/parecer-da-pgr-contra-prisao-de-jair-bolsonaro-e-de-abril-nao-recente/,Falso,2025-08-15 07:00:00,https://encrypted-tbn2.gstatic.com/images?q=tbn:ANd9GcSNwgy6rDxDGpwUpcuNBpkYHnoUub30KM_M00aZlQL6OPpmW-DO,"['Jair Bolsonaro', 'Prisão de Jair Bolsonaro', 'Prisão', 'Procurador-Geral da República']"
127,Foto mostra apoiadores em frente à casa de Bolsonaro após decretação de prisão domiciliar,Aos Fatos,https://www.aosfatos.org/noticias/foto-nao-mostra-manifestacao-de-apoiadores-apos-prisao-domiciliar-de-bolsonaro/,Falso,2025-08-06 07:00:00,https://encrypted-tbn1.gstatic.com/images?q=tbn:ANd9GcSAhb9ipL_o-eFiYetMz7ecB4T2GXlLJC4Kkkv1MYnkUk1UcnyS,"['Jair Bolsonaro', 'Prisão domiciliar', 'Prisão', 'Fotografia', 'Casa']"
128,STF suspende todas as prisões de Bolsonaro e ele está elegível novamente,Estadão,https://www.estadao.com.br/estadao-verifica/falso-stf-suspendeu-prisao-bolsonaro-elegivel/,Falso,2025-07-30 07:00:00,https://encrypted-tbn1.gstatic.com/images?q=tbn:ANd9GcSMCrjFqOE4p8K9ZdCAw46WcHFEfaBY_9yVihZw9P3632tR_1xr,"['Jair Bolsonaro', 'Supremo Tribunal Federal', 'Prisão']"
129,PRETA GIL ELA ESCREVEU PRA BOLSONARO ANTES DE MORRER? O CONTEÚDO VAZOU!,UOL Notícias,https://noticias.uol.com.br/confere/ultimas-noticias/2025/07/29/preta-gil-carta-perdao-jair-bolsonaro-falso.htm,Falso,2025-07-29 07:00:00,https://encrypted-tbn0.gstatic.com/images?q=tbn:ANd9GcSphHVc2aeHnZKcsn1egngCGi6vrXg3-ib9r8xG9STEM_RqYlJH,"['Preta Gil', 'Jair Bolsonaro', 'O Conteúdo', 'Vazamento']"
130,Vídeo mostra pastores abençoando tornozeleira de Bolsonaro,Aos Fatos,https://www.aosfatos.org/noticias/video-nao-mostra-bencao-a-tornozeleira-de-bolsonaro/,Falso,2025-07-24 07:00:00,https://encrypted-tbn1.gstatic.com/images?q=tbn:ANd9GcQw7rAVD6yEOL4WAk3JYtFkfb-n_ce2h-stlGklyYJiyjnHcI__,"['Jair Bolsonaro', 'Tornozeleira', 'Vídeo', 'Pastor']"
131,Trump diz que pode buscar Bolsonaro se necessário,AFP Checamos,https://checamos.afp.com/doc.afp.com.67RQ49E,Falso,2025-07-24 07:00:00,https://encrypted-tbn0.gstatic.com/images?q=tbn:ANd9GcQmMixKEwEBYtxPTPJcgqYTH2ZLO1ps7fUV6tebJOyLLxOEIhgl,"['Jair Bolsonaro', 'Donald Trump']"
132,Trump diz que Bolsonaro é seu amigo e que irá buscá-lo no Brasil,Aos Fatos,https://www.aosfatos.org/noticias/trump-nao-disse-que-bolsonaro-e-seu-amigo-e-que-pode-vir-busca-lo-no-brasil/,Falso,2025-07-24 07:00:00,https://encrypted-tbn2.gstatic.com/images?q=tbn:ANd9GcQdoWtWu-UjobME7UGG-0aZXfLueTnlRS6bTeUsktrlCRngumkj,"['Jair Bolsonaro', 'Donald Trump', 'Brasil', 'Irã']"
133,"Posts no X estão viralizando ao questionar se o ex-presidente Jair Bolsonaro (PL), 70, estaria ou não velho demais para ser preso. As publicações foram feitas tanto por perfis de direita —segundo os quais ele não poderia ir para a prisão por conta da idade—, quanto por de esquerda —que, ao comparar com o caso do presidente Lula (PT), preso aos 72, dizem que há a possibilidade.",Folha - UOL,https://www1.folha.uol.com.br/poder/2025/07/idade-nao-e-empecilho-para-prisao-de-bolsonaro-caso-seja-condenado.shtml,Explica,2025-07-21 07:00:00,https://encrypted-tbn3.gstatic.com/images?q=tbn:ANd9GcTPBP3kfCvFnQ78_ProUOHFHeYaK_V_HQIvpK6ihA4is4yXvGqQ,"['Jair Bolsonaro', 'Prisão', 'Luiz Inácio Lula da Silva', 'Partido Liberal', 'Presidente', 'Partido dos Trabalhadores']"
134,Alexandre de Moraes anunciou que Bolsonaro irá fugir para os EUA,Aos Fatos,https://www.aosfatos.org/noticias/moraes-nao-anunciou-que-bolsonaro-esta-planejando-fugir-do-brasil/,Falso,2025-07-16 07:00:00,https://encrypted-tbn0.gstatic.com/images?q=tbn:ANd9GcQbWK1bRZza2loC3kwUyZzP2l89UxoTeFIHvcgCtBmdxP0R5V8o,"['Jair Bolsonaro', 'Alexandre de Moraes', 'Estados Unidos', 'Irã']"
135,Moraes faz novo pronunciamento! Nosso capitão vai voltar,AFP Checamos,https://checamos.afp.com/doc.afp.com.68GG3T3,Falso,2025-07-31 07:00:00,https://encrypted-tbn2.gstatic.com/images?q=tbn:ANd9GcTWEDECsiDqjPyyHCkk0XJ534OAUC2XVOrUTLVZLOL719VjIMQz,"['Alexandre de Moraes', 'Pronunciamento']"
136,"Flávio Bolsonaro, que também está no inquérito do golpe, acaba de fugir do Brasil. O golpista foi para a Europa.",Observador,https://observador.pt/factchecks/fact-check-filho-de-bolsonaro-fugiu-do-brasil-para-a-europa-para-escapar-a-investigacao-sobre-golpe-de-estado/,Enganador,2025-07-28 07:00:00,nan,"['Flávio Bolsonaro', 'Golpe de Estado', 'Brasil', 'Europa']"
137,Projeto em discussão no Senado prevê sete anos de reclusão para quem duvidar do sistema eleitoral.,Estadão,https://www.estadao.com.br/estadao-verifica/quem-duvidar-das-urnas-7-anos-de-prisao-enganoso/,Falso,2025-06-12 07:00:00,https://encrypted-tbn3.gstatic.com/images?q=tbn:ANd9GcT08coUN0dMUjm4Gqhmbf-eGskOeDMNAVusOY8P0KIsxs_fucxo,"['Eleição', 'Senado Federal do Brasil', 'Sistema eleitoral do Brasil', 'Projeto', 'Reclusão', 'discussão']"
138,"Daí eu convidei os embaixadores para mostrar o inquérito 1361, e com todo respeito, mesmo que seja um outro... Um outro foco, um inquérito, após a minha conversa com os embaixadores, no dia seguinte, ser classificado como confidencial, a gente fica um pouco surpreso com isso",Aos Fatos,https://www.aosfatos.org/noticias/no-stf-bolsonaro-mente-ao-responder-acusacoes-de-fraude-e-golpismo/,Falso,2025-06-10 07:00:00,https://encrypted-tbn0.gstatic.com/images?q=tbn:ANd9GcTtJfe5Q5m4K0MerercIal7vZboM6cACEou9CeDpdSLHc8K4DW2,"['1361', 'Inquérito policial', 'Embaixador']"
139,"Quando nós peticionamos o TSE sobre possíveis vulnerabilidades, no dia seguinte não foi acolhido, não se discute nada mais além disso, e nos surpreendeu uma multa de R$ 22 milhões. Essa multa nos abalou e, no nosso entendimento, se a gente viesse a recorrer da multa ou da petição a multa poderia ser agravada e outras coisas poderiam acontecer",Aos Fatos,https://www.aosfatos.org/noticias/no-stf-bolsonaro-mente-ao-responder-acusacoes-de-fraude-e-golpismo/,Falso,2025-06-10 07:00:00,https://encrypted-tbn0.gstatic.com/images?q=tbn:ANd9GcTtJfe5Q5m4K0MerercIal7vZboM6cACEou9CeDpdSLHc8K4DW2,"['Tribunal Superior Eleitoral', '2022', 'Multa', 'Compreensão', 'Abaixo-assinado']"
140,"Na semana seguinte ao segundo turno de 2018, foi instalado o inquérito 1361 para apurar inconsistências, fragilidade do sistema eleitoral.",Aos Fatos,https://www.aosfatos.org/noticias/no-stf-bolsonaro-mente-ao-responder-acusacoes-de-fraude-e-golpismo/,Falso,2025-06-10 07:00:00,https://encrypted-tbn0.gstatic.com/images?q=tbn:ANd9GcTtJfe5Q5m4K0MerercIal7vZboM6cACEou9CeDpdSLHc8K4DW2,"['Eleição', '2018', 'Sistema eleitoral do Brasil', '1361', 'Semana', 'Inquérito policial']"
141,"Eu ouvi a declaração do ministro José Múcio, da Defesa, no Roda Viva, há poucos meses, ele falando que o 8 de Janeiro não foi golpe. Também o ex-ministro Aldo Rebelo, a mesma coisa. Também o ex-ministro da Defesa, Nelson Jobim, a mesma coisa — que foi presidente do TSE, inclusive. Outras [pessoas]... José Sarney… todo mundo falando isso, respeitosamente.",Aos Fatos,https://www.aosfatos.org/noticias/no-stf-bolsonaro-mente-ao-responder-acusacoes-de-fraude-e-golpismo/,Não_É_Bem_Assim,2025-06-10 07:00:00,https://encrypted-tbn0.gstatic.com/images?q=tbn:ANd9GcTtJfe5Q5m4K0MerercIal7vZboM6cACEou9CeDpdSLHc8K4DW2,"['Presidente', 'Tribunal Superior Eleitoral', 'José Sarney', 'José Múcio', 'Ministro', 'Nelson Jobim', 'Aldo Rebelo', 'Ministério da Defesa', 'Ataques de 8 de janeiro em Brasília']"
142,"O outro lado podia tudo, até acusar de genocida",Aos Fatos,https://www.aosfatos.org/noticias/no-stf-bolsonaro-mente-ao-responder-acusacoes-de-fraude-e-golpismo/,Falso,2025-06-10 07:00:00,https://encrypted-tbn0.gstatic.com/images?q=tbn:ANd9GcTtJfe5Q5m4K0MerercIal7vZboM6cACEou9CeDpdSLHc8K4DW2,"['Genocídio', 'Oferecimento de denúncia']"
143,"Aquelas 1.500 pessoas, pobres, coitadas, que até foi levantada por um dos que me antecederam agora há pouco aqui. Cem ônibus chegaram na região do setor ambiental urbano, na madrugada de domingo. E o pessoal foi embora logo depois da baderna e sobrou para quem estava acampado aqui. Quem realmente fez foi embora.",Aos Fatos,https://www.aosfatos.org/noticias/no-stf-bolsonaro-mente-ao-responder-acusacoes-de-fraude-e-golpismo/,Falso,2025-06-10 07:00:00,https://encrypted-tbn0.gstatic.com/images?q=tbn:ANd9GcTtJfe5Q5m4K0MerercIal7vZboM6cACEou9CeDpdSLHc8K4DW2,"['Logotipo', 'Pobreza', 'Ônibus', 'Meio ambiente']"
144,Foi pedida a prisão de Bolsonaro; Polícia Federal monitora fuga,Estadão,https://www.estadao.com.br/estadao-verifica/pedido-prisao-bolsonaro-delacao-mourao-enganoso/,Falso,2025-06-06 07:00:00,https://encrypted-tbn1.gstatic.com/images?q=tbn:ANd9GcRDWGf33BoFxxxKI795wsyVGjrkzUeYS-C7s1U8qe1udnmJF1IH,"['Jair Bolsonaro', 'Prisão de Jair Bolsonaro', 'Prisão', 'Departamento de Polícia Federal', 'Polícia Federal', 'Polícia']"
145,Bolsonaro divulgou plataforma Petrobras Investe em entrevista ao UOL,Aos Fatos,https://www.aosfatos.org/noticias/posts-manipulam-video-de-bolsonaro-para-divulgar-plataforma-de-investimentos/,Falso,2025-06-02 07:00:00,https://encrypted-tbn1.gstatic.com/images?q=tbn:ANd9GcTbE9olImDTMXBE77xOFcPOuHCjkJB96WPt1DGohYFjFpIgSkji,"['Jair Bolsonaro', 'Petrobras', 'Entrevista', 'Petrobras', 'UOL']"
146,Bolsonaro foi aplaudido na chegada ao próprio julgamento,Estadão,https://www.estadao.com.br/estadao-verifica/video-bolsonaro-aplaudido-julgamento-stf-falso/,Falso,2025-05-26 07:00:00,https://encrypted-tbn3.gstatic.com/images?q=tbn:ANd9GcTtOdYmTUyy1kRl8b--8qOwTaABS2e3U9xsTayV6FmNARhisJ3x,"['Jair Bolsonaro', 'Sentença']"
147,Donald Trump declarou apoio a Jair Bolsonaro em 2026,Aos Fatos,https://www.aosfatos.org/noticias/trump-nao-declarou-apoio-a-bolsonaro-nas-eleicoes-de-2026/,Falso,2025-05-23 07:00:00,https://encrypted-tbn0.gstatic.com/images?q=tbn:ANd9GcTD60QNx7Xg2BnRgQmWqALjF9549PTee7UrAUZ9lo_7XGTqIeom,"['Jair Bolsonaro', 'Donald Trump', '2026']"
148,Donald Trump declarou apoio a Bolsonaro nas eleições de 2026 durante evento da Nascar,Estadão,https://www.estadao.com.br/estadao-verifica/falso-donald-trump-apoio-jair-bolsonaro-corrida-florida/,Falso,2025-05-22 07:00:00,https://encrypted-tbn0.gstatic.com/images?q=tbn:ANd9GcQk1SwqVrFU7oDJRtikCwDFMnAsWjT_-w4djIyEZjvHL5HfBiic,"['Jair Bolsonaro', 'Donald Trump', 'Eleição', 'NASCAR']"
149,Reportagem do Jornal Nacional mostra que Bolsonaro é inocente da acusação de golpe de Estado,Aos Fatos,https://www.aosfatos.org/noticias/jornal-nacional-nao-veiculou-reportagem-que-afirma-que-bolsonaro-e-inocente/,Falso,2025-05-20 07:00:00,https://encrypted-tbn3.gstatic.com/images?q=tbn:ANd9GcQQdF9UHOjg9S69-f1Jrec5HKXcCqpQMGI-YuDXA1jjJNb6oTW_,"['Jair Bolsonaro', 'Jornal Nacional', 'Reportagem', 'Golpe de Estado', 'Estado', 'Acusação']"
150,Papa Leão XIV citou o ex-presidente Jair Bolsonaro como “exemplo de líder que defende a fé cristã” e orou por ele.,Estadão,https://www.estadao.com.br/estadao-verifica/papa-leao-xiv-bolsonaro-lider-defende-a-fe-crista-falso/,Falso,2025-05-14 07:00:00,https://encrypted-tbn2.gstatic.com/images?q=tbn:ANd9GcRriv4XWvVRefm2wJMN31H8Dbxtp6w4JM1-QjAJbuWjURGt1QZm,"['Jair Bolsonaro', 'Papa Leão XIV', 'Papa', 'Fé', 'Presidente', 'Cristianismo']"
151,Diretor-geral delegado da Polícia Federal acaba de afirmar quem mandou matar Jair Bolsonaro foi Lula com o STF. Entendeu agora porque querem controlar as redes sociais?,UOL Notícias,https://noticias.uol.com.br/confere/ultimas-noticias/2025/05/13/falso-pf-lula-stf-mandou-matar-bolsonaro.htm,Falso,2025-05-13 07:00:00,https://encrypted-tbn0.gstatic.com/images?q=tbn:ANd9GcTy-BheXcTBVseclIRrQLop7OKb17lOwX6XNkA843dP4728Bt2L,"['Jair Bolsonaro', 'Departamento de Polícia Federal', 'Polícia Federal', 'Luiz Inácio Lula da Silva', 'Diretor-geral', 'Supremo Tribunal Federal', 'Polícia', 'Delegado de polícia']"
152,Papa Leão 14 citou Jair Bolsonaro em sua primeira missa como um dos líderes que defendem a igreja,Aos Fatos,https://www.aosfatos.org/noticias/papa-leao-14-nao-citou-bolsonaro-primeira-missa/,Falso,2025-05-13 07:00:00,https://encrypted-tbn2.gstatic.com/images?q=tbn:ANd9GcS4AucXd-kJmoKBNy561WpuTFIWqhx2h0hZch7Wyq8Roz2z9w_B,"['Papa Leão XIV', 'Papa', 'Jair Bolsonaro', 'Missa', 'Igreja']"
153,Trump visita Bolsonaro no hospital secretamente,Projeto Comprova,https://projetocomprova.com.br/publica%C3%A7%C3%B5es/donald-trump-nao-visitou-bolsonaro-em-hospital-em-brasilia-ao-contrario-do-que-diz-post-viral/,Falso,2025-05-08 07:00:00,nan,"['Jair Bolsonaro', 'Donald Trump', 'Hospital']"
154,URGENTE Conselheiro de Trump diz a Bolsonaro: o que vai acontecer amanhã será MUITO importante,AFP Checamos,https://checamos.afp.com/doc.afp.com.44ZK2ZP,Falso,2025-05-08 07:00:00,https://encrypted-tbn2.gstatic.com/images?q=tbn:ANd9GcRoczkHg51pefUbSohHnoF0FpI_mJqM-KEAOzx55QeeCbH-ux1x,"['Jair Bolsonaro', 'Donald Trump']"
155,Moraes solicitou a PGR pedido de prisão contra Bolsonaro,Estadão,https://www.estadao.com.br/estadao-verifica/alexandre-de-moraes-prisao-preventiva-pgr-bolsonaro/,Falso,2025-04-03 07:00:00,https://encrypted-tbn2.gstatic.com/images?q=tbn:ANd9GcS9yrVG2af4f2Tda3TabboL6IERq2yvjmZhYqp0meG-d822LkJp,"['Alexandre de Moraes', 'Jair Bolsonaro', 'Prisão', 'Procurador-Geral da República']"
156,"O que que o Lula fez no final do ano passado? Teve aqui reunião do G20, [ele] assinou 37 memorandos e acordos com a China. Entre esses acordos, entregou o nosso urânio para a China.",Aos Fatos,https://www.aosfatos.org/noticias/apos-se-tornar-reu-bolsonaro-mente-sobre-8-de-janeiro-e-eleicoes/,Falso,2025-03-26 07:00:00,https://encrypted-tbn1.gstatic.com/images?q=tbn:ANd9GcSrH4Zyltx2R39Zh9dyV6KCPdZpUEBLprY0UnXIljW-G6OAe4NO,"['Luiz Inácio Lula da Silva', 'G20', 'Reunião', 'Memorando', '19.ª reunião de cúpula do G20', 'Urânio', 'China']"
157,"Eu não interferi no TSE, o outro lado interferiu.",Aos Fatos,https://www.aosfatos.org/noticias/apos-se-tornar-reu-bolsonaro-mente-sobre-8-de-janeiro-e-eleicoes/,Falso,2025-03-26 07:00:00,https://encrypted-tbn1.gstatic.com/images?q=tbn:ANd9GcSrH4Zyltx2R39Zh9dyV6KCPdZpUEBLprY0UnXIljW-G6OAe4NO,['Tribunal Superior Eleitoral']
158,"Quando acabaram as últimas eleições, a última agora, em 2022, o meu partido peticionou no TSE. No dia seguinte, o ministro presidente do TSE, Alexandre de Moraes, não aceitou, mandou arquivar e nos deu uma multa de 22 milhões. Alguém já viu algum advogado ser multado aí, por peticionar o poder judiciário?",Aos Fatos,https://www.aosfatos.org/noticias/apos-se-tornar-reu-bolsonaro-mente-sobre-8-de-janeiro-e-eleicoes/,Falso,2025-03-26 07:00:00,https://encrypted-tbn1.gstatic.com/images?q=tbn:ANd9GcSrH4Zyltx2R39Zh9dyV6KCPdZpUEBLprY0UnXIljW-G6OAe4NO,"['Eleição', 'Presidente', 'Tribunal Superior Eleitoral', 'Ministro', 'Partido político', 'Alexandre de Moraes', 'Poder judiciário', '2022', 'Presidente do Tribunal Superior Eleitoral do Brasil']"
159,[Conclusão do inquérito do PSDB:] as urnas são inauditáveis. Não sou eu que disse isso.,Aos Fatos,https://www.aosfatos.org/noticias/apos-se-tornar-reu-bolsonaro-mente-sobre-8-de-janeiro-e-eleicoes/,Falso,2025-03-26 07:00:00,https://encrypted-tbn1.gstatic.com/images?q=tbn:ANd9GcSrH4Zyltx2R39Zh9dyV6KCPdZpUEBLprY0UnXIljW-G6OAe4NO,"['Urna eleitoral', 'PSDB', 'Partido da Social Democracia Brasileira', 'Inquérito policial']"
160,"O povo, em grande parte, teve arma, e diminuímos em quase 30% o número de mortes por arma de fogo no Brasil.",Aos Fatos,https://www.aosfatos.org/noticias/apos-se-tornar-reu-bolsonaro-mente-sobre-8-de-janeiro-e-eleicoes/,Não_É_Bem_Assim,2025-03-26 07:00:00,https://encrypted-tbn1.gstatic.com/images?q=tbn:ANd9GcSrH4Zyltx2R39Zh9dyV6KCPdZpUEBLprY0UnXIljW-G6OAe4NO,"['O Povo', 'Arma', 'Fogo', 'Brasil', 'Arma de fogo', 'Morte', 'Número']"
161,Não encontraram nenhuma arma aqui [no 8 de janeiro],Aos Fatos,https://www.aosfatos.org/noticias/apos-se-tornar-reu-bolsonaro-mente-sobre-8-de-janeiro-e-eleicoes/,Falso,2025-03-26 07:00:00,https://encrypted-tbn1.gstatic.com/images?q=tbn:ANd9GcSrH4Zyltx2R39Zh9dyV6KCPdZpUEBLprY0UnXIljW-G6OAe4NO,"['Janeiro', 'Ataques de 8 de janeiro em Brasília', 'Arma']"
162,"Como é que ele chegou? 29 de julho de 21. (...) E dizendo que eu difundi fake news. Eu difundi o que tinha dentro do inquérito [1.361, de 2018]. Se é fake news, o inquérito é mentiroso.",Aos Fatos,https://www.aosfatos.org/noticias/apos-se-tornar-reu-bolsonaro-mente-sobre-8-de-janeiro-e-eleicoes/,Falso,2025-03-26 07:00:00,https://encrypted-tbn1.gstatic.com/images?q=tbn:ANd9GcSrH4Zyltx2R39Zh9dyV6KCPdZpUEBLprY0UnXIljW-G6OAe4NO,"['2021', 'Julho', 'Notícia falsa', '2018', 'Mentira', 'Fake', 'Notícia']"
163,Eu montei um ministério técnico.,Aos Fatos,https://www.aosfatos.org/noticias/apos-se-tornar-reu-bolsonaro-mente-sobre-8-de-janeiro-e-eleicoes/,Falso,2025-03-26 07:00:00,https://encrypted-tbn1.gstatic.com/images?q=tbn:ANd9GcSrH4Zyltx2R39Zh9dyV6KCPdZpUEBLprY0UnXIljW-G6OAe4NO,['Ministério']
164,Eu não pude mostrar imagens do Lula falando que um pobre coitado rouba celular para tomar cervejinha.,Aos Fatos,https://www.aosfatos.org/noticias/apos-se-tornar-reu-bolsonaro-mente-sobre-8-de-janeiro-e-eleicoes/,Não_É_Bem_Assim,2025-03-26 07:00:00,https://encrypted-tbn1.gstatic.com/images?q=tbn:ANd9GcSrH4Zyltx2R39Zh9dyV6KCPdZpUEBLprY0UnXIljW-G6OAe4NO,"['Luiz Inácio Lula da Silva', 'Telefone celular', 'Imagem', 'Pobreza']"
165,Trump disse que reconhece somente Lula como presidente e que não concederia asilo político a Bolsonaro.,Estadão,https://www.estadao.com.br/estadao-verifica/trump-lula-grande-estadista-bolsonaro-nao-conhece-falso/,Falso,2025-03-25 07:00:00,https://encrypted-tbn2.gstatic.com/images?q=tbn:ANd9GcTUOrhv11_fiJY2uVT2MX9p_RcXsmR6JDTNJ-W6ULCKZ5VTg0d0,"['Donald Trump', 'Luiz Inácio Lula da Silva', 'Jair Bolsonaro', 'Presidente', 'Político']"
166,"Em discurso no dia 22 de março, Trump diz que reconhece Lula como presidente e que não conhece Bolsonaro",Aos Fatos,https://www.aosfatos.org/noticias/trump-nao-declarou-lula-presidente-e-nao-daria-asilo-bolsonaro/,Falso,2025-03-24 07:00:00,https://encrypted-tbn0.gstatic.com/images?q=tbn:ANd9GcQW3_eVsMWHzghAHsqI5yY_rWEHj6nogjLw69JnpbYyI7Ma6k9Z,"['Luiz Inácio Lula da Silva', 'Donald Trump', 'Jair Bolsonaro', 'Presidente', 'Março', 'Discurso']"
167,Bolsonaro foi inocentado da acusação de tentativa de golpe de Estado,Aos Fatos,https://www.aosfatos.org/noticias/bolsonaro-nao-foi-inocentado-de-acusacao-de-tentativa-de-golpe/,Falso,2025-03-21 07:00:00,https://encrypted-tbn2.gstatic.com/images?q=tbn:ANd9GcRniU-kNeotfhqXEVbKzK2TTdB0asG-EoRMxUJh3tPYhnL3c6aj,"['Jair Bolsonaro', 'Golpe de Estado', 'Tentativa de golpe de Estado no Brasil em 2022–2023', 'Oferecimento de denúncia', 'Estado']"
168,Ministro Alexandre de Moraes libera passaporte de Jair Bolsonaro,Aos Fatos,https://www.aosfatos.org/noticias/alexandre-de-moraes-nao-liberou-passaporte-de-jair-bolsonaro/,Falso,2025-03-20 07:00:00,https://encrypted-tbn1.gstatic.com/images?q=tbn:ANd9GcQtlxoC85dRCqvt9D7bagoA4BtjaJ-de_06XR_vLo2A2snETAeh,"['Alexandre de Moraes', 'Jair Bolsonaro', 'Ministro', 'Passaporte']"
169,"Trump vai decretar Jair Messias Bolsonaro, cidadão americano, e nomear ele embaixador dos Estados Unidos no Brasil",AFP Checamos,https://checamos.afp.com/doc.afp.com.37224DD,Falso,2025-03-12 07:00:00,https://encrypted-tbn0.gstatic.com/images?q=tbn:ANd9GcSLhO5IXl8eveOIODbEiL6GL6WKvqheeo19oWgf44JDwy7vUL-G,"['Jair Bolsonaro', 'Donald Trump', 'Cidadania', 'Embaixador dos Estados Unidos no Brasil', 'Estados Unidos', 'Embaixador', 'Brasil']"
170,Eduardo Bolsonaro renunciou ao cargo para morar nos EUA,Aos Fatos,https://www.aosfatos.org/noticias/eduardo-bolsonaro-anunciou-licenca-nao-renuncia-deputado-federal/,Falso,2025-03-19 07:00:00,https://encrypted-tbn0.gstatic.com/images?q=tbn:ANd9GcQz0s1k6QiDvvTfa9zkZgeUgkVvj6T0hmUjEImBGb068o9B66pz,"['Eduardo Bolsonaro', 'Renúncia', 'cargo', 'Estados Unidos']"
171,Lula vetou Medida Provisória do governo Bolsonaro que instituiu pensão vitalícia para crianças com microcefalia,Estadão,https://www.estadao.com.br/estadao-verifica/zika-pensao-bolsonaro-veto-lula-enganoso/,Falso,2025-01-16 08:00:00,https://encrypted-tbn2.gstatic.com/images?q=tbn:ANd9GcQeohjbWRBqUsW5XcDfn_KXPjzznk86KVl7gSSji8XJ7Cz3ZMcq,"['Luiz Inácio Lula da Silva', 'Jair Bolsonaro', 'Veto', 'Microcefalia', 'Governo', 'Medida provisória', 'Criança']"
172,"Multidão chama Bolsonaro de ""assassino"" em Tianguá, Ceará",Estadão,https://www.estadao.com.br/estadao-verifica/video-bolsonaro-assassino-camilo-santana-ceara-enganoso/,Falso,2025-01-08 08:00:00,https://encrypted-tbn3.gstatic.com/images?q=tbn:ANd9GcT0TToZhPsXzewe3QUMdKoWTG7bcXo489Wc-OtXy7aQKZKVnh17,"['Jair Bolsonaro', 'Ceará', 'Tianguá']"
173,Primeiro presidente a reduzir impostos,Estadão,https://www.estadao.com.br/estadao-verifica/bolsonaro-reduzir-impostos-enganoso/,Falso,2025-01-27 08:00:00,https://encrypted-tbn0.gstatic.com/images?q=tbn:ANd9GcTUilrdGAEAcc6E4eoYiZcVRn07YxRKaZg1KTk1ZDfZxHo1HjX1,"['Imposto', 'Presidente']"
174,Donald Trump concedeu passaporte diplomático a Jair Bolsonaro que é agora cidadão americano e tem dupla nacionalidade brasileira e norte-americana.,Observador,https://observador.pt/factchecks/fact-check-donald-trump-concedeu-passaporte-diplomatico-a-jair-bolsonaro-que-e-agora-cidadao-americano/,Errado,2024-12-27 08:00:00,https://encrypted-tbn3.gstatic.com/images?q=tbn:ANd9GcSPoSTekUtgc_77fQoKLZVgRXrfRC2VlIfGvKU-4cRTmZlv5x96,"['Jair Bolsonaro', 'Donald Trump', 'Passaporte', 'Cidadania', 'Estados Unidos', 'Nacionalidade múltipla', 'Nacionalidade', 'Nacionalidade brasileira']"
175,Bolsonaro tinha razão sobre origem do vírus da covid-19.,Estadão,https://www.estadao.com.br/estadao-verifica/relatorio-feito-por-congressistas-americanos-nao-prova-que-bolsonaro-tinha-razao-sobre-covid/,Falso,2024-12-17 08:00:00,https://encrypted-tbn3.gstatic.com/images?q=tbn:ANd9GcSFPlaNmYwyC-zx3kfWYn91Sl-DySfSaG-Cjokw8De_WMxyHmdA,"['COVID-19', 'Jair Bolsonaro', 'Vírus']"
176,Bolsonaro visitou Lula no hospital,Aos Fatos,https://www.aosfatos.org/noticias/imagem-inteligencia-artificial-bolsonaro-lula-hospital/,Falso,2024-12-12 08:00:00,https://encrypted-tbn3.gstatic.com/images?q=tbn:ANd9GcSqSV3mdR9LzSlea0gfmKB3OAUdGxHT-Um1HP4hdYhCw8iKjhFP,"['Luiz Inácio Lula da Silva', 'Jair Bolsonaro', 'Hospital']"
177,"Comparativo mostra que combustíveis, DPVAT e dólar eram mais baratos no governo Bolsonaro",Aos Fatos,https://www.aosfatos.org/noticias/post-engana-ao-comparar-precos-de-combustiveis-taxas-e-cotacao-do-dolar-nos-governos-bolsonaro-e-lula/,Falso,2024-12-06 08:00:00,https://encrypted-tbn3.gstatic.com/images?q=tbn:ANd9GcTjvyDQObR5TPaX9das150eqsZlpFVqYVqObPHgOz1LOSNUdEKv,"['Jair Bolsonaro', 'Combustível', 'Governo', 'Dólar americano', 'Seguro Obrigatório para Proteção de Vítimas de Acidentes de Trânsito']"
178,"Alegação: Putin diz que, na Rússia, Bolsonaro teria sido condenado à morte por tentativa de golpe",Estadão,https://www.estadao.com.br/estadao-verifica/putin-bolsonaro-pena-de-morte-russia-tentativa-de-golpe/,Falso,2024-11-26 08:00:00,https://encrypted-tbn2.gstatic.com/images?q=tbn:ANd9GcSXZcIaoMionG4MCBPlUZ3qy5Jys7q5VysuGa-Jk0vk3iQB6vqG,"['Jair Bolsonaro', 'Vladimir Putin', 'Golpe de Estado', 'Rússia', 'Morte', 'Sentença']"
179,Musk criou limusine da Tesla para Trump e convidou Bolsonaro para conhecê-la,Estadão,https://www.estadao.com.br/estadao-verifica/musk-trump-bolsonaro-limusine-tesla-falso/,Falso,2024-11-15 08:00:00,https://encrypted-tbn1.gstatic.com/images?q=tbn:ANd9GcSy1tjh1Gzin83Y5pjpTGm7bpGY9OKjPIUPnmObrts9pmnHxGUh,"['Elon Musk', 'Tesla, Inc.', 'Donald Trump', 'Limusine', 'Jair Bolsonaro']"
180,"TSE foi hackeado por um adolescente de 14 anos, que filiou Lula (PT) ao PL, partido de Jair Bolsonaro.",Aos Fatos,https://www.aosfatos.org/noticias/falso-adolescente-hackeou-sistema-filiacao-tse/,Falso,2024-11-04 08:00:00,https://encrypted-tbn1.gstatic.com/images?q=tbn:ANd9GcSGzOm9gP1JOkDPPodt6wtK2GFKgj_os65qB-79oxDzT5OzbVok,"['Tribunal Superior Eleitoral', 'Partido Liberal', 'Luiz Inácio Lula da Silva', 'Partido dos Trabalhadores', 'Jair Bolsonaro', 'Partido político', 'Partido dos Trabalhadores', 'Adolescência']"
181,Livro na Noruega retrata Bolsonaro como genocida responsável por 700 mil,Nexo Jornal,https://www.nexojornal.com.br/expresso/2024/08/23/3-boatos-verificados-bolsonaro-livro-didatico-noruega,Falso,2024-08-23 07:00:00,https://encrypted-tbn2.gstatic.com/images?q=tbn:ANd9GcRJzA8qQpk4SjDHJYCNL77xSH6_BluazVyj7P9PzgxR2QZ8cNO0,"['Jair Bolsonaro', 'Livro', 'Noruega', 'Genocídio']"
182,Rayssa Leal dedicou medalha a Jair Bolsonaro em entrevista para a CazéTV,AFP Checamos,https://checamos.afp.com/doc.afp.com.367R2KN,Falso,2024-07-30 07:00:00,https://encrypted-tbn3.gstatic.com/images?q=tbn:ANd9GcRYOnKkrreyVp2dYZh_lZyfzatOFfwQMsnuty2tmM-adCTlI1iI,"['Rayssa Leal', 'Jair Bolsonaro', 'Medalha', 'CazéTV', 'Entrevista']"
183,"Bolsonaro, meu amigo, tentaram fazer a mesma coisa que fizeram contigo.",Observador,https://observador.pt/factchecks/fact-check-trump-gravou-mensagem-para-bolsonaro-depois-de-ser-atacado/,Errado,2024-07-24 07:00:00,https://encrypted-tbn3.gstatic.com/images?q=tbn:ANd9GcSPoSTekUtgc_77fQoKLZVgRXrfRC2VlIfGvKU-4cRTmZlv5x96,['Jair Bolsonaro']
184,"Bolsonaro devolveu joias ao TCU, mas Lula não",Aos Fatos,https://www.aosfatos.org/noticias/relatorio-pf-bolsonaro-joias/,Falso,2024-07-09 07:00:00,https://encrypted-tbn1.gstatic.com/images?q=tbn:ANd9GcS0zokErivxS_RHt7TfJuOUjevPrSKbAA8Pxh2ZFLl69RD23jqb,"['Jair Bolsonaro', 'Luiz Inácio Lula da Silva', 'Tribunal de Contas da União']"
185,Polícia Federal desmentiu o caso das joias sauditas,Estadão,https://www.estadao.com.br/estadao-verifica/pf-desmentiu-culpa-bolsonaro-caso-joias-video-ia/,Falso,2024-07-27 07:00:00,https://encrypted-tbn2.gstatic.com/images?q=tbn:ANd9GcQjHbYHurmruLFkSgBBoWftVr2aMMLV99MhNIDUOXvHTf74LqSZ,"['Departamento de Polícia Federal', 'Polícia Federal', 'Caso das joias envolvendo Jair Bolsonaro', 'Polícia']"
186,Superávit nas contas públicas de 54 bilhões em 4 anos de governo Bolsonaro,AFP Checamos,https://checamos.afp.com/doc.afp.com.34ZJ6UC,Falso,2024-06-27 07:00:00,https://encrypted-tbn2.gstatic.com/images?q=tbn:ANd9GcTiHDr6T3U0MfUY4Ssc2KxcActdy-ZCni2YkcioxZqpAFHz6iNx,"['Jair Bolsonaro', 'Superávite', 'gabinete ministerial de Jair Bolsonaro', 'Governo']"
187,TSE cassou a chapa de Lula e Alckmin e agora Bolsonaro deve assumir a Presidência,Aos Fatos,https://www.aosfatos.org/noticias/falso-tse-cassou-chapa-lula-alckmin/,Falso,2024-04-25 07:00:00,https://encrypted-tbn2.gstatic.com/images?q=tbn:ANd9GcR8l_WRRLVwEVnfYqHmHSDVUPUB748C0AEcaFoB62kdr2aaHG97,"['Luiz Inácio Lula da Silva', 'Tribunal Superior Eleitoral', 'Geraldo Alckmin', 'Jair Bolsonaro', 'Presidente do Brasil']"
188,"De fato Lula está desfazendo tudo que @jairbolsonaro fez, inclusive o acordo Mercosul-União Européia.",UOL Notícias,https://noticias.uol.com.br/comprova/ultimas-noticias/2024/04/12/lula-nao-desfez-acordo-do-mercosul-com-a-ue-por-tratado-com-a-franca.htm,Falso,2024-04-12 07:00:00,https://encrypted-tbn1.gstatic.com/images?q=tbn:ANd9GcTdmf0IrDplaT3hxW1hZN5Dw3703iNl36WKEA4aEXFxO6e3q1IG,"['Tratado de Livre Comércio entre Mercosul e União Europeia', 'Luiz Inácio Lula da Silva', 'Mercado Comum do Sul', 'União Europeia', 'Jair Bolsonaro']"
189,Bolsonaro apresentou provas de que ministros do STF receberam propina para favorecer Lula nas eleições de 2022,Estadão,https://www.estadao.com.br/estadao-verifica/bolsonaro-prova-ministros-stf-propina-lula/,Falso,2024-04-08 07:00:00,https://encrypted-tbn1.gstatic.com/images?q=tbn:ANd9GcQw1V0CT0VlWId4ejLzH-bEi0GmD0yszQ6q3nfT8P0ekuCaTLwS,"['Jair Bolsonaro', 'Supremo Tribunal Federal', 'Propina', 'Ministro', 'Luiz Inácio Lula da Silva', 'Eleição', 'Eleições presidenciais brasileiras, 2022', '2022', 'Prova']"
190,Protesto na Hungria foi motivado por imagens de Bolsonaro na embaixada em Brasília,Aos Fatos,https://www.aosfatos.org/noticias/falso-bolsonaro-embaixada-hungria-protesto-budapeste/,Não_É_Bem_Assim,2024-03-27 07:00:00,https://encrypted-tbn0.gstatic.com/images?q=tbn:ANd9GcTedl-7YWvtk5nH_BKPPIC5yMFMu9CporXmlIa22rjsvIcfdNgD,"['Jair Bolsonaro', 'Hungria', 'Protesto', 'Missão diplomática', 'Brasília']"
191,"Viram o que aconteceu hoje com aquele candidato de Portugal aliado de Bolsonaro que disse que se caso ganhasse Lula não entraria em Portugal? Pois é, ele ganhou",UOL Notícias,https://noticias.uol.com.br/confere/ultimas-noticias/2024/03/13/extrema-direita-nao-venceu-as-eleicoes-em-portugal-ficou-em-3.htm,Falso,2024-03-13 07:00:00,https://encrypted-tbn2.gstatic.com/images?q=tbn:ANd9GcRxWorXireCdIBmEXf_KVHJ0fPPPh8D5fK5heNLYrz7mAl-NToo,"['Portugal', 'Luiz Inácio Lula da Silva', 'Candidato', 'Jair Bolsonaro']"
192,Associado ao MST foi preso por tentar matar Jair Bolsonaro em Não-Me-Toque (RS),Estadão,https://www.estadao.com.br/estadao-verifica/policia-nao-fala-em-tentativa-de-homicidio-de-homem-detido-por-portar-faca-em-evento-com-bolsonaro/,Falso,2024-03-08 08:00:00,https://encrypted-tbn1.gstatic.com/images?q=tbn:ANd9GcTOi9MjDKVw6mUmYZ3OQ59gwaECeWW_c9V7s-DibWy_EtZlo8bu,"['Jair Bolsonaro', 'Não-Me-Toque', 'Movimento dos Trabalhadores Rurais sem Terra', 'Rio Grande do Sul', 'Prisão', 'Não-Me-Toque']"
193,Homem tentou matar o presidente Jair Bolsonaro na Expodireto,Aos Fatos,https://www.aosfatos.org/noticias/falso-homem-matar-bolsonaro-rio-grande-do-sul/,Falso,2024-03-07 08:00:00,https://encrypted-tbn0.gstatic.com/images?q=tbn:ANd9GcSCD0S_n6by2rN8HzC9mLixOMwUx4RAlpAN7c994LWSmWmWgQyW,"['Jair Bolsonaro', 'Presidente']"
194,Alexandre de Moraes pediu a prisão de Jair Bolsonaro,Estadão,https://www.estadao.com.br/estadao-verifica/alexandre-moraes-pediu-prisao-bolsonaro-tse-falso/,Falso,2024-02-23 08:00:00,https://encrypted-tbn3.gstatic.com/images?q=tbn:ANd9GcQvlZ0rRB9_vs87yW0CxJMYUwms1A6n5XB1Q5xGns6dzvQL7npm,"['Jair Bolsonaro', 'Alexandre de Moraes', 'Prisão', 'Prisão de Jair Bolsonaro']"
195,g1 publicou matérias confirmando Trump e Milei em ato pró-Bolsonaro,AFP Checamos,https://checamos.afp.com/doc.afp.com.34JV2R7,Falso,2024-02-20 08:00:00,https://encrypted-tbn1.gstatic.com/images?q=tbn:ANd9GcReZpwPb2ZlkpFOmT6rAoEfwb3N11lN_2XylvwH9ZiZu-NugL7U,"['Javier Milei', 'Jair Bolsonaro', 'Donald Trump', 'g1']"
196,Organizadas planejam ato pela democracia para contrapor manifestação de Bolsonaro,Projeto Comprova,https://projetocomprova.com.br/publica%C3%A7%C3%B5es/torcidas-organizadas-negam-ato-contra-bolsonaro-em-sao-paulo/,Falso,2024-02-16 08:00:00,https://encrypted-tbn2.gstatic.com/images?q=tbn:ANd9GcRPAMsHcfDd3V7dRfuclKKhwWHgRLsG8KNgjRquta6_u3K0l81f,"['Jair Bolsonaro', 'Democracia', 'Organização', 'Manifestação']"
197,Inelegibilidade de Jair Bolsonaro é inconstitucional porque viola o Pacto de San José,Estadão,https://www.estadao.com.br/estadao-verifica/bolsonaro-elegivel-pacto-san-jose/,Falso,2023-12-22 08:00:00,https://encrypted-tbn2.gstatic.com/images?q=tbn:ANd9GcSFtcfcVLB2CHMw9Tk9ZeBqFzaVXTi97GmGEAxdruSDPt84ghNX,"['Jair Bolsonaro', 'Inelegibilidade', 'Inelegibilidade de Jair Bolsonaro', 'San José']"
198,Bolsonaro não está inelegível,Projeto Comprova,https://projetocomprova.com.br/publica%C3%A7%C3%B5es/video-engana-ao-dizer-que-bolsonaro-nao-esta-inelegivel-por-causa-de-tratado-internacional/,Falso,2023-12-21 08:00:00,https://encrypted-tbn2.gstatic.com/images?q=tbn:ANd9GcRtmn9TMWscRRaYMJOB3l7CT8CQ935TxjNcn8yG4CispTHGcvgL,['Jair Bolsonaro']
199,Bolsonaro foi hostilizado em restaurante de Buenos Aires com gritos a favor de Lula,Estadão,https://www.estadao.com.br/estadao-verifica/nao-ha-evidencias-de-que-bolsonaro-tenha-sido-hostilizado-em-restaurante-na-argentina/,Falso,2023-12-13 08:00:00,https://encrypted-tbn2.gstatic.com/images?q=tbn:ANd9GcRtd3bp1cCoJFGeeHhRswnPiWWy97PzY2HuKdbLjZl-Gev53Imz,"['Jair Bolsonaro', 'Luiz Inácio Lula da Silva', 'Buenos Aires']"
201,Flávio e Eduardo Bolsonaro pedem doações para custear processo do pai,Aos Fatos,https://www.aosfatos.org/noticias/golpistas-manipulam-videos-familia-bolsonaro-ia-campanha-arrecadacao-falsa/,Falso,2025-11-28 08:00:00,https://encrypted-tbn3.gstatic.com/images?q=tbn:ANd9GcR66WuIHaupbCU5_9EiM3Hglkrh3egiBfV3KEtQoh5yqzZ2pVbY,"['Flávio Bolsonaro', 'Eduardo Bolsonaro', 'Doação', 'Pai', 'Processo judicial']"
202,Fraudes no INSS financiaram campanhas eleitorais do PT,Estadão,https://www.estadao.com.br/estadao-verifica/careca-inss-financiou-campanha-pt-dilma-enganoso/,Falso,2025-10-03 07:00:00,https://encrypted-tbn1.gstatic.com/images?q=tbn:ANd9GcTTM2I67wLzZAazd6HZZHEmKmMOiX09TxB0MzfsC_xJNbi4qFd9,"['Instituto Nacional do Seguro Social', 'Partido dos Trabalhadores', 'INSS', 'Partido dos Trabalhadores', 'Campanha eleitoral', 'Esquema de fraudes no INSS', 'Eleição', 'Fraude']"
203,Marçal gastou zero reais em campanha eleitoral,Aos Fatos,https://www.aosfatos.org/noticias/falso-campanha-pablo-marcal-custo-zero/,Falso,2024-10-07 07:00:00,https://encrypted-tbn3.gstatic.com/images?q=tbn:ANd9GcSkUPIS8E2gK1j67rC3SIa9I_KftKgdHd_PnIkRJHCyEcCrac75,"['Pablo Marçal', 'Campanha eleitoral', 'Eleição']"
204,Jornada da Maitê,UOL Notícias,https://noticias.uol.com.br/confere/ultimas-noticias/2025/11/28/falsa-campanha-ajuda-maite-golpe.htm,Falso,2025-11-28 08:00:00,https://encrypted-tbn2.gstatic.com/images?q=tbn:ANd9GcQjqEQVaFAvgGB-xWyZoToc7IYjHrFyLpN2z54dIPROsxTytPCQ,[]
205,Pablo Marçal gastou zero reais com campanha à Prefeitura de São Paulo,AFP Checamos,https://checamos.afp.com/doc.afp.com.36JR3PP,Falso,2024-10-09 07:00:00,https://encrypted-tbn3.gstatic.com/images?q=tbn:ANd9GcSXwP6rUYzDCV0LQHigEjVC1xR8ILf1gnrPJaxUkga-dvdqml1a,"['Pablo Marçal', 'Real brasileiro', 'São Paulo', 'Alexandre Campanha de Campos', 'São Paulo']"
206,"Pablo Marçal gastou R$ 0,00 na campanha à Prefeitura de São Paulo",Estadão,https://www.estadao.com.br/estadao-verifica/pablo-marcal-zero-gasto-falso/,Falso,nan,https://encrypted-tbn2.gstatic.com/images?q=tbn:ANd9GcTYlp0-m1wtUrrB9cknSc11_fJisgpO9178-J11nELDaFFnaTg-,"['Pablo Marçal', 'São Paulo', 'Alexandre Campanha de Campos', 'São Paulo']"
207,Campanha de Pablo Marçal teve custo zero,UOL Notícias,https://noticias.uol.com.br/confere/ultimas-noticias/2024/10/08/falso-que-campanha-de-pablo-marcal-teve-custo-zero.htm,Falso,2024-10-08 07:00:00,https://encrypted-tbn0.gstatic.com/images?q=tbn:ANd9GcQGWHQ9v2rFwT_O2kKcAx1q6UMA-mGW-XW_vTJzJFwaL1actltC,"['Pablo Marçal', 'Custo']"
208,Foto antiga mostra Bolsonaro em campanha para vereador,Aos Fatos,https://www.aosfatos.org/noticias/foto-bolsonaro-campanha-vereador/,Falso,2022-05-11 07:00:00,https://encrypted-tbn0.gstatic.com/images?q=tbn:ANd9GcQUcTvvhSGMYQGrqFYfXw11l37UVpQRdKimcE6EGRkmSCM1OoGC,"['Jair Bolsonaro', 'Vereador', 'Fotografia']"
209,"O meu pai foi despedido da DесаthІоn após cinco anos de trabalho devido a problemas de saúde. Após o lançamento do novo modelo, retiraram os produtos antigos do [site], mas ainda existe uma hiperligação que permite obter uma mochila Тhе Nоrth Fасе - bastando para isso responder a algumas perguntas.",Observador,https://observador.pt/factchecks/fact-check-decathlon-faz-campanha-com-mochilas-a-dois-euros/,Errado,2025-04-10 07:00:00,https://encrypted-tbn3.gstatic.com/images?q=tbn:ANd9GcSPoSTekUtgc_77fQoKLZVgRXrfRC2VlIfGvKU-4cRTmZlv5x96,"['Mochila', 'Devido', 'Produto', 'Trabalho', 'Hiperligação', 'Saúde']"
210,Bolsonaro não pagou o Google para a sua campanha até as contas prestadas na data de 20/10/2022,Aos Fatos,https://www.aosfatos.org/noticias/falso-bolsonaro-nao-anunciou-google/,Falso,2022-10-28 07:00:00,https://encrypted-tbn0.gstatic.com/images?q=tbn:ANd9GcQnPdltXqkJTlLllIwksVoYpunuDwmHLuIMD1LJom7nNdyhk17c,"['Jair Bolsonaro', '2022', 'Google']"
211,Tabata Amaral teria tirado fotos sensuais que foram vazadas,Projeto Comprova,https://projetocomprova.com.br/publica%C3%A7%C3%B5es/tabata-amaral-e-alvo-de-campanha-de-desinformacao-que-a-compara-a-criadora-de-conteudo-adulto/,Falso,2024-09-13 07:00:00,https://encrypted-tbn2.gstatic.com/images?q=tbn:ANd9GcTPtb6merHyhnA2BbSw5h73sHI1OnBbvxTN_11_OUJPh8Lqr7T_,"['Tabata Amaral', 'Fotografia']"
212,Reportagem de Cabrini revelou que fraude do INSS financiou campanha de Bolsonaro,Aos Fatos,https://www.aosfatos.org/noticias/reportagem-da-record-nao-revelou-que-fraude-do-inss-financiou-campanha-de-bolsonaro/,Falso,2025-05-23 07:00:00,https://encrypted-tbn3.gstatic.com/images?q=tbn:ANd9GcQ6DznjXxmP7EhlZXRML0VTNOgU_S4fuMKAtovnpyrT8p1YVI-S,"['Instituto Nacional do Seguro Social', 'Jair Bolsonaro', 'INSS', 'Reportagem', 'Esquema de fraudes no INSS', 'Fraude', 'Roberto Cabrini']"
213,"""Nós tivemos quase 90% dos nossos compromissos cumpridos.""",Aos Fatos,https://www.aosfatos.org/noticias/checamos-campanha-eduardo-paes-reeleito-prefeito-rio/,Falso,2024-10-06 07:00:00,https://encrypted-tbn0.gstatic.com/images?q=tbn:ANd9GcSTURanEL3UY5o5dJu3CCkLoGN4QvZAZdzL0sGqG9okshMREuQg,[]
214,"""(...) a nossa taxa de cobertura da atenção primária deu um salto histórico. Passou de 3,5% [em 2009] para 70% [em 2016].""",Aos Fatos,https://www.aosfatos.org/noticias/checamos-campanha-eduardo-paes-reeleito-prefeito-rio/,Não_É_Bem_Assim,2024-10-06 07:00:00,https://encrypted-tbn0.gstatic.com/images?q=tbn:ANd9GcSTURanEL3UY5o5dJu3CCkLoGN4QvZAZdzL0sGqG9okshMREuQg,[]
215,"""Hoje, o orçamento da Saúde na Prefeitura do Rio, para cuidar só da cidade do Rio de Janeiro, é maior do que o do estado para cuidar de todo o estado do Rio de Janeiro.""",Aos Fatos,https://www.aosfatos.org/noticias/checamos-campanha-eduardo-paes-reeleito-prefeito-rio/,Falso,2024-10-06 07:00:00,https://encrypted-tbn0.gstatic.com/images?q=tbn:ANd9GcSTURanEL3UY5o5dJu3CCkLoGN4QvZAZdzL0sGqG9okshMREuQg,[]
216,"""Aliás, nós fomos a primeira capital a anunciar que compraríamos vacina, caso, então, o governo federal não fizesse.""",Aos Fatos,https://www.aosfatos.org/noticias/checamos-campanha-eduardo-paes-reeleito-prefeito-rio/,Falso,2024-10-06 07:00:00,https://encrypted-tbn0.gstatic.com/images?q=tbn:ANd9GcSTURanEL3UY5o5dJu3CCkLoGN4QvZAZdzL0sGqG9okshMREuQg,[]
217,"Vídeo do atual presidente ucraniano, Volodymyr Zelensky, a disparar sobre dezenas de pessoas no parlamento do país.",Observador,https://observador.pt/factchecks/fact-check-video-de-zelensky-com-imagens-violentas-foi-usado-na-sua-campanha-presidencial/,Errado,2022-03-22 07:00:00,https://encrypted-tbn0.gstatic.com/images?q=tbn:ANd9GcSRmwyRgtQB5AOIdWaxo3TmQ8QwksKz6Zcc7lC8rr_I6fGE9p6q,"['Volodymyr Zelensky', 'Ucrânia', 'Presidente', 'Vídeo', 'Parlamento', 'País']"
218,Agressor de Bolsonaro é assessor da campanha de Dilma ao Senado,Aos Fatos,https://www.aosfatos.org/noticias/homem-que-agrediu-bolsonaro-nao-e-assessor-na-campanha-de-dilma-ao-senado/,Falso,2018-09-07 07:00:00,nan,"['Jair Bolsonaro', 'Dilma Rousseff', 'Campanha presidencial de Dilma Rousseff em 2010', 'Senado Federal do Brasil', 'Conselheiro', 'Agressão']"
219,Acabamos com a fome nesse país,Aos Fatos,https://www.aosfatos.org/noticias/fome-absolvicoes-legado-principais-checagens-lula-campanha/,Falso,2022-10-30 07:00:00,https://encrypted-tbn0.gstatic.com/images?q=tbn:ANd9GcTYiJKsJ5zCPSCQfgqx41OsA9JMSsBsKI2xWobf-w19bpAvZxzn,[]
220,O Brasil foi o último a dar o direito do voto a mulher,Aos Fatos,https://www.aosfatos.org/noticias/fome-absolvicoes-legado-principais-checagens-lula-campanha/,Falso,2022-10-30 07:00:00,https://encrypted-tbn0.gstatic.com/images?q=tbn:ANd9GcTYiJKsJ5zCPSCQfgqx41OsA9JMSsBsKI2xWobf-w19bpAvZxzn,"['Brasil', 'Votação', 'Mulher', 'Direito']"
221,Fui absolvido pela ONU,Aos Fatos,https://www.aosfatos.org/noticias/fome-absolvicoes-legado-principais-checagens-lula-campanha/,Falso,2022-10-30 07:00:00,https://encrypted-tbn0.gstatic.com/images?q=tbn:ANd9GcTYiJKsJ5zCPSCQfgqx41OsA9JMSsBsKI2xWobf-w19bpAvZxzn,"['Organização das Nações Unidas', 'Absolvição']"
222,"O Brasil tem três por cento da população mundial. Entretanto, o Brasil tem 11% das vítimas de Covid. Ou seja, três vezes mais do que a média",Aos Fatos,https://www.aosfatos.org/noticias/fome-absolvicoes-legado-principais-checagens-lula-campanha/,Verdadeiro,2022-10-30 07:00:00,https://encrypted-tbn0.gstatic.com/images?q=tbn:ANd9GcTYiJKsJ5zCPSCQfgqx41OsA9JMSsBsKI2xWobf-w19bpAvZxzn,"['Brasil', 'Meios de comunicação', 'COVID-19', 'Mundo', 'Vítima', 'População mundial']"
223,"Nós saímos de 3,5 milhões de estudantes na universidade pra 8,5 milhões",Aos Fatos,https://www.aosfatos.org/noticias/fome-absolvicoes-legado-principais-checagens-lula-campanha/,Verdadeiro,2022-10-30 07:00:00,https://encrypted-tbn0.gstatic.com/images?q=tbn:ANd9GcTYiJKsJ5zCPSCQfgqx41OsA9JMSsBsKI2xWobf-w19bpAvZxzn,"['Universidade', 'Aluno']"
224,Fui convidado oito vezes para o G-8,Aos Fatos,https://www.aosfatos.org/noticias/fome-absolvicoes-legado-principais-checagens-lula-campanha/,Falso,2022-10-30 07:00:00,https://encrypted-tbn0.gstatic.com/images?q=tbn:ANd9GcTYiJKsJ5zCPSCQfgqx41OsA9JMSsBsKI2xWobf-w19bpAvZxzn,[]
225,Não houve aumento do salário mínimo [no governo Bolsonaro]. Houve apenas uma reposição inflacionária,Aos Fatos,https://www.aosfatos.org/noticias/fome-absolvicoes-legado-principais-checagens-lula-campanha/,Verdadeiro,2022-10-30 07:00:00,https://encrypted-tbn0.gstatic.com/images?q=tbn:ANd9GcTYiJKsJ5zCPSCQfgqx41OsA9JMSsBsKI2xWobf-w19bpAvZxzn,"['Jair Bolsonaro', 'Governo Jair Bolsonaro', 'Salário', 'Inflação', 'Salário mínimo', 'Governo']"
226,E você sabe que eu fui absolvido em todos os 26 processos,Aos Fatos,https://www.aosfatos.org/noticias/fome-absolvicoes-legado-principais-checagens-lula-campanha/,Não_É_Bem_Assim,2022-10-30 07:00:00,https://encrypted-tbn0.gstatic.com/images?q=tbn:ANd9GcTYiJKsJ5zCPSCQfgqx41OsA9JMSsBsKI2xWobf-w19bpAvZxzn,[]
227,Lançamento de campanha de Bolsonaro lota Brasília,Projeto Comprova,https://projetocomprova.com.br/publica%C3%A7%C3%B5es/e-enganosa-postagem-afirmando-que-lancamento-da-campanha-de-bolsonaro-reuniu-multidao-em-brasilia/,Falso,2022-04-14 07:00:00,nan,"['Jair Bolsonaro', 'Campanha presidencial de Jair Bolsonaro em 2022', 'Brasília']"
228,Gastos com campanha presidencial 2018. Meirelles: R$ 45 milhões; Alckmin: R$32 milhões; Haddad: R$ 29 milhões; Ciro: R$ 10 milhões; Marina: R$ 4 milhões; Bolsonaro: Wi-Fi de casa,Aos Fatos,https://www.aosfatos.org/noticias/imagem-traz-dados-falsos-sobre-gastos-de-campanhas-presidenciais-nas-eleicoes/,Falso,2018-10-06 07:00:00,nan,"['Fernando Haddad', 'Presidente', 'Henrique Meirelles', 'Ciro Gomes', 'Geraldo Alckmin', 'Jair Bolsonaro', 'Marina Silva', 'Gasto', 'Wi-Fi', '2018']"
229,"Joe Biden diz que não pode vencer esta eleição, só Donald Trump pode vencer",AFP Checamos,https://checamos.afp.com/doc.afp.com.34V44KD,Falso,2024-06-04 07:00:00,https://encrypted-tbn3.gstatic.com/images?q=tbn:ANd9GcT7wFK_vLsZJtSP3VpZfQx_e8Aqak1q88tLTmrNdEI0TMJj1Wvk,"['Joe Biden', 'Donald Trump', 'Eleição']"
230,Hospital de Campanha da Unicamp foi fechado por falta de pacientes.,Aos Fatos,https://www.aosfatos.org/noticias/e-falso-que-hospital-de-campanha-da-unicamp-foi-desmontado-por-falta-de-pacientes/,Falso,2020-05-12 07:00:00,https://encrypted-tbn2.gstatic.com/images?q=tbn:ANd9GcSwi_f21vcnwAIKNlOGUqbtO76v6ntLRyuBg-6RBWC4xwyjqws5,"['Hospital de campanha', 'Hospital', 'Paciente', 'Universidade Estadual de Campinas']"
231,Mulher é presa após entregar míssil em campanha de desarmamento,Aos Fatos,https://www.aosfatos.org/noticias/nao-e-verdade-que-brasileira-trocou-missil-por-comida-em-campanha-de-desarmamento/,Falso,2021-09-24 07:00:00,https://encrypted-tbn1.gstatic.com/images?q=tbn:ANd9GcR2zfai_YOhw4XfSvdTq5dG_Xcv3ZAipIzHLNtvr3fWniMYBprd,"['Míssil', 'desarmamento', 'Mulher']"
232,Procuradoria investiga dinheiro sujo na campanha de Bolsonaro,Aos Fatos,https://www.aosfatos.org/noticias/site-engana-ao-afirmar-que-bolsonaro-e-investigado-por-dinheiro-sujo-na-campanha/,Falso,2018-10-24 07:00:00,https://encrypted-tbn1.gstatic.com/images?q=tbn:ANd9GcR79VD3pBB63YIVSenC_jX7UMsjQlbBfS-WR5uOxFYk7QMVv_JN,"['Jair Bolsonaro', 'Dinheiro']"
233,Instituto Senna autorizou o uso da música de Ayrton Senna para o programa eleitoral de Bolsonaro,Aos Fatos,https://www.aosfatos.org/noticias/instituto-ayrton-senna-nao-autorizou-musica-para-campanha-de-bolsonaro/,Falso,2018-10-27 07:00:00,nan,"['Ayrton Senna', 'Jair Bolsonaro', 'Instituto Ayrton Senna', 'Eleição', 'Música', 'Programa eleitoral']"
234,"João de Deus tem 20 anos de filiação ao PT, por isso as feministas estão caladas, santa hipocrisia…

O charlatão estuprador João de Deus gastou 10 milhões na campanha de seu amigo Bolsonaro. Em troca de que?",Aos Fatos,https://www.aosfatos.org/noticias/joao-de-deus-nao-era-filiado-ao-pt-nem-doou-para-campanha-de-bolsonaro/,Falso,2018-12-28 08:00:00,https://encrypted-tbn0.gstatic.com/images?q=tbn:ANd9GcTyp9uMB_3YCTnvwBvQ39vF_mMGk6WmsOPaN55ooc5V6aajGdzh,"['João de Deus', 'Jair Bolsonaro', 'Partido dos Trabalhadores', 'Partido dos Trabalhadores', 'Feminismo', 'Estupro', 'Filiação']"
235,"Felizmente também eu gasto muito pouco em campanha (...) Gastei uma soma insignificante, absolutamente declarada na Justiça Eleitoral.",Aos Fatos,https://www.aosfatos.org/noticias/alvaro-dias-relativiza-gastos-de-campanha-e-usa-dados-defasados-para-falar-de-estatais/,Exagerado,2018-04-30 07:00:00,nan,"['Eleição', 'Tribunal Superior Eleitoral', 'Gasto']"
236,TSE proibiu alerta sobre vacinação da poliomielite,UOL Notícias,https://noticias.uol.com.br/confere/ultimas-noticias/2022/10/07/tse-nao-proibiu-campanha-contra-poliomielite-mas-aparicao-de-queiroga.htm,Insustentável,2022-10-07 07:00:00,https://encrypted-tbn2.gstatic.com/images?q=tbn:ANd9GcRVd0dDp1578QniOz4RPx37_bsoOfUQjnsLCXHd3eEuivU-cYyS,"['Poliomielite', 'Tribunal Superior Eleitoral', 'Vacina']"
237,liar liar the trump boat is on fire,O GLOBO,https://oglobo.globo.com/fato-ou-fake/e-fake-video-que-mostra-barco-em-chamas-com-logo-da-campanha-de-trump-24628845,Falso,2020-09-08 07:00:00,https://encrypted-tbn2.gstatic.com/images?q=tbn:ANd9GcTDUJfPSCusnu4QTG42_6qcELaQ9Oohl3ZfG9YRJZLY0a7YS1QX,"['Donald Trump', 'Barco', 'Fogo']"
238,Bolsonaro diz que tumulto em Aparecida mostra fracasso da igreja de Roma e que nenhum padre ou bispo pode dizer onde ele pode fazer campanha,Aos Fatos,https://www.aosfatos.org/noticias/falso-tuite-bolsonaro-padres-bispos-aparecida/,Falso,2022-10-13 07:00:00,https://encrypted-tbn0.gstatic.com/images?q=tbn:ANd9GcQ7O0xLe5DfU_eQ_2Pbnh6T2YyOYHWOjfvpDqT579O6tdRG_SH1,"['Jair Bolsonaro', 'Padre', 'Aparecida', 'Bispo', 'Igreja']"
239,12 milhões que já desistiram de procurar emprego.,Aos Fatos,https://www.aosfatos.org/noticias/marina-silva-erra-dados-de-emprego-e-financiamento-de-campanha/,Falso,2018-05-28 07:00:00,https://encrypted-tbn0.gstatic.com/images?q=tbn:ANd9GcRcywh2b_0nvMoJgujIjS6YKw-8c8exNJHusZk7iMuEeTxiZl3b,[]
240,Minha campanha gastou 15 vezes menos que a dele [Anastasia],Agência Pública,https://eleicoes.apublica.org/2018/2018/10/menos-zema-ate-agora-sua-campanha-foi-quase-4-vezes-mais-barata-que-a-de-anastasia-nao-15/,Exagerado,2018-10-25 07:00:00,https://encrypted-tbn1.gstatic.com/images?q=tbn:ANd9GcTA-s2VmQDFGxYycsGXBlRvTfZYpISkIMpbA0ndMQmo88Svjbbn,['Antonio Anastasia']
241,"O PORTEIRO, QUEM MANDOU ELE MENTIR!!!",Aos Fatos,https://www.aosfatos.org/noticias/e-falso-que-porteiro-do-condominio-de-bolsonaro-aparece-em-foto-de-ato-da-campanha-de-dilma/,Falso,2019-10-31 07:00:00,https://encrypted-tbn0.gstatic.com/images?q=tbn:ANd9GcTITkyl3EPQCTmXI2GSOVwYm97PQHyDG-j5ho-_vOePN-peBio0,['Mentira']
242,"Quem está fazendo campanha [contra a reforma da Previdência] são aqueles que ganham 20, 15, 16, que tinham cinco anos a menos, para se aposentar.",Aos Fatos,https://www.aosfatos.org/noticias/temer-omite-rejeicao-popular-ao-criticar-campanha-contra-reforma-da-previdencia/,Exagerado,2017-05-05 07:00:00,https://encrypted-tbn0.gstatic.com/images?q=tbn:ANd9GcQYO7bVePLoO4o6j3UnctSLF03ewHJrtFQ8z44DW-Acsrt42WjK,"['Aposentadoria', 'Ano']"
243,Carteiro com uniforme dos Correios comete irregularidade ao distribuir material do PT,Projeto Comprova,https://projetocomprova.com.br/publica%C3%A7%C3%B5es/distribuicao-de-material-de-campanha-por-correios-e-regular-ao-contrario-do-que-diz-homem-em-video/,Falso,2022-10-14 07:00:00,nan,"['Empresa Brasileira de Correios e Telégrafos', 'Correios', 'Partido dos Trabalhadores', 'carteiro', 'Partido dos Trabalhadores', 'Uniforme']"
244,"Dallas Jones, chefe de campanha de Joe Biden, foi preso sob acusação de participação na fraude eleitoral nos USA [sigla para a expressão em inglês de ""Estados Unidos da América""].",Observador,https://observador.pt/factchecks/fact-check-chefe-de-campanha-de-joe-biden-preso-por-fraude-eleitoral/,Errado,2020-11-25 08:00:00,https://encrypted-tbn3.gstatic.com/images?q=tbn:ANd9GcSPoSTekUtgc_77fQoKLZVgRXrfRC2VlIfGvKU-4cRTmZlv5x96,"['Fraude eleitoral', 'Fraude', 'Joe Biden', 'Eleição', 'Prisão', 'Estados Unidos', 'América']"
245,Vídeo de deputada mostra o Hospital de Campanha do Anhembi para pacientes com covid-19 vazio,AFP Checamos,https://checamos.afp.com/havia-407-pacientes-no-hospital-de-campanha-do-anhembi-na-data-do-video-segundo-governo-de-sp,Falso,2021-05-06 07:00:00,https://encrypted-tbn1.gstatic.com/images?q=tbn:ANd9GcQJ6DbdV6AcTIt3Nr-ZPwmrkJZFLlN5wSAaoc4OY5XQNYTq28FD,"['Hospital', 'Hospital de campanha', 'Paciente', 'COVID-19', 'Anhembi', 'Vídeo', 'Deputado']"
247,Projeto em discussão no Senado prevê sete anos de reclusão para quem duvidar do sistema eleitoral.,Estadão,https://www.estadao.com.br/estadao-verifica/quem-duvidar-das-urnas-7-anos-de-prisao-enganoso/,Falso,2025-06-12 07:00:00,https://encrypted-tbn3.gstatic.com/images?q=tbn:ANd9GcT08coUN0dMUjm4Gqhmbf-eGskOeDMNAVusOY8P0KIsxs_fucxo,"['Eleição', 'Senado Federal do Brasil', 'Sistema eleitoral do Brasil', 'discussão', 'Reclusão', 'Projeto']"
248,"""Henrique precisa de tratamento para não perder os movimentos. Imagine ver seu filho deixar de andar aos poucos. Esse é o dia a dia do Henrique, de 6 anos, diagnosticado com uma doença degenerativa chamada Distrofia de Duchenne. Ele precisa de tratamento urgente para preservar sua força e garantir qualidade de vida""",UOL Notícias,https://noticias.uol.com.br/confere/ultimas-noticias/2025/07/18/campanha-falsa-menino-henrique-golpe.htm,Falso,2025-07-18 07:00:00,https://encrypted-tbn3.gstatic.com/images?q=tbn:ANd9GcSoeICU4A-xlCmeadO-_EXb62K_p2v6OYDB2EN58h_I_22uNPL1,"['Distrofia muscular de Duchenne', 'Doença', 'Distrofia', 'Filho', 'Diagnóstico', 'Vida', 'Qualidade de vida', 'Doença degenerativa', 'Movimento']"
249,Campanha de Eduardo Paes tem apoio do Comando Vermelho,Estadão,https://www.estadao.com.br/estadao-verifica/video-falso-eduardo-paes-comando-vermelho/,Falso,2024-08-19 07:00:00,https://encrypted-tbn0.gstatic.com/images?q=tbn:ANd9GcS13SA2a5eHUSPQhtrL_21QtvHRokfEIT_e5ifpbQdloC95NAld,"['Comando Vermelho', 'Eduardo Paes']"
250,"Vídeo mostra que ninguém compareceu à agenda de rua do candidato Guilherme Boulos, enquanto Pablo Marçal lotou uma motociata",Estadão,https://www.estadao.com.br/estadao-verifica/video-boulos-sozinho-rua-marcal-enganoso/,Falso,2024-09-19 07:00:00,https://encrypted-tbn3.gstatic.com/images?q=tbn:ANd9GcTgVdFsKW6AG7NUlevbMwyOc4PSEOO7lp-M8Rz6FLJ-vPYJQA_I,"['Guilherme Boulos', 'Pablo Marçal', 'Vídeo', 'Candidato']"
251,Bolsonaro aparece em vídeo de campanha de Trump,Estadão,https://www.estadao.com.br/estadao-verifica/video-campanha-trump-bolsonaro-falso/,Falso,2024-09-16 07:00:00,https://encrypted-tbn3.gstatic.com/images?q=tbn:ANd9GcQddOPBDGMpOIc-s7XFbfxNWx56kiHZp1GnCt8rpuzA5vxFJeyr,"['Jair Bolsonaro', 'Donald Trump', 'Vídeo']"
252,"""Você comeu hoje. O Lucas não pode. E não é porque ele não quer? é porque dói. Fica até o fim. A história dele precisa ser ouvida""",UOL Notícias,https://noticias.uol.com.br/confere/ultimas-noticias/2025/07/08/nikolas-ferreira-doacao-menino-lucas-falso-golpe.htm,Falso,2025-07-08 07:00:00,https://encrypted-tbn2.gstatic.com/images?q=tbn:ANd9GcSlQA6et3FA6I5j4EpEQkRC38ZtgYv3gFFnWapoGRj6wzN-21VY,[]
253,"Nikolas Ferreira pede doações para Alice, criança de 4 anos com câncer no cérebro",Estadão,https://www.estadao.com.br/estadao-verifica/nikolas-ferreira-video-doacoes-alice-cancer-falso/,Falso,2025-02-05 08:00:00,https://encrypted-tbn0.gstatic.com/images?q=tbn:ANd9GcTaXlcIXGLzzxvMaJwHSPX93lZ5rjTp3f-k56SDo_0R3TSTEAf0,"['Nikolas Ferreira', 'Doação', 'Criança', 'Tumor cerebral', 'Cérebro']"
254,"Ajude Isabela. A pequena Isabela sofre todos os dias com dores intensas causadas por uma doença rara na pele chamada Epidermólise Bolhosa, que forma bolhas e provoca a perda de até 80% da pele.",UOL Notícias,https://noticias.uol.com.br/confere/ultimas-noticias/2025/05/20/campanha-doacao-menina-isabela-falso.htm,Falso,2025-05-20 07:00:00,https://encrypted-tbn1.gstatic.com/images?q=tbn:ANd9GcSIoNFe_URp9bUHdedd2gx7mGAzdsItUkDVXxuMvuyECx7f8Iwq,"['Doença', 'Epidermólise bolhosa', 'Doença rara', 'Bolha', 'Pele', 'Dor']"
255,"Ajude o Isaac. Ele perdeu o pai, e agora descobriu um câncer. Agora, ele precisa realizar a cirurgia de remoção do câncer urgente, antes da metástase.",UOL Notícias,https://noticias.uol.com.br/confere/ultimas-noticias/2025/03/11/e-falsa-campanha-de-arrecadacao-para-cirurgia-de-menino-isaac-e-golpe.htm,Falso,2025-03-11 07:00:00,https://encrypted-tbn3.gstatic.com/images?q=tbn:ANd9GcTiOmpBBoK22rH-Rrbafh-h3C4WNgPtNEahkOwgveQCzwL9WIYe,"['Cirurgia', 'Câncer', 'Metástase', 'Pai']"
256,"""SALVE O DUDU. COMPRE A RIFA AGORA CLICANDO NO LINK ABAIXO. TEMOS MENOS DE 1 MÊS PARA SALVAR A VIDA DELE""",UOL Notícias,https://noticias.uol.com.br/confere/ultimas-noticias/2025/05/27/post-falso-simula-campanha-ajuda-dudu-golpe.htm,Falso,2025-05-27 07:00:00,https://encrypted-tbn3.gstatic.com/images?q=tbn:ANd9GcTMeKTEwGd1IPKX0SmSM-FIrfxKEpsjYaX1qYzp0K8Y5mFL9CmF,"['Rifa', 'Mês', 'Vida']"
257,"""O pessoal se sensibilizou e os números são impressionantes"", diz homem ao mostrar dados de doações de campanha eleitoral como se fossem Pix para Bolsonaro",UOL Notícias,https://noticias.uol.com.br/confere/ultimas-noticias/2023/06/28/site-do-tse-mostra-doacoes-de-campanha-eleitoral-nao-de-pix-de-bolsonaro.htm,Falso,2023-06-28 07:00:00,https://encrypted-tbn2.gstatic.com/images?q=tbn:ANd9GcTHXRfSS0EqU1YELl7VBPYt8EfOb5rqC8FdURwlWRbjP4yMLtpv,"['Jair Bolsonaro', 'PIX', 'Campanha eleitoral', 'Eleição', 'Doação', 'Homem', 'Número', 'Dados']"
258,Lula admitiu gastar R$300 bilhões para se eleger em 2022,UOL Notícias,https://noticias.uol.com.br/comprova/ultimas-noticias/2024/08/08/lula-nao-admitiu-gastar-r-300-bilhoes-para-se-eleger.htm,Falso,2024-08-08 07:00:00,https://encrypted-tbn3.gstatic.com/images?q=tbn:ANd9GcQsRIBrjZ9wZnCVc8UYNOral1Hec9o825moqCbClqHSs0bpTVxn,"['Luiz Inácio Lula da Silva', '2022']"
259,George Soros doou US$ 300 milhões para campanha de Alckmin,UOL Notícias,https://noticias.uol.com.br/confere/ultimas-noticias/2018/08/04/george-soros-nao-doou-us-300-milhoes-para-campanha-de-alckmin.htm,Falso,2018-08-04 07:00:00,https://encrypted-tbn2.gstatic.com/images?q=tbn:ANd9GcQhWp75FVaydJMzHlNKhL49ev9OCItHhH0V-MB-0bbnyaCC1i27,"['Geraldo Alckmin', 'George Soros', 'Estados Unidos']"
260,Pepsi vai usar Bolsonaro nas latas após campanha da Coca com Pabllo Vittar,UOL Notícias,https://noticias.uol.com.br/confere/ultimas-noticias/2017/12/12/pepsi-vai-usar-bolsonaro-nas-latas-apos-campanha-da-coca-com-pabllo-vittar.htm,Falso,2017-12-12 08:00:00,https://encrypted-tbn2.gstatic.com/images?q=tbn:ANd9GcS_kqW1lpCQ7jAjF4KOWE4MFQmmznFvqMX-g2L5i_ZkNvmq9JdT,"['Jair Bolsonaro', 'Pepsi', 'Pabllo Vittar', 'Coca-Cola', 'Lata de bebida']"
261,"Nas últimas eleições, os candidatos que foram ao segundo turno gastaram juntos R$ 123 milhões",Agência Pública,https://eleicoes.apublica.org/2018/2018/08/helio-gois-exagera-despesas-de-campanha-de-camilo-e-eunicio-em-2014/,Exagerado,2018-08-15 07:00:00,https://encrypted-tbn1.gstatic.com/images?q=tbn:ANd9GcSlcZyIf8Qbok3dSrr43rhhwpOKT_XYx8y0TfcBF1-7vhEdXAym,"['Eleição', 'Candidato']"
262,51% dos universitários brasileiros são negros ou pardos,Aos Fatos,https://www.aosfatos.org/noticias/no-inicio-do-segundo-turno-bolsonaro-e-lula-citam-informacoes-falsas-sobre-fome-educacao-e-ministros-do-stf/,Não_É_Bem_Assim,2022-10-07 07:00:00,https://encrypted-tbn0.gstatic.com/images?q=tbn:ANd9GcTERuC3FNFk1umQVRv9Ar_ApksBBqsdmFap8Yjf4SV_i4efZJ9P,"['Brasil', 'Negros', 'Pardos']"
263,O PT tinha acabado com a fome no Brasil,Aos Fatos,https://www.aosfatos.org/noticias/no-inicio-do-segundo-turno-bolsonaro-e-lula-citam-informacoes-falsas-sobre-fome-educacao-e-ministros-do-stf/,Falso,2022-10-07 07:00:00,https://encrypted-tbn0.gstatic.com/images?q=tbn:ANd9GcTERuC3FNFk1umQVRv9Ar_ApksBBqsdmFap8Yjf4SV_i4efZJ9P,"['Partido dos Trabalhadores', 'Brasil', 'Fome no Brasil', 'Partido dos Trabalhadores']"
264,Estamos sendo impedidos pelo TSE de vacinar contra a poliomielite,Aos Fatos,https://www.aosfatos.org/noticias/no-inicio-do-segundo-turno-bolsonaro-e-lula-citam-informacoes-falsas-sobre-fome-educacao-e-ministros-do-stf/,Falso,2022-10-07 07:00:00,https://encrypted-tbn0.gstatic.com/images?q=tbn:ANd9GcTERuC3FNFk1umQVRv9Ar_ApksBBqsdmFap8Yjf4SV_i4efZJ9P,"['Tribunal Superior Eleitoral', 'Vacina contra Poliomielite', 'Vacina', 'Poliomielite']"
265,Quase 500 terras índigenas podem ser demarcadas,Aos Fatos,https://www.aosfatos.org/noticias/no-inicio-do-segundo-turno-bolsonaro-e-lula-citam-informacoes-falsas-sobre-fome-educacao-e-ministros-do-stf/,Não_É_Bem_Assim,2022-10-07 07:00:00,https://encrypted-tbn0.gstatic.com/images?q=tbn:ANd9GcTERuC3FNFk1umQVRv9Ar_ApksBBqsdmFap8Yjf4SV_i4efZJ9P,"['Terras indígenas do Brasil', 'Indígenas']"
266,O Fachin foi advogado do MST,Aos Fatos,https://www.aosfatos.org/noticias/no-inicio-do-segundo-turno-bolsonaro-e-lula-citam-informacoes-falsas-sobre-fome-educacao-e-ministros-do-stf/,Falso,2022-10-07 07:00:00,https://encrypted-tbn0.gstatic.com/images?q=tbn:ANd9GcTERuC3FNFk1umQVRv9Ar_ApksBBqsdmFap8Yjf4SV_i4efZJ9P,"['Edson Fachin', 'Movimento dos Trabalhadores Rurais sem Terra', 'Advogado']"
267,"A pequena Maria sofre todos os dias com dores intensas causadas por uma doença rara na pele chamada Epidermólise Bolhosa, que forma bolhas e provoca a perda de até 80% da pele. Ela precisa de remédios para dor diariamente ? sem eles, não consegue suportar o sofrimento. Sua doação vai ajudar a garantir que Maria nunca fique sem os remédios que aliviam suas dores.",UOL Notícias,https://noticias.uol.com.br/confere/ultimas-noticias/2025/05/08/bispo-campanha-doacao-maria-eduarda-falso.htm,Falso,2025-05-08 07:00:00,https://encrypted-tbn1.gstatic.com/images?q=tbn:ANd9GcQPc3jfinzAT0lC3sGc1KbyBeFLM8QaHQLsUkWnFPYlsiTXRU89,"['Doação', 'Bolha', 'Doença', 'Epidermólise bolhosa', 'Dor', 'Doença rara', 'Sofrimento', 'Remédio']"
268,Gabi Garcia é atleta trans de MMA,Estadão,https://www.estadao.com.br/estadao-verifica/lutadora-mma-trans/,Falso,2023-03-16 07:00:00,https://encrypted-tbn3.gstatic.com/images?q=tbn:ANd9GcRGK3gFrhMzc0sf1rvyPaj6yL2np1LLikRU4IiWkzZlq49DLXrL,"['Gabi Garcia', 'Mulher trans', 'Artes marciais mistas', 'Atleta']"
269,Tenda no estádio do Pacaembu será hospital de campanha,UOL Notícias,https://noticias.uol.com.br/confere/ultimas-noticias/2022/04/19/tenda-do-pacaembu-nao-sera-hospital-de-campanha-equipamento-recebera-shows.htm,Falso,2022-04-19 07:00:00,https://encrypted-tbn3.gstatic.com/images?q=tbn:ANd9GcRCJ-zBmVpmA3SEZWMmNrUBqIP6V-_5Bk4r6DqHxnq9dtfvUZW-,"['Mercado Livre Arena Pacaembu', 'Hospital de campanha', 'Hospital', 'Estádio', 'Tenda']"
270,"Sem segurança, Lula fez comício em área controlada pelo Comando Vermelho",UOL Notícias,https://noticias.uol.com.br/confere/ultimas-noticias/2022/10/13/lula-no-alemao-cpx-significa-complexo-e-campanha-teve-escolta.htm,Falso,2022-10-13 07:00:00,https://encrypted-tbn0.gstatic.com/images?q=tbn:ANd9GcSTlow9IRirNqu4a4y52NEMpJXISIccCbdNfPAEHgIlxPpo8xCO,"['Luiz Inácio Lula da Silva', 'Comando Vermelho', 'Eleição', 'Segurança']"
271,"""Bolsonaro encerra o vídeo de lançamento de campanha de Trump""",UOL Notícias,https://noticias.uol.com.br/confere/ultimas-noticias/2024/03/05/e-falso-que-bolsonaro-aparece-em-video-de-lancamento-da-campanha-de-trump.htm,Falso,2024-03-05 08:00:00,https://encrypted-tbn3.gstatic.com/images?q=tbn:ANd9GcSaUPRjKjlaT42ONx3utpz_DQjC2FkYAEKrSQ-Omp2kiJy3Nk_o,"['Jair Bolsonaro', 'Donald Trump', 'Vídeo']"
272,Guilherme Boulos (PSOL) cobra dinheiro por invasão de prédios,UOL Notícias,https://noticias.uol.com.br/confere/ultimas-noticias/2020/10/30/video-da-campanha-de-russomanno-usa-informacao-falsa-em-ataque-a-boulos.htm,Insustentável,2020-10-30 07:00:00,https://encrypted-tbn2.gstatic.com/images?q=tbn:ANd9GcRqBfIncW4R-26QplX0-FtrG2LiqFrMmWzTKHpRtQmRTO2HHxWg,"['Guilherme Boulos', 'Partido Socialismo e Liberdade', 'Dinheiro', 'Edifício']"
273,O TSE vetou a campanha de vacinação do Ministério da Saúde contra poliomielite,AFP Checamos,https://checamos.afp.com/doc.afp.com.32KY86R,Falso,2022-10-08 07:00:00,https://encrypted-tbn2.gstatic.com/images?q=tbn:ANd9GcTrF73uxys4ODZamRDgZBh_93PeYRLNhFDaqoyEfP4zo66nAaHq,"['Poliomielite', 'Vacina', 'Tribunal Superior Eleitoral', 'Veto', 'Ministério da Saúde do Brasil', 'Ministério']"
274,"Perna com erisipela de Bolsonaro é, na verdade, de campanha antifumo",AFP Checamos,https://checamos.afp.com/doc.afp.com.332F9QY,Montagem,2022-12-09 08:00:00,https://encrypted-tbn3.gstatic.com/images?q=tbn:ANd9GcRb7HTcfqhtuMye9SfV4FvgLNbKgue-fTbTytJrzU6_h39lafO0,"['Jair Bolsonaro', 'Erisipela', 'Perna']"
275,A empresa Hershey's usou um homem para protagonizar uma campanha de dia das mulheres,AFP Checamos,https://checamos.afp.com/doc.afp.com.33AY2TT,Parcialmente verdadeiro,2023-03-10 08:00:00,https://encrypted-tbn0.gstatic.com/images?q=tbn:ANd9GcQHK2-CGXNfsVcs0LgV4ojfTX55ImBaB3YVVH6NPJ3keRV104QG,"[""Hershey's"", 'Mulher', 'Dia Internacional das Mulheres', 'Empresa', 'Homem']"
276,Vídeo mostra campanha de artistas para ficar em casa no 7 de setembro,AFP Checamos,https://checamos.afp.com/doc.afp.com.33UE7ZX,Falso,2023-09-06 07:00:00,https://encrypted-tbn3.gstatic.com/images?q=tbn:ANd9GcRbvpbOJZEgbiZrOsyc_DdGV_lCYBQ44Hul3MIWEm805-K7uJwf,"['Artista', 'Setembro', 'Vídeo']"
277,"""Brasil acima de tudo, Deus acima de todos"" era o logo da campanha de Collor",AFP Checamos,https://checamos.afp.com/doc.afp.com.32B844U,Montagem,2022-05-26 07:00:00,https://encrypted-tbn3.gstatic.com/images?q=tbn:ANd9GcSjVchXtmqbeIaXyarnENVBTPsFHBGcrhWJ9hS_fVG52uNfMmwh,"['Fernando Collor de Mello', 'Brasil acima de tudo, Deus acima de todos', 'Campanha presidencial de Fernando Collor em 1989', 'Brasil', 'Logotipo']"
278,Vídeo gravado para a campanha presidencial de 2006 mostra Dona Marisa e Lula falando sobre o sítio de Atibaia,Aos Fatos,https://www.aosfatos.org/noticias/nao-e-o-sitio-de-atibaia-que-aparece-em-video-da-campanha-de-lula-em-2002/,Falso,2019-11-29 08:00:00,https://encrypted-tbn3.gstatic.com/images?q=tbn:ANd9GcRI-kgPpr-fcnIHsEUJrA4DefDUFzeDgKRTX6sAkd_YL_jO4-hX,"['Luiz Inácio Lula da Silva', 'Presidente', 'Marisa Letícia Lula da Silva', 'Atibaia', '2006', 'Vídeo']"
279,Homem visto em foto fazendo campanha para Dilma é porteiro do condomínio de Bolsonaro,AFP Checamos,https://checamos.afp.com/o-homem-sinalizado-na-foto-fazendo-campanha-para-dilma-e-conselheiro-afastado-do-tce-rj,Falso,2019-11-01 07:00:00,https://encrypted-tbn2.gstatic.com/images?q=tbn:ANd9GcQBRmNP3ZqERbgPpvlTXbF84eAp6OzgiQHIxjUvTsP0TQKmgCH2,"['Dilma Rousseff', 'Jair Bolsonaro', 'Fotografia', 'Homem', 'Visto', 'Condomínio']"
280,Pesquisa mostra Iván Cepeda ganhando eleição no primeiro turno na Colômbia,AFP Checamos,https://checamos.afp.com/doc.afp.com.B4EV8CQ,Falso,2026-05-29 07:00:00,https://encrypted-tbn3.gstatic.com/images?q=tbn:ANd9GcQH0omFcw5niUDNRgcFqq3Yev5Ma0pfvW5yEYRWdpWFVC0nuxjP,"['Ivan Cepeda', 'Eleição', 'Colômbia', 'Pesquisa']"
281,"""URGENTE - Flávio Bolsonaro vai acabar com o Bolsa Família de R$ 600,00 e poderá retornar com Auxílio Brasil de R$ 1.200,00 para famílias carentes caso seja eleito Presidente do Brasil""",BOL - UOL,https://www.bol.uol.com.br/noticias/2026/05/28/falso-flavio-bolsonaro-promessa-bolsa-familia-troca-auxilio-brasil.amp.htm,Falso,2026-05-28 07:00:00,https://encrypted-tbn3.gstatic.com/images?q=tbn:ANd9GcTPvXm4diflhcKmCL5BHCMZxuJrgI_yS0Y-zV8WYWfOqcIA1CFn,"['Flávio Bolsonaro', 'Bolsa Família', 'Auxílio Brasil', 'Presidente do Brasil', 'Presidente', 'Brasil', 'Eleição']"
282,Alexandre Frota denuncia plano de bolsonaristas para atacar igrejas e culpar o PT antes das eleições,Estadão,https://www.estadao.com.br/estadao-verifica/declaracao-alexandre-frota-bolsonaristas-prejudicar-lula-falso/,Falso,2026-05-08 07:00:00,https://encrypted-tbn3.gstatic.com/images?q=tbn:ANd9GcQbs0xfUX3RSZ05mOTSJG5cYhijGLxmE_0HlJTtcIgD8opA3Xoq,"['Bolsonarismo', 'Partido dos Trabalhadores', 'Eleição', 'Alexandre Frota', 'Partido dos Trabalhadores']"
283,Decisão do TSE de manter direito de voto a presos na eleição de 2026 é golpe,UOL Notícias,https://noticias.uol.com.br/confere/ultimas-noticias/2026/05/06/video-engana-decisao-tse-presos-provisorios.ghtm,Falso,2026-05-06 07:00:00,https://encrypted-tbn0.gstatic.com/images?q=tbn:ANd9GcQqs18rtAPiiGFjj1_gE8gx9P_201g1v4-lsqHKPr67C40Zutal,"['Tribunal Superior Eleitoral', 'Votação', 'Eleição', 'Direito']"
285,Uma tentativa de golpe está em andamento porque o TSE adiou para as eleições seguintes a proibição de voto entre presos provisórios.,Estadão,https://www.estadao.com.br/estadao-verifica/video-omite-decisao-tse-voto-presos-provisorios-principio-constitucional/,Falso,2026-04-30 07:00:00,https://encrypted-tbn2.gstatic.com/images?q=tbn:ANd9GcRuCaOK8ilIQ2aDzso0JZbhfEhjNvP85pPl4E17eu7IMb4ZU0TS,"['Tribunal Superior Eleitoral', 'Votação', 'Eleição', 'Tentativa de golpe de Estado no Brasil em 2022–2023']"
286,Maduro implica Obama em investigação de fraude eleitoral e tráfico de drogas,UOL Notícias,https://noticias.uol.com.br/confere/ultimas-noticias/2026/04/29/falso-maduro-obama-fraude-eleitoral.ghtm,Falso,2026-04-29 07:00:00,https://encrypted-tbn1.gstatic.com/images?q=tbn:ANd9GcS5BHa0hfEWoztI0TpIW40CC00Rj5_r6CBEiEV49GbJfE_uqgGr,"['Nicolás Maduro', 'Fraude eleitoral', 'Barack Obama', 'Fraude', 'Eleição', 'Narcotráfico', 'Droga', 'Pesquisa']"
287,"Lula diz: ""Eu só ganhei as eleições porque o povo nordestino é analfabeto""",UOL Notícias,https://noticias.uol.com.br/confere/ultimas-noticias/2026/04/29/lula-nao-disse-que-so-ganhou-eleicao-porque-nordestino-e-analfabeto.ghtm,Falso,2026-04-29 07:00:00,https://encrypted-tbn0.gstatic.com/images?q=tbn:ANd9GcQ-fFc4H17EIThRENzw6iCWCytkVRqnUYN36IzxMW_o9z00qo1c,"['Luiz Inácio Lula da Silva', 'Eleição']"
288,Maduro implica Obama em investigação de fraude eleitoral e tráfico de drogas,Estadão,https://www.estadao.com.br/estadao-verifica/maduro-obama-fraude-eleitoral-falso/,Falso,2026-04-24 07:00:00,https://encrypted-tbn2.gstatic.com/images?q=tbn:ANd9GcS2FVxGXXZHpjoxi3xwvZgvkkmzXA63VUnAF2m8Qr-NW3HzCbRn,"['Nicolás Maduro', 'Fraude eleitoral', 'Barack Obama', 'Eleição', 'Fraude', 'Pesquisa', 'Droga', 'Narcotráfico']"
289,"Flávio Bolsonaro disse que vai revogar o fim da escala 6x1, caso seja eleito",Aos Fatos,https://www.aosfatos.org/noticias/flavio-bolsonaro-escala-6x1/,Falso,2026-04-24 07:00:00,https://encrypted-tbn1.gstatic.com/images?q=tbn:ANd9GcT_Igkmt3qy5cVJqW9bPq2E4sBb68OxurTKMY-Vo6Zp1VqOSjK8,"['Flávio Bolsonaro', 'Eleição']"
290,A polícia achou os eleitores do Flavio Rachadinha e da Nikole!!!,UOL Notícias,https://noticias.uol.com.br/confere/ultimas-noticias/2026/04/24/falso-video-fazenda-likes-flavio-bolsonaro-nikolas-ferreira-ia.ghtm,Falso,2026-04-24 07:00:00,https://encrypted-tbn0.gstatic.com/images?q=tbn:ANd9GcR-SA5XqTGVLlCep7zm5VeunKaMKoILDdiAWP3dCgUzLZkGltvK,"['Flávio Bolsonaro', 'Eleição', 'Desvio de salário de assessor', 'Polícia']"
291,Lula pede ao TSE para barrar vídeos na internet durante as eleições,UOL Notícias,https://noticias.uol.com.br/confere/ultimas-noticias/2026/04/14/falso-lula-pediu-tse-proibir-videos-na-internet-eleicoes.ghtm,Falso,2026-04-14 07:00:00,https://encrypted-tbn3.gstatic.com/images?q=tbn:ANd9GcQCXBuQAytX9w-fbuG15-B1OXBEB-NgMoij_kOAov60qI4OduTr,"['Luiz Inácio Lula da Silva', 'Tribunal Superior Eleitoral', 'Eleição', 'Vídeo', 'Internet']"
292,"Flávio Bolsonaro disse que vai privatizar o SUS, caso seja eleito presidente.",Aos Fatos,https://www.aosfatos.org/noticias/falso-flavio-bolsonaro-disse-privatizar-sus-se-eleito-presidente/,Falso,2026-04-13 07:00:00,https://encrypted-tbn2.gstatic.com/images?q=tbn:ANd9GcR7NWcXk4r99cAC9vmkMh5l-y4XGFH-kPbVrFOJAJDNdgC6bTXZ,"['Flávio Bolsonaro', 'Privatização', 'Sistema Único de Saúde', 'Presidente', 'Eleição']"
293,"Lula diz, em áudio, que só venceu a eleição porque o povo nordestino é analfabeto",Aos Fatos,https://www.aosfatos.org/noticias/lula-nao-disse-que-foi-eleito-porque-o-povo-nordestino-e-analfabeto/,Falso,2026-04-13 07:00:00,https://encrypted-tbn2.gstatic.com/images?q=tbn:ANd9GcQmURkMTp06a_3cP0vRa_8cAKf81JMO0Vzx-shYy1d4cVPvplbD,"['Luiz Inácio Lula da Silva', 'Eleição']"
294,Eleição sem internet: Lula pede ao TSE para proibir vídeos durante eleições,AFP Checamos,https://checamos.afp.com/doc.afp.com.A7BG6T4,Falso,2026-04-09 07:00:00,https://encrypted-tbn2.gstatic.com/images?q=tbn:ANd9GcR8fgPCTDWfOgH9OESy9M7xi0iEv6ycj_SCMhOThGtpxw5EjL5M,"['Luiz Inácio Lula da Silva', 'Tribunal Superior Eleitoral', 'Eleição', 'Vídeo', 'Internet']"
295,Áudio grampeado de Lula exige prisão e inelegibilidade de Flávio Bolsonaro antes das eleições,Estadão,https://www.estadao.com.br/estadao-verifica/audio-falso-lula-prisao-flavio-bolsonaro-eleicoes/,Falso,2026-03-25 07:00:00,https://encrypted-tbn3.gstatic.com/images?q=tbn:ANd9GcRuDo7Tx7UFOS7RTgsRYKaK0AypKs3wftm430LuobF5g8iq-ztt,"['Flávio Bolsonaro', 'Luiz Inácio Lula da Silva', 'Inelegibilidade', 'Eleição', 'Prisão']"
296,2022: Ministros do TSE consideram crime diminuir preço de combustível em ano eleitoral. 2026: Entenda o pacote de Lula para reduzir o preço do diesel,UOL Notícias,https://noticias.uol.com.br/confere/ultimas-noticias/2026/03/20/tse-nao-decidiu-que-reduzir-combustivel-em-ano-eleitoral-e-crime.ghtm,Falso,2026-03-20 07:00:00,https://encrypted-tbn0.gstatic.com/images?q=tbn:ANd9GcRb87IvWN8DnvuAC4z5Q2xtKgfPD7madTRd08JeeLqjguQsnb0t,"['Combustível', 'Crime', 'Eleição', 'Ministro', 'Luiz Inácio Lula da Silva', 'Ministro do Tribunal Superior Eleitoral do Brasil', 'Preço', '2022', 'Diesel']"
297,Flávio Bolsonaro diz que se for eleito criará uma lei de redução de salário,AFP Checamos,https://checamos.afp.com/doc.afp.com.A3YK4CQ,Falso,2026-03-19 07:00:00,https://encrypted-tbn1.gstatic.com/images?q=tbn:ANd9GcQVGNhXswmk_Qbl4l-qVHaLxUqkjSpw-W66jqPsdXpuk2QboguE,"['Flávio Bolsonaro', 'Salário', 'Eleição', 'Lei']"
298,Lula ladrão seu lugar é na prisão em plena propaganda eleitoral na Marquês de Sapucaí,UOL Notícias,https://noticias.uol.com.br/confere/ultimas-noticias/2026/02/19/falso-video-lula-vaiado-sapucai.htm,Falso,2026-02-19 08:00:00,https://encrypted-tbn2.gstatic.com/images?q=tbn:ANd9GcQ4bbjH1E0H5lEX-D1nL2Av8drhtb-Lio2D__oS83ZF_PnOteHn,"['Sambódromo Marquês de Sapucaí', 'Luiz Inácio Lula da Silva', 'Eleição', 'Cândido José de Araújo Viana', 'Campanha eleitoral', 'Propaganda', 'Prisão']"
299,"O Brasil foi classificado pela OEA, como um país governado por um ditador ! Não fará parte da comissão de Direto",AFP Checamos,https://checamos.afp.com/doc.afp.com.97AR69E,Falso,2026-02-12 08:00:00,https://encrypted-tbn0.gstatic.com/images?q=tbn:ANd9GcRxnYLO4EE3SJLmj8MQxgohcF0uNExBd5oWwi8hSXs4sfOvGStg,"['Organização dos Estados Americanos', 'Brasil', 'comissão', 'País']"
300,Lula promete que não vai mais enganar o povo se for eleito novamente,AFP Checamos,https://checamos.afp.com/doc.afp.com.88VA6T3,Falso,2025-12-22 08:00:00,https://encrypted-tbn2.gstatic.com/images?q=tbn:ANd9GcT56iOQkgI4LydByvdOAso0xNwvNCCn3wYW2DqOTtcIzAQWE2nn,"['Luiz Inácio Lula da Silva', 'O Povo', 'Eleição']"
301,Lula perdeu todas as eleições feitas com cédulas de papel e venceu todas após as urnas eletrônicas,Aos Fatos,https://www.aosfatos.org/noticias/falso-que-lula-so-venceu-eleicoes-apos-urnas-eletronicas/,Falso,2025-12-09 08:00:00,https://encrypted-tbn1.gstatic.com/images?q=tbn:ANd9GcRe5e01nS8_OJfem_RbqwCjJv7y3lPetCtiTa6iWoWPz3OyEiZ8,"['Luiz Inácio Lula da Silva', 'Urna eletrônica', 'Eleição', 'Urna eleitoral', 'Cédula eleitoral', 'Eletrônica', 'Papel']"
302,Vídeo mostra ato pró-Islã após Zohran Mamdani ser eleito prefeito de Nova York,Aos Fatos,https://www.aosfatos.org/noticias/video-de-ato-muculmano-em-nova-york-e-de-2023-e-nao-tem-relacao-com-novo-prefeito/,Falso,2025-11-07 08:00:00,https://encrypted-tbn2.gstatic.com/images?q=tbn:ANd9GcQzBkyuNchBonX1_X6w2RfJXNjVWrpptWR91gZvbpP6cel6b5df,"['Zohran Mamdani', 'Nova Iorque', 'Prefeito de Nova York', 'Primátor', 'Islã', 'Vídeo', 'Eleição']"
303,"Sylvester Stallone decidiu deixar Nova Iorque, cidade onde viveu por cerca de 40 anos, devido ao que ele chama de ""degradação urbana"" e ""transformações sociais e políticas"" recentes que tornaram o ambiente incompatível com os seus valores.",Observador,https://observador.pt/factchecks/apos-a-eleicao-de-mamdani-stallone-anuncia-que-vai-deixar-nova-iorque-devido-ao-ambiente-incompativel-com-os-seus-valores/,Errado,2025-11-24 08:00:00,nan,"['Sylvester Stallone', 'Nova Iorque', 'Política', 'Ano', 'Cidade']"
304,"O mundo já percebeu a ditadura do governo Lula. Por 23 votos a 3, o Brasil perdeu a vaga na eleição para a Comissão de Direitos Humanos da OEA",UOL Notícias,https://noticias.uol.com.br/confere/ultimas-noticias/2025/10/10/enganoso-brasil-derrota-comissa-direitos-humanos-oea.htm,Falso,2025-10-10 07:00:00,https://encrypted-tbn1.gstatic.com/images?q=tbn:ANd9GcRbL8N86Gcq9PvW6_8fx8qul82Gqys50v8Yup2yOuMESpKIdW_2,"['Brasil', 'Organização dos Estados Americanos', 'Eleição', 'Comissão Interamericana de Direitos Humanos', 'Direitos humanos', 'Votação', 'Luiz Inácio Lula da Silva', 'Ditadura militar no Brasil', 'Governo']"
305,Senador Jaques Wagner propõe adiar a eleição de 2026,AFP Checamos,https://checamos.afp.com/doc.afp.com.78EF2CR,Falso,2025-10-10 07:00:00,https://encrypted-tbn3.gstatic.com/images?q=tbn:ANd9GcTqyPLLNztVlt6SfYvVIyOq_Eg3ll2ujGOwT7pKi1SMJX88-idK,"['Jaques Wagner', 'Eleição', '2026', 'Senado Federal do Brasil']"
306,"Líder do governo no Senado, Jaques Wagner propõe adiar eleições de 2026",Estadão,https://www.estadao.com.br/estadao-verifica/jaques-wagner-propoe-adiar-eleicao-2026-enganoso/,Falso,2025-10-07 07:00:00,https://encrypted-tbn3.gstatic.com/images?q=tbn:ANd9GcQuJGyDkxRw9jnQjypD8wNXsQAmKhDPPktD8dJIbp7PPmNUJRF8,"['Jaques Wagner', 'Eleição', 'Governo', 'Senado Federal do Brasil', 'Chefe de governo']"
309,PCC financiou pesquisas eleitorais da Quaest em 2022 que beneficiavam Lula,Aos Fatos,https://www.aosfatos.org/noticias/investigacao-nao-revelou-que-pcc-financiou-pesquisas-eleitorais-em-2022-para-beneficiar-lula/,Falso,2025-09-08 07:00:00,https://encrypted-tbn3.gstatic.com/images?q=tbn:ANd9GcQX9AhZzbs2TK9HoQlpRGfJgmrKOby_ChQ8p6K4en-sbfqBhPlX,"['Primeiro Comando da Capital', 'Luiz Inácio Lula da Silva', 'Pesquisa', 'Eleição', '2022']"
310,MP Eleitoral cassou direitos políticos de Nikolas Ferreira (PL-MG),Aos Fatos,https://www.aosfatos.org/noticias/nikolas-ferreira-nao-teve-direitos-politicos-cassados-pelo-mp-eleitoral/,Falso,2025-07-11 07:00:00,https://encrypted-tbn3.gstatic.com/images?q=tbn:ANd9GcTLzDl1u6BJ2HkdA2ex-HZqGmc7VFy3KjMH903SFt5QKN-Qhhxi,"['Nikolas Ferreira', 'Direitos políticos', 'Política', 'Eleição', 'Ministério Público Eleitoral', 'Partido Liberal', 'Direito', 'Minas Gerais']"
312,"TSE determina retotalização de votos das eleições de 2022, o que fere a democracia brasileira",Estadão,https://www.estadao.com.br/estadao-verifica/retotalizacao-de-votos-fere-democracia-troca-presidente-enganoso/,Falso,2025-06-06 07:00:00,https://encrypted-tbn3.gstatic.com/images?q=tbn:ANd9GcSYsmqwX9nz8Nz5vBognNmjG2YQnj06veHHUFXT3T8C_mMZuEsq,"['Eleição', 'Votação', 'Tribunal Superior Eleitoral', 'Democracia', 'Eleições presidenciais brasileiras, 2022', 'Brasil', '2022']"
313,"Quem acreditou se ferrou! ?A regra é mentir, se não mentir não chega a lugar nenhum, quem mente chega!? Bolsonaro confessa estelionato eleitoral",UOL Notícias,https://noticias.uol.com.br/confere/ultimas-noticias/2025/06/03/video-jair-bolsonaro-nao-defende-mentira.htm,Falso,2025-06-03 07:00:00,https://encrypted-tbn0.gstatic.com/images?q=tbn:ANd9GcQqoUNWZChCuRjKQoMn9aj2XSQiaNyH97h03nCVvqcDacHsuh2m,"['Jair Bolsonaro', 'Mentira', 'Estelionato eleitoral', 'Eleição', 'Mente']"
314,Primeiro Americano da história a tornar-se Papa. Robert Francis Prevost é Eleito Papa.,Observador,https://observador.pt/factchecks/fact-check-imagem-do-papa-leao-xiv-a-cumprimentar-donald-trump-e-verdadeira/,Errado,2025-05-21 07:00:00,https://encrypted-tbn3.gstatic.com/images?q=tbn:ANd9GcSPoSTekUtgc_77fQoKLZVgRXrfRC2VlIfGvKU-4cRTmZlv5x96,"['Papa', 'Papa Leão XIV', 'Estados Unidos', 'Eleição', 'História']"
315,"AGORA: No Obelisco, milhares de argentinos comemoram a condenação da esquerdista Cristina Kirchner",AFP Checamos,https://checamos.afp.com/doc.afp.com.623Z7NP,Falso,2025-06-12 07:00:00,https://encrypted-tbn1.gstatic.com/images?q=tbn:ANd9GcRP_FHteFQksQx5I1hgm86sP6CsRqlPmTzFhP4SxCPbECMkFSaU,"['Cristina Kirchner', 'Sentença', 'Argentina', 'Esquerda', 'Obelisco']"
316,Eleição de Lula provocará aumento da idade mínima para aposentadoria para 78 anos,Projeto Comprova,https://projetocomprova.com.br/publica%C3%A7%C3%B5es/aposentadoria-com-78-anos-foi-projetada-em-estudo-do-banco-mundial-nao-pelo-governo-lula/,Falso,2025-04-30 07:00:00,nan,"['Aposentadoria', 'Luiz Inácio Lula da Silva', 'Eleição', 'Ano', 'Idade']"
317,O sistema já sabia quem seria o novo líder religioso do catolicismo através do seriado Os Simpsons.,Observador,https://observador.pt/factchecks/fact-check-os-simpsons-previram-a-eleicao-de-robert-prevost-como-papa-leao-xiv/,Errado,2025-05-21 07:00:00,https://encrypted-tbn3.gstatic.com/images?q=tbn:ANd9GcSPoSTekUtgc_77fQoKLZVgRXrfRC2VlIfGvKU-4cRTmZlv5x96,"['Os Simpsons', 'Programa de televisão', 'Catolicismo', 'Religião', 'Sistema']"
318,"Após eleição de Trump, Gilmar Mendes diz que não houve tentativa de golpe",AFP Checamos,https://checamos.afp.com/doc.afp.com.42AU69D,Falso,2025-04-14 07:00:00,https://encrypted-tbn1.gstatic.com/images?q=tbn:ANd9GcS5xygnF7aPO3hHFH7qyn8d0pnI-FqNKRcq2N3thbpuqV2m4-0o,"['Gilmar Mendes', 'Golpe de Estado', 'Tentativa de golpe de Estado no Brasil em 2022–2023', 'Donald Trump', 'Eleição']"
319,Bolsonaro confessou: Lula foi preso em 2018 para eu vencer as eleições,UOL Notícias,https://noticias.uol.com.br/confere/ultimas-noticias/2025/03/22/bolsonaro-nao-disse-que-so-venceu-eleicao-porque-lula-foi-preso.htm,Falso,2025-03-22 07:00:00,https://encrypted-tbn2.gstatic.com/images?q=tbn:ANd9GcRdKpXEh-jdLUiTBN5j2kwllG6o6FrHswG6DcboL5rkffeGBwol,"['Jair Bolsonaro', 'Luiz Inácio Lula da Silva', 'Eleição', 'Prisão', '2018']"
320,"Marcos do Val revela documentos secretos que contêm “provas claras” de que “o modelo de censura americano foi aplicado no Brasil” para interferir nas eleições presidenciais de 2022. “Me deram a autorização para falar”, diz ele, acrescentando que guardava o material, em silêncio, desde 2023.",UOL Notícias,https://noticias.uol.com.br/comprova/ultimas-noticias/2025/02/20/documentos-da-usaid-sao-publicos-nem-provam-modelo-de-censura-no-brasil.htm,Falso,2025-02-20 08:00:00,https://encrypted-tbn1.gstatic.com/images?q=tbn:ANd9GcRUCgHscwsyE3KuETPmfRj0QIOOhNXGcN6gys9HYOEKdofhm950,"['Documento', 'Brasil', 'Eleição', '2022', 'Marcos do Val', 'Eleições presidenciais brasileiras, 2022', 'Presidente', 'Eleições presidenciais', 'Pará']"
321,"Já se admite, sem ponta de vergonha, que resultados de eleições que não satisfaçam os critérios da actual administração da UE, não são para respeitar.",Observador,https://observador.pt/factchecks/fact-check-ex-comissario-europeu-propoe-que-a-ue-interfira-nas-eleicoes-na-alemanha/,Errado,2025-01-29 08:00:00,https://encrypted-tbn3.gstatic.com/images?q=tbn:ANd9GcSPoSTekUtgc_77fQoKLZVgRXrfRC2VlIfGvKU-4cRTmZlv5x96,"['União Europeia', 'Eleição', 'Administração']"
322,A televisão ABC acaba de transmitir os RESULTADOS das eleições de 2024 na TV ao vivo na ESPN durante a Fórmula 1. ABC e afiliadas mostraram a vitória de Kamala Harris na tela.,Observador,https://observador.pt/factchecks/fact-check-canal-norte-americano-divulgou-resultado-das-eleicoes-no-estado-da-pensilvania-antes-do-dia-das-eleicoes/,Enganador,2024-11-26 08:00:00,https://encrypted-tbn1.gstatic.com/images?q=tbn:ANd9GcRQ19CN0G8oWSnRGSvRHYkwLcywkcgCtqPBTMwftS8_r-FmEfdy,"['Eleição', 'Kamala Harris', 'Televisão', '2024', 'ESPN', 'Fórmula 1', 'Ao vivo']"
323,Vídeo mostra José Mujica comemorando vitória nas eleições uruguaias de 2024,AFP Checamos,https://checamos.afp.com/doc.afp.com.36NB6CM,Falso,2024-11-26 08:00:00,https://encrypted-tbn2.gstatic.com/images?q=tbn:ANd9GcQ9XeGZmEbRQ9EdkXEPxO6K5uH5tPhlSdWV-_TBhXA5dPHGVFvk,"['José Mujica', 'Eleição', 'Uruguai', '2024', 'Vídeo', 'Uruguaios']"
324,Guga Chacra chora ao vivo ao ver Donald Trump sendo eleito nos Estados Unidos,Estadão,https://www.estadao.com.br/estadao-verifica/guga-chacra-chora-eleicao-eua-trump-enganoso/,Falso,2024-11-06 08:00:00,https://encrypted-tbn2.gstatic.com/images?q=tbn:ANd9GcSDJR6Xxn0s06dE51sBfMsoanPECDONEE_HzN8rPtfL6fmwhSzT,"['Guga Chacra', 'Donald Trump', 'Eleição', 'Estados Unidos']"
325,"Se eleito presidente dos Estados Unidos, Trump mandará prender o ministro Alexandre de Moraes.",Estadão,https://www.estadao.com.br/estadao-verifica/trump-prender-moraes-eleito-estados-unidos-falso/,Falso,2024-11-06 08:00:00,https://encrypted-tbn3.gstatic.com/images?q=tbn:ANd9GcTfA3cUgfKlbCE4wORpY38oNgrhj76dAhRSwcRkvrmVy-qQ11Jm,"['Donald Trump', 'Alexandre de Moraes', 'Estados Unidos', 'Presidente dos Estados Unidos', 'Ministro', 'Presidente', 'Eleição']"
326,"Donald Trump ao ser perguntado sobre Bolsonaro em comício: ""O que está prestes a ser preso no Brasil, nunca ouvi falar, não tenho envolvimento com corruptos""...",UOL Notícias,https://noticias.uol.com.br/confere/ultimas-noticias/2024/11/05/trump-bolsonaro-corrupto-comicio.htm,Falso,2024-11-05 08:00:00,https://encrypted-tbn1.gstatic.com/images?q=tbn:ANd9GcR--fsyMt_H5JAFoAZxLUmqnOznkZmu7jvTx3X4BBGCBunWf-mQ,"['Jair Bolsonaro', 'Donald Trump', 'Eleição', 'Brasil', 'Prisão', 'Corrupção']"
327,Principal pesquisa eleitoral dos EUA mostra vitória de Trump,Aos Fatos,https://www.aosfatos.org/noticias/print-site-de-apostas-nao-pesquisa-vantagem-trump-eua/,Falso,2024-11-04 08:00:00,https://encrypted-tbn2.gstatic.com/images?q=tbn:ANd9GcRbSpckyed70BEpdFkxfHtfbZ6QhHv7bR1wDrpIVTi32IyyQrUP,"['Donald Trump', 'Eleição', 'Estados Unidos', 'Pesquisa']"
328,Mapas mostram onde esquerda venceu em eleições municipais desde 2004,Estadão,https://www.estadao.com.br/estadao-verifica/mapas-esquerda-eleicoes-municipais/,Falso,2024-11-04 08:00:00,https://encrypted-tbn0.gstatic.com/images?q=tbn:ANd9GcTYh7epsLgf_j3KB9DwHPx0VVcXqVqT3_JfvK0zD8dBWAb49D1X,"['Eleição', 'Esquerda', 'Mapa', 'Eleições municipais no Brasil', '2004']"
329,ABC mostrou resultado da eleição presidencial na Pensilvânia dias antes do pleito,Estadão,https://www.estadao.com.br/estadao-verifica/tv-na-pensilvania-nao-antecipou-resultado-das-eleicoes-dos-eua-post-mostra-teste-exibido-por-engano/,Falso,2024-11-01 07:00:00,https://encrypted-tbn1.gstatic.com/images?q=tbn:ANd9GcTfc4Emf-QOHCyEiHkCXVbSmJKC2HJmPRQ4_sYoDcnWJAmDzGX-,"['Eleição', 'Pensilvânia', 'Eleições presidenciais', 'Presidente', 'American Broadcasting Company', 'Resultado']"
330,Boulos questionou o resultado das eleições de SP,Aos Fatos,https://www.aosfatos.org/noticias/posts-entrevista-boulos-para-alegar-questionou-resultado-eleicoes/,Falso,2024-10-29 07:00:00,https://encrypted-tbn1.gstatic.com/images?q=tbn:ANd9GcQ7pXCQuLyGp6U5inVTvWZ6fY1sAQuOuWo5cutS7GPq93Tu1Pql,"['Guilherme Boulos', 'Eleição', 'Resultado', 'São Paulo']"
331,"Candidata à prefeitura de Imperatriz (MA), Mariana Carvalho (Republicanos) posta pesquisa eleitoral falsa",Estadão,https://www.estadao.com.br/estadao-verifica/imperatriz-mariana-carvalho-pesquisa-falsa/,Falso,2024-10-27 07:00:00,https://encrypted-tbn2.gstatic.com/images?q=tbn:ANd9GcSSzVfF6ivNAlmUy8pwPwCSa0_QtN9c_w3F3xREpiYn8A1fiNsG,"['Mariana Carvalho', 'Candidato', 'Eleição', 'Imperatriz', 'Pesquisa', 'Republicanos', 'Maranhão', 'Prefeitura de Imperatriz']"
332,"Se eleito, Boulos promete seguir ideologia do partido e incluir linguagem neutra nas escolas",UOL Notícias,https://noticias.uol.com.br/confere/ultimas-noticias/2024/10/27/boulos-nao-disse-que-vai-adotar-linguagem-neutra-em-escolas-se-eleito.htm,Falso,2024-10-27 07:00:00,https://encrypted-tbn3.gstatic.com/images?q=tbn:ANd9GcTnBakhs2a-QQQIxT2NwMGJEPfGAj5FOpYPZxC6DKrOI7SW7xth,"['Guilherme Boulos', 'Linguagem neutra de gêneros gramaticais', 'Eleição', 'Escola', 'Linguagem', 'Partido político', 'Ideologia']"
333,"Candidata à Prefeitura de Imperatriz, no Maranhão, Mariana Carvalho (Republicanos) divulgou uma pesquisa eleitoral falsa",UOL Notícias,https://noticias.uol.com.br/comprova/ultimas-noticias/2024/10/27/post-engana-ao-dizer-que-candidata-no-ma-publicou-pesquisa-eleitoral-falsa.htm,Falso,2024-10-27 07:00:00,https://encrypted-tbn3.gstatic.com/images?q=tbn:ANd9GcR0kGFOSCwVamZdCVEhRkFLO0Vrz7n7AYAP4u-SKNa8gJRfNQ7x,"['Mariana Carvalho', 'Candidato', 'Eleição', 'Maranhão', 'Pesquisa', 'Republicanos', 'Imperatriz', 'Prefeitura de Imperatriz']"
334,Ex-ministro Silvio Almeida teria pedido apoio para a campanha de Boulos nas eleições de 2024,Metrópoles,https://www.metropoles.com/projeto-comprova/video-foi-editado-para-insinuar-apoio-de-silvio-almeida-a-boulos,Falso,2024-10-18 07:00:00,https://encrypted-tbn3.gstatic.com/images?q=tbn:ANd9GcQbjAxrrQloY8jIuXTvroQgx_ruu35MMY8fGMda2j5hb95yA27d,"['Silvio Luiz de Almeida', 'Guilherme Boulos', 'Ministro', 'Eleição', 'Campanha presidencial de Guilherme Boulos em 2018', 'Eleições municipais no Brasil em 2024', '2024']"
335,"Ex-ministro Silvio Almeida, acusado de assédio sexual, pede votos para Guilherme Boulos nas eleições municipais de 2024",Estadão,https://www.estadao.com.br/estadao-verifica/silvio-almeida-pede-votos-boulos-prefeitura-de-sp-falso-2022/,Falso,2024-10-17 07:00:00,https://encrypted-tbn0.gstatic.com/images?q=tbn:ANd9GcRV9qm1QqQ1vfNvYTMaA8FNzKkWCedqIffmN43LQTiAWLRq2Rro,"['Silvio Luiz de Almeida', 'Guilherme Boulos', 'Eleição', 'Votação', 'Ministro', 'Eleições municipais no Brasil em 2024', 'Eleições municipais no Brasil', '2024', 'Assédio sexual', 'Assédio']"
336,Transporte de urnas pela Comlurb mostra fraude nas eleições,Projeto Comprova,https://projetocomprova.com.br/publica%C3%A7%C3%B5es/comlurb-participa-de-distribuicao-de-urnas-no-rio-de-janeiro-desde-1996/,Parcialmente verdadeiro,2024-10-15 07:00:00,nan,"['Urna eleitoral', 'Eleição', 'Comlurb', 'Transporte', 'Fraude']"
337,O PT venceu em 46 prefeituras no primeiro turno das eleições de 2024,AFP Checamos,https://checamos.afp.com/doc.afp.com.36K39D8,Falso,2024-10-14 07:00:00,https://encrypted-tbn1.gstatic.com/images?q=tbn:ANd9GcQZfl_UmhaixSF7GgImMZa5RNw7IRrtyNYPFu_cA6mMcLJUbYL1,"['Partido dos Trabalhadores', 'Partido dos Trabalhadores', 'Eleição', '2024', 'Eleições municipais no Brasil em 2024', 'Prefeito no Brasil']"
338,Viradas na apuração indicam a existência de fraude nas eleições,Projeto Comprova,https://projetocomprova.com.br/publica%C3%A7%C3%B5es/boulos-nao-ultrapassou-marcal-na-mesma-hora-em-que-dilma-e-lula-dispararam-contra-adversarios-em-2014-e-2022/,Falso,2024-10-11 07:00:00,nan,"['Eleição', 'Fraude', 'Existência']"
339,"Rodrigo Pacheco foi chamado de “traidor” ao votar nas eleições municipais neste domingo, 6",Estadão,https://www.estadao.com.br/estadao-verifica/eleitores-chamam-rodrigo-pacheco-de-traidor-enganoso-2022/,Falso,2024-10-08 07:00:00,https://encrypted-tbn1.gstatic.com/images?q=tbn:ANd9GcT3lPvB2U4bGAmyD0GrjF3bpIm8qjgzV0Cn7PQW6lZEi19FNeEy,"['Rodrigo Pacheco', 'Eleição', 'Votação', 'Traição', 'Eleições municipais no Brasil']"
341,Não é possível recontagem de votos e a população não pode auditar as eleições,Aos Fatos,https://www.aosfatos.org/noticias/falso-eleicoes-brasil-nao-sao-auditaveis-nem-permitem-recontagem/,Falso,2024-10-07 07:00:00,https://encrypted-tbn2.gstatic.com/images?q=tbn:ANd9GcT6jL2sM71tbVhdlgGkOimrojJRFam8bDe__IYH3S-17jbO_p38,"['Eleição', 'Votação']"
342,PT elegeu apenas 46 prefeitos na eleição municipal de 2024,Aos Fatos,https://www.aosfatos.org/noticias/pt-elegeu-248-prefeitos-nao-46/,Falso,2024-10-07 07:00:00,https://encrypted-tbn1.gstatic.com/images?q=tbn:ANd9GcQcalsqhjxXoFbqicTl_a-S_TL1L74T2Zb4BUbcMbf-AVwJVoZS,"['Partido dos Trabalhadores', 'Eleição', 'Partido dos Trabalhadores', 'Prefeito', 'Eleições municipais no Brasil em 2024', 'Eleição municipal', '2024']"
343,"Sistema eleitoral brasileiro é uma farsa, diz deputado em vídeo removido",Projeto Comprova,https://projetocomprova.com.br/publica%C3%A7%C3%B5es/video-de-2010-descredibilizando-as-urnas-sem-provas-volta-a-circular-como-se-fosse-atual/,Falso,2024-10-06 07:00:00,nan,"['Eleição', 'Sistema eleitoral do Brasil', 'Deputado', 'Vídeo']"
344,Candidato a prefeito que fez chuva de dinheiro para eleitores no Amazonas e foi preso em flagrante pela PF é do PT,UOL Notícias,https://noticias.uol.com.br/confere/ultimas-noticias/2024/10/05/candidato-preso-por-distribuir-dinheiro-no-am-nao-e-do-pt.htm,Falso,2024-10-05 07:00:00,https://encrypted-tbn3.gstatic.com/images?q=tbn:ANd9GcTPXRDnX4wf_NMVLQ8SL-k4d4UXyEOJ_CB2Odlr855SfDU9Om4u,"['Candidato', 'Dinheiro', 'Prisão', 'Eleição', 'Prefeito', 'Amazonas', 'Departamento de Polícia Federal', 'Polícia Federal', 'Chuva']"
345,Diálogo mostra que Moraes conversou com engenheiro da Oracle para fraudar eleições,Aos Fatos,https://www.aosfatos.org/noticias/dialogo-falso-moraes-engenheiro-oracle-fraude-2022/,Falso,2024-10-05 07:00:00,https://encrypted-tbn3.gstatic.com/images?q=tbn:ANd9GcTCDcOKfMONQtVCZi6R3vZDECLDl7dNpNXnbR6wr3qy9vIm8TeP,"['Alexandre de Moraes', 'Fraude', 'Eleição', 'Oracle Corporation', 'Diálogo', 'Engenheiro']"
346,Marçal teria exagerado a gravidade de sua condição após sofrer uma agressão em debate eleitoral,UOL Notícias,https://noticias.uol.com.br/comprova/ultimas-noticias/2024/09/25/entenda-o-e-a-pulseira-verde-dada-em-atendimento-hospitalar-a-marcal.htm,Comprovado,2024-09-25 07:00:00,https://encrypted-tbn0.gstatic.com/images?q=tbn:ANd9GcQETF6mJXTLooh3Q-POl2Cj2j5tQ_Kkp-KvF3JNLrIZskTjTPhu,"['Pablo Marçal', 'Eleição', 'Debate eleitoral', 'Agressão', 'Debate']"
347,Votação nas eleições municipais de 2024 servirá como prova de vida para INSS,AFP Checamos,https://checamos.afp.com/doc.afp.com.36GQ8EW,Falso,2024-09-20 07:00:00,https://encrypted-tbn0.gstatic.com/images?q=tbn:ANd9GcSg-fBUr6ebfa1SLbmz552u8PRc882yPSQaZKcdar_azpzPNN8f,"['Eleição', 'Votação', 'INSS', 'Instituto Nacional do Seguro Social', 'Eleições municipais no Brasil em 2024', '2024', 'Eleições municipais no Brasil']"
348,"Publicação – retuitada por Elon Musk – em que Michael Benz, ex-secretário de Donald Trump e influenciador de direita, sugere que o governo dos Estados Unidos teria interferido diretamente no resultado das eleições federais brasileiras de 2022 para favorecer o candidato eleito, Luiz Inácio Lula da Silva (PT).",Folha - UOL,https://www1.folha.uol.com.br/poder/2024/09/post-engana-ao-afirmar-que-os-eua-teriam-construido-urnas-para-o-brasil.shtml,Falso,2024-09-09 07:00:00,https://encrypted-tbn3.gstatic.com/images?q=tbn:ANd9GcT95hC2PUbHpVwWvc_RCpCsAZ6f6rcsq_GeE4b3M1Q6iHRe7iJD,"['Brasil', 'Eleição', 'Estados Unidos', 'Luiz Inácio Lula da Silva', 'Partido dos Trabalhadores', 'Candidato', '2022']"
349,Comprova lança pacote de recursos para jornalistas em apoio à cobertura das eleições municipais,UOL Notícias,https://noticias.uol.com.br/comprova/ultimas-noticias/2024/09/05/comprova-lanca-pacote-de-recursos-para-apoiar-cobertura-das-eleicoes.htm,Comprovado,2024-09-05 07:00:00,https://encrypted-tbn3.gstatic.com/images?q=tbn:ANd9GcT12uPx5no30aaCcJLWnOApO5lMqBNLh0FYx4D7qsP1ImnQzMKu,"['Eleição', 'Jornalista']"
350,"Eu não pago [pelos cortes], não. [Foi] antes da eleição, isso é aberto para todo mundo. Na eleição e na pré-campanha, zero. Eu não coloquei [dinheiro]. Zero. Eu sei que o que derruba um rico na eleição é abuso de poder econômico. Estão querendo emplacar e eu não fiz, tanto é que não tem prova. Foi uma reportagem que eles pegaram. Não tem nada, o comprovante.",Aos Fatos,https://www.aosfatos.org/noticias/checamos-pablo-marcal-flow-podcast/,Falso,2024-08-29 07:00:00,https://encrypted-tbn2.gstatic.com/images?q=tbn:ANd9GcTdUoYr0ffpUrj7mICYwcLawqfSWXKeDBCZ-gxHsz2u51x8gvLH,"['Eleição', 'Reportagem', 'Pagamento', 'Dinheiro', 'Abuso de poder', 'Poder', 'Economia', 'Abuso']"
351,Tabela com logs das urnas mostra em quem os eleitores votaram,AFP Checamos,https://checamos.afp.com/doc.afp.com.36ER9Y3,Falso,2024-08-26 07:00:00,https://encrypted-tbn0.gstatic.com/images?q=tbn:ANd9GcQQrbW-uZbmva_l2NmKfzQJTD_zZBsWaa2xPIQRa3rZUXfhn30E,"['Eleição', 'Urna eleitoral', 'Tabela']"
352,Pablo Marçal aparece em 1º na pesquisa eleitoral do Instituto Veritá,AFP Checamos,https://checamos.afp.com/doc.afp.com.36EN68R,Falso,2024-08-23 07:00:00,https://encrypted-tbn0.gstatic.com/images?q=tbn:ANd9GcSWwGFxjCfwIcrDpjway0D3nzki9nojfvqIuvKyowl1wKdX4Aor,"['Pablo Marçal', 'Instituto Veritá', 'Eleição', 'Pesquisa']"
353,Elon Musk diz que Lula foi nomeado e não eleito.,Estadão,https://www.estadao.com.br/estadao-verifica/musk-lula-nomeado-eleito-falso/,Falso,2024-08-23 07:00:00,https://encrypted-tbn2.gstatic.com/images?q=tbn:ANd9GcTgZuA1YGBWegyIQs2KzYWO7Vzm53GTZ1FrW65KZ_JMxLi4ACpX,"['Luiz Inácio Lula da Silva', 'Elon Musk', 'Eleição']"
354,"A gente está falando de uma eleição em que a gente tem candidatos com históricos muito pesados. Gente [Pablo Marçal] que já foi condenado por roubar aposentadoria de idoso, gente que responde por crime de homicídio.",Aos Fatos,https://www.aosfatos.org/noticias/roda-viva-tabata-amaral/,Não_É_Bem_Assim,2024-08-20 07:00:00,https://encrypted-tbn3.gstatic.com/images?q=tbn:ANd9GcRmW71M2w77YB4C0Rvzp4gdjavRh6ejnfQWiLuTfKTpG_siPQP9,"['Candidato', 'Eleição', 'Pablo Marçal', 'Crime', 'História', 'Sentença', 'Aposentadoria', 'Idoso', 'Homicídio']"
355,Vídeo de comício com legenda e áudio que afirmam se tratar de uma manifestação conjunta do Comando Vermelho e PT em apoio a candidatura de Eduardo Paes para a Prefeitura do Rio de Janeiro.,Folha - UOL,https://www1.folha.uol.com.br/poder/2024/08/video-falso-e-usado-para-atribuir-apoio-do-comando-vermelho-a-eduardo-paes.shtml,Falso,2024-08-19 07:00:00,https://encrypted-tbn1.gstatic.com/images?q=tbn:ANd9GcS8d0GPNGy-QfGIpMQxFQ2yJmYb3Dsja1Nl-cOqq1oJYGMzNc-b,"['Eduardo Paes', 'Comando Vermelho', 'Eleição', 'Partido dos Trabalhadores', 'Vídeo', 'Candidato', 'Partido dos Trabalhadores', 'Manifestação', 'Prefeito no Brasil']"
356,Ministros do STF receberam valores milionários para manipular as eleições de 2022,Aos Fatos,https://www.aosfatos.org/noticias/acusacoes-sem-provas-bolsonaro-ministros-stf/,Falso,2024-08-15 07:00:00,https://encrypted-tbn3.gstatic.com/images?q=tbn:ANd9GcQ02oeCgajPf3p44vvfFqbvzSy_tW_ua4iYdMKEFLMqI13tv1HD,"['Supremo Tribunal Federal', 'Ministro', 'Eleição', 'Eleições presidenciais brasileiras, 2022', '2022']"
357,Agressão policial na Venezuela após resultado das eleições de 2024,AFP Checamos,https://checamos.afp.com/doc.afp.com.36E86PV,Falso,2024-08-13 07:00:00,https://encrypted-tbn2.gstatic.com/images?q=tbn:ANd9GcQ-JOkGwRPlr9WXt_OMjJtU94QQxBE7dQANuldkb4mSIop1nlux,"['Venezuela', 'Violência policial', 'Polícia', 'Eleição', '2024', 'Resultado']"
358,Lula confessou que gastou US$ 60 bilhões para comprar votos e vencer as eleições,Aos Fatos,https://www.aosfatos.org/noticias/falso-lula-confessou-60-bilhoes-compra-de-votos/,Falso,2024-08-05 07:00:00,https://encrypted-tbn0.gstatic.com/images?q=tbn:ANd9GcTa-5EWKOpYehYw-SR6PCu0ErEf4zY8-BqA6vTaUAd-OzZraXiF,"['Luiz Inácio Lula da Silva', 'Eleição', 'Votação', 'Estados Unidos']"
359,Funcionário do sistema eleitoral da Venezuela publicou foto que mostra derrota de Maduro,Estadão,https://www.estadao.com.br/estadao-verifica/foto-graficos-derrota-maduro-funcionario-enganoso/,Falso,2024-07-30 07:00:00,https://encrypted-tbn2.gstatic.com/images?q=tbn:ANd9GcQzOdv5TXOqkt0LAIff8SmWD-fOLd4nD1dvX1afUDW0R4sRRBtC,"['Nicolás Maduro', 'Venezuela', 'Eleição', 'Funcionário', 'Fotografia', 'Sistema eleitoral do Brasil']"
360,Donald Trump gravou vídeo para Jair Bolsonaro após sofrer atentado durante um comício na Pensilvânia (EUA).,Projeto Comprova,https://projetocomprova.com.br/publica%C3%A7%C3%B5es/video-com-dublagem-falsa-engana-ao-dizer-que-trump-enviou-mensagem-para-bolsonaro-apos-atentado/,Falso,2024-07-19 07:00:00,nan,"['Jair Bolsonaro', 'Donald Trump', 'Vídeo', 'Ataque', 'Eleição', 'Estados Unidos', 'Pensilvânia']"
361,Esta é a França e a extrema esquerda comemorando sua vitória eleitoral. A França está perdida. Isto não vai acabar bem,AFP Checamos,https://checamos.afp.com/doc.afp.com.36498AW,Falso,2024-07-15 07:00:00,https://encrypted-tbn2.gstatic.com/images?q=tbn:ANd9GcSUdY9Pmx82Pi4zkBwp4Tw2vRooqPrjQBK_LnTxm9VEYqVJIGVI,"['Eleição', 'França', 'Extrema-esquerda', 'Esquerda']"
362,Palestino diz que o califado irá conquistar Paris após eleições na França,Aos Fatos,https://www.aosfatos.org/noticias/discurso-califado-conquistar-paris-2020-nao-recente/,Falso,2024-07-11 07:00:00,https://encrypted-tbn3.gstatic.com/images?q=tbn:ANd9GcTGAXApt2kUCVpvzuL2EVAeKbEkOpYQO36CVrVipKNpL2lHuQ-U,"['Califado', 'Eleição', 'França', 'Paris', 'Eleições na França', 'Irã']"
363,Comemoração da esquerda da eleição legislativa na França,AFP Checamos,https://checamos.afp.com/doc.afp.com.363M2D6,Falso,2024-07-10 07:00:00,https://encrypted-tbn2.gstatic.com/images?q=tbn:ANd9GcTRnUHZtccwBYxD_xqHOLy2sfzHyyBXfpEcY43GNFoxlZ64Zkkm,"['Eleição', 'França', 'eleição legislativa', 'Esquerda']"
364,Vídeo mostra festa na França após primeiro turno das eleições,Aos Fatos,https://www.aosfatos.org/noticias/video-reuniao-nacional-franca/,Falso,2024-07-02 07:00:00,https://encrypted-tbn3.gstatic.com/images?q=tbn:ANd9GcSe_aipJaVaAunbvzzStBHrRkjNpmA6rh-70miOy0W9iQfjz489,"['França', 'Eleição', 'Vídeo', 'Festa']"
365,Vídeo mostra incêndio causado por manifestantes de esquerda na França após resultado das eleições,Aos Fatos,https://www.aosfatos.org/noticias/incendio-franca-eleicoes-extrema-esquerda/,Falso,2024-07-01 07:00:00,https://encrypted-tbn0.gstatic.com/images?q=tbn:ANd9GcT_fPFvlcd7G6QgHRPMAZxuYgUm_xZHQhj-Lh1YSEMNRWSIClQ4,"['Eleição', 'França', 'Fogo', 'Incêndio', 'Esquerda', 'Manifestação', 'Resultado', 'Vídeo']"
366,"Antes de perder as eleições, eu aprovei uma lei que quase ninguém conhece, que é para o povo recuperar tudo que perdeu nas casas de aposta. Tem algumas pessoas ensinando como que faz para recuperar o dinheiro perdido. Para você saber como é, basta clicar em saiba mais",UOL Notícias,https://noticias.uol.com.br/confere/ultimas-noticias/2024/06/20/bolsonaro-nao-disse-ter-aprovado-lei-para-devolucao-do-dinheiro-de-apostas.htm,Falso,2024-06-20 07:00:00,https://encrypted-tbn2.gstatic.com/images?q=tbn:ANd9GcTNq3gL2xAKVP0VUxzo4u87pWNjvTr1EpMeopD8KHeaaqPfZVOB,"['Jogo de apostas', 'Lei', 'Dinheiro', 'Eleição', 'Casa de apostas']"
367,Tudo que você precisa saber sobre as Eleições Municipais de 2024,UOL Notícias,https://noticias.uol.com.br/comprova/ultimas-noticias/2024/06/18/o-que-voce-precisa-saber-sobre-as-eleicoes-municipais-de-2024.htm,Comprovado,2024-06-18 07:00:00,https://encrypted-tbn2.gstatic.com/images?q=tbn:ANd9GcRoaT4_RTGURhYX1JugVjdmgBs_LNlYepNeT7qv56L0N5v1uDl9,"['Eleição', 'Eleições municipais no Brasil', 'Eleições municipais no Brasil em 2024', '2024']"
368,Vídeo mostra lobistas de Soros sofrendo com a derrota em eleição na União Europeia,Aos Fatos,https://www.aosfatos.org/noticias/falso-video-lobistas-soros-eleicoes-parlamento-europeu/,Falso,2024-06-11 07:00:00,https://encrypted-tbn1.gstatic.com/images?q=tbn:ANd9GcTKd0u35DK2eysc8Xaq22kxzlvI1UkPsUBxZT2yGxJlgCYyixJ9,"['George Soros', 'Eleição', 'União Europeia', 'Lobby', 'Vídeo', 'Europa']"
369,"""O TRIBUNAL ELEITORAL REJEITOU O PROCESSO DE INEGILIBIDADE DO BOLSONARO! BOLSONARO DE VOLTA EM 2026!""",UOL Notícias,https://noticias.uol.com.br/confere/ultimas-noticias/2024/05/27/e-falso-que-tse-tenha-tornado-jair-bolsonaro-elegivel-para-2026.htm,Falso,2024-05-27 07:00:00,https://encrypted-tbn1.gstatic.com/images?q=tbn:ANd9GcRPOJFmlk7jz4fjRXHyEBFLzPDscBfNRD7DSswYVBgOrJTPDWXR,"['Jair Bolsonaro', 'Tribunal Superior Eleitoral', 'Eleição', 'Tribunal', 'Processo judicial']"
370,"Luís Roberto Barroso disse que “eleição não se vence, se toma”.",Estadão,https://www.estadao.com.br/estadao-verifica/barroso-eleicao-nao-se-ganha-se-toma-enganoso/,Falso,2024-05-02 07:00:00,https://encrypted-tbn3.gstatic.com/images?q=tbn:ANd9GcQF3XiAcEsOzX0h5DvfH-nRZPAAoA335SqNIDk0WNJjm8k83giW,"['Luís Roberto Barroso', 'Eleição']"
371,"Ministro do STF Luís Roberto Barroso diz que “eleição não se vence, se toma”.",UOL Notícias,https://noticias.uol.com.br/comprova/ultimas-noticias/2024/05/02/barroso-reproduzia-relato-de-senador-quando-falou-sobre-eleicao-em-roraima.htm,Falso,2024-05-02 07:00:00,https://encrypted-tbn1.gstatic.com/images?q=tbn:ANd9GcTRM2Goca2YheKRKuvhaTOxqKeqxCQs_UVpWASN5ldEKDBiuLQv,"['Luís Roberto Barroso', 'Eleição', 'Ministro do Supremo Tribunal Federal do Brasil']"
372,"Barroso disse que ""eleição não se vence, se toma""",Projeto Comprova,https://projetocomprova.com.br/publica%C3%A7%C3%B5es/barroso-reproduzia-relato-de-senador-quando-disse-que-eleicao-em-roraima-nao-se-ganha-se-toma/,Parcialmente verdadeiro,2024-05-02 07:00:00,nan,"['Luís Roberto Barroso', 'Eleição']"
373,Jornalistas falam que Bolsonaro ganhou e STF colocou o Lula na presidência,AFP Checamos,https://checamos.afp.com/doc.afp.com.34RX3NC,Falso,2024-05-16 07:00:00,https://encrypted-tbn3.gstatic.com/images?q=tbn:ANd9GcQunHPH1uuipkX0SgdaEtI-VqVS0QOshP5_bJv2KMZyvLCZSnhV,"['Jornalista', 'Jair Bolsonaro', 'Luiz Inácio Lula da Silva', 'Supremo Tribunal Federal', 'Presidente do Brasil']"
374,"Publicações acompanhadas por um vídeo da participação de Demétrio Magnoli no programa Em Pauta, da GloboNews, afirmam que o jornalista foi demitido após fazer comentários criticando a possível cassação do mandato do senador Sergio Moro (União Brasil) pelo Tribunal Regional Eleitoral do Paraná (TRE-PR) por abuso de poder econômico na pré-campanha eleitoral de 2022.",Folha - UOL,https://www1.folha.uol.com.br/poder/2024/04/e-falso-que-demetrio-magnoli-tenha-sido-demitido-da-globonews-apos-criticar-possivel-cassacao-de-moro.shtml,Falso,2024-04-11 07:00:00,https://encrypted-tbn0.gstatic.com/images?q=tbn:ANd9GcRvX1roSwXlUf2H_4iNQffqcCupFLxshk3jXzsmEUEdvtQ_rk8Z,"['Demétrio Magnoli', 'GloboNews', 'Sergio Moro', 'Jornalista', 'Eleição', 'Brasil', 'União Brasil', 'Mandato']"
375,Presidente de Portugal eleito no domingo disse que Lula não entra em Portugal,Aos Fatos,https://www.aosfatos.org/noticias/deputado-extrema-direita-presidente-portugal-proibir-entrada-lula/,Falso,2024-03-13 07:00:00,https://encrypted-tbn0.gstatic.com/images?q=tbn:ANd9GcQ9Mvl4hZ_bWLFSIDUlC7mxmivKmUDeWxKgnNXFEP45T63Y5WH3,"['Luiz Inácio Lula da Silva', 'Presidente da República de Portugal', 'Presidente', 'Eleição', 'Portugal']"
376,Ministro de Lula deixou escapar: eleito com 39%?,UOL Notícias,https://noticias.uol.com.br/confere/ultimas-noticias/2024/02/16/ministro-de-lula-se-referia-ao-total-de-eleitores-fala-nao-indica-fraude.htm,Falso,2024-02-16 08:00:00,https://encrypted-tbn2.gstatic.com/images?q=tbn:ANd9GcQNWcWNMA_jIuGzlr5f1_LbnQjhuQ7USP_a7CLPR0C595zT-Cba,"['Luiz Inácio Lula da Silva', 'Eleição', 'Ministro']"
377,Klaus Schwab diz que a IA vai substituir os processos eleitorais,AFP Checamos,https://checamos.afp.com/doc.afp.com.34HJ364,Parcialmente verdadeiro,2024-02-02 08:00:00,https://encrypted-tbn2.gstatic.com/images?q=tbn:ANd9GcTD3FrTwXzxmbFAngVZwpr2Pu-ZSQvFcr3ZmB2uyDBuX7gEIDWR,"['Klaus Schwab', 'Inteligência artificial', 'Eleição']"
378,"Em um vídeo que circula nas redes sociais, um homem comenta uma notícia sobre o fato de o Partido Liberal (PL) ter manifestado a intenção de concorrer à presidência da Câmara dos Deputados e conclui que Jair Bolsonaro não está inelegível e que vai mandar no Brasil caso o partido dele vença a eleição interna da Casa. Uma legenda acrescentada sobre as imagens afirma que “Bolsonaro pode assumir a presidência”.",Folha - UOL,https://www1.folha.uol.com.br/poder/2023/12/mesmo-se-pl-chegar-a-presidencia-da-camara-bolsonaro-nao-mandara-no-brasil-ao-contrario-de-post.shtml,Falso,2023-12-18 08:00:00,https://encrypted-tbn3.gstatic.com/images?q=tbn:ANd9GcT3EcuItdFqYj2NTFq-EtZJm2SFgk7C_vYF1nLUyDIBQXhYvtFl,"['Jair Bolsonaro', 'Presidente da Câmara dos Deputados do Brasil', 'Presidente do Brasil', 'Partido Liberal', 'Câmara dos Deputados, Brasil', 'Brasil', 'Eleição']"
379,A verdade é que Joe Biden prometeu acabar com o cancro se fosse eleito em 11 de junho de 2019 e foi exactamente isso que fez.,Observador,https://observador.pt/factchecks/fact-check-joe-biden-diz-que-cumpriu-promessa-eleitoral-e-conseguiu-curar-o-cancro/,Enganador,2023-12-11 08:00:00,https://encrypted-tbn1.gstatic.com/images?q=tbn:ANd9GcRQ19CN0G8oWSnRGSvRHYkwLcywkcgCtqPBTMwftS8_r-FmEfdy,"['Joe Biden', 'Câncer', 'Eleição', 'Junho', 'Verdade', '2019', 'Oxigênio']"
380,Maduro está pronto para invadir a Guiana. Ele ainda debochou do sistema eleitoral brasileiro,UOL Notícias,https://noticias.uol.com.br/confere/ultimas-noticias/2023/12/07/maduro-nao-debochou-de-urnas-eletronicas-usadas-no-brasil.htm,Falso,2023-12-07 08:00:00,https://encrypted-tbn3.gstatic.com/images?q=tbn:ANd9GcRdC02Rm65h1EMmdOjCYWtjVnP0H_bz0IaOpW0hw96ftlzyabmY,"['Nicolás Maduro', 'Eleição', 'Sistema eleitoral do Brasil', 'Guiana']"
381,"Vídeo com trecho de diálogo entre os ministros do Tribunal Superior Eleitoral Alexandre de Moraes e Raul Araújo Filho, durante um julgamento na Corte. O conteúdo traz uma frase em que Moraes cita entender “que houve fraude”. Neste momento, uma locução sobrepõe a fala de Moraes: “ele assume que teve fraude”. O vídeo contém ainda as seguintes frases: “Olha aí a casa ‘caído’. Julgamento no caso das eleições”, dando a entender que Alexandre de Moraes estivesse fazendo alusão a uma suposta fraude nas urnas eletrônicas.",Folha - UOL,https://www1.folha.uol.com.br/poder/2023/11/video-engana-ao-sugerir-que-alexandre-de-moraes-admitiu-fraude-nas-eleicoes.shtml,Falso,2023-11-28 08:00:00,https://encrypted-tbn1.gstatic.com/images?q=tbn:ANd9GcTkIBCQWPEbTDPaGMbgeNapVjitXU-9mtjVZOxZ9ssIeRn-r-jb,"['Alexandre de Moraes', 'Fraude nas urnas eletrônicas', 'Eleição', 'Tribunal Superior Eleitoral', 'Ministro', 'Raul Araújo', 'Tribunal']"
382,Alexandre de Moraes assume que teve fraude nas eleições presidenciais de 2022,UOL Notícias,https://noticias.uol.com.br/comprova/ultimas-noticias/2023/11/23/video-engana-ao-sugerir-que-moraes-admitiu-fraude-nas-eleicoes.htm,Falso,2023-11-23 08:00:00,https://encrypted-tbn2.gstatic.com/images?q=tbn:ANd9GcS4qUL22W7g2Oz3KHW8t975cbhRC_23Xi0gZ3l7UssrYpr14d65,"['Alexandre de Moraes', 'Fraude', 'Eleição', 'Presidente', 'Eleições presidenciais brasileiras, 2022', 'Eleições presidenciais', '2022']"
383,Mesária mostra fraude da eleição passada para presidente,Projeto Comprova,https://projetocomprova.com.br/publica%C3%A7%C3%B5es/terminal-do-mesario-nao-mostra-votos-de-eleitores-tse-esclareceu-o-boato/,Falso,2023-11-09 08:00:00,nan,"['Mesário', 'Eleição', 'Presidente', 'Fraude']"
384,Jornalistas da GloboNews falam que o STF estava mancomunado com Lula,Estadão,https://www.estadao.com.br/estadao-verifica/video-descontextualiza-falas-de-jornalistas-para-sugerir-que-stf-interferiu-na-eleicao-de-lula/,Parcialmente verdadeiro,2023-11-27 08:00:00,https://encrypted-tbn3.gstatic.com/images?q=tbn:ANd9GcQ4JoAqwxFL1QBX6insyU0MJDTi43194dsfakRsc_IgCFkcdhiv,"['Luiz Inácio Lula da Silva', 'Supremo Tribunal Federal', 'Jornalista', 'GloboNews']"
385,"Vídeo mostra que muitas pessoas chegaram nas zonas eleitorais para votar em Javier Milei, mas não conseguiram, porque as cédulas haviam desaparecido ou simplesmente foram danificadas e jogadas em latas de lixo, mas só as de Javier Milei",UOL Notícias,https://noticias.uol.com.br/confere/ultimas-noticias/2023/10/27/video-de-agosto-e-compartilhado-como-se-fosse-do-1-turno-na-argentina.htm,Falso,2023-10-27 07:00:00,https://encrypted-tbn3.gstatic.com/images?q=tbn:ANd9GcSnN-JQa8iiJBSmmjSxKvRAPPD20YPtwMDDunWc4iyYtvFRNmH8,"['Eleição', 'Votação', 'Vídeo', 'Javier Milei', 'Cédula eleitoral', 'Zona eleitoral', 'Resíduo sólido']"
386,Jornal noticia que Javier Milei ganhou as eleições e é o novo presidente da Argentina,Estadão,https://www.estadao.com.br/estadao-verifica/javier-milei-eleito-presidente-primeiro-turno/,Falso,2023-10-26 07:00:00,https://encrypted-tbn3.gstatic.com/images?q=tbn:ANd9GcQEGiTe1EEFJt0yiSwJ4ZRgz5G6Islvl-yZpshc1NpQ_wRel0e8,"['Javier Milei', 'Eleição', 'Argentina', 'Presidente', 'Notícia', 'Jornal', 'Presidente da Argentina']"
387,Prefeitura Belo Horizonte anula eleição para Conselho Tutelar por irregularidades em urnas eletrônicas do TSE,UOL Notícias,https://noticias.uol.com.br/confere/ultimas-noticias/2023/10/17/eleicao-para-conselho-tutelar-em-bh-nao-utilizou-urnas-da-justica-eleitoral.htm,Falso,2023-10-17 07:00:00,https://encrypted-tbn2.gstatic.com/images?q=tbn:ANd9GcRcq27ZmlbDHxZ2ZNUB-dJJ4kM_B-d-n2BcMUYpmrLig7U-0_Qq,"['Eleição', 'Conselho Tutelar', 'Urna eleitoral', 'Urna eletrônica', 'Tribunal Superior Eleitoral', 'Belo Horizonte', 'Prefeito no Brasil', 'Prefeitura de Belo Horizonte', 'Eletrônica']"
388,Prefeitura de Belo Horizonte anula eleição para Conselho Tutelar por irregularidades em urnas eletrônicas.,Estadão,https://www.estadao.com.br/estadao-verifica/falso-eleicao-conselho-tutelar-bh-usado-urnas-eletronicas-tse/,Falso,2023-10-12 07:00:00,https://encrypted-tbn3.gstatic.com/images?q=tbn:ANd9GcQmiR8xr-Cc73Th8Ih4p718Q3QFi8kQDPuKfswso7Bz5zGH5u5r,"['Urna eletrônica', 'Urna eleitoral', 'Eleição', 'Belo Horizonte', 'Conselho Tutelar', 'Prefeito no Brasil', 'Prefeitura de Belo Horizonte']"
389,PT faz trambique em eleições em Diadema,Estadão,https://www.estadao.com.br/estadao-verifica/pt-trambique-eleicao-conselho-tutelar-diadema/,Falso,2023-10-09 07:00:00,https://encrypted-tbn3.gstatic.com/images?q=tbn:ANd9GcQ7tjZ-MAHJqoLjWaa-Qxel7j_96crHbwIfUJC9Xk6O6cWA5shf,"['Eleição', 'Diadema', 'Partido dos Trabalhadores', 'Partido dos Trabalhadores']"
390,Ministro Silvio Almeida quer cancelar a eleição do conselho tutelar,Aos Fatos,https://www.aosfatos.org/noticias/falso-ministerio-direitos-humanos-cancelar-eleicao-conselhos-tutelares/,Falso,2023-10-04 07:00:00,https://encrypted-tbn2.gstatic.com/images?q=tbn:ANd9GcR_IpYTp5q5Mesl6r4vzOmX2_BhDs7RXBp-kkBkMd6qTQlTs9uc,"['Conselho Tutelar', 'Eleição', 'Silvio Luiz de Almeida', 'Ministro']"
391,"Post no TikTok, com o título “capital da moda faliu, faz o L”, apresenta um homem reagindo a um vídeo em que uma pessoa circula por um centro comercial e informa estar na cidade de Santa Cruz do Capibaribe. No estabelecimento, segundo o vídeo, as lojas teriam falido por responsabilidade do governo Lula, uma vez que a situação na gestão de Jair Bolsonaro (PL) seria diferente. No vídeo, é feita uma relação direta entre a suposta falência com o número de votos dados por eleitores do Nordeste a Lula na última eleição. “Aqui é o maior comércio popular de roupa do Nordeste. Faliu. Lojas vazias, lojas com placas de aluguel, povo desesperado, falência total. Tire suas próprias conclusões. Você vai assistir agora um cenário terrível”, diz o autor da publicação.",Folha - UOL,https://www1.folha.uol.com.br/mercado/2023/09/e-falso-que-maior-comercio-popular-do-nordeste-tenha-falido.shtml,Falso,2023-09-27 07:00:00,https://encrypted-tbn0.gstatic.com/images?q=tbn:ANd9GcR-1nK4-rglFBM-BWOHuTdobC_vM7u-vM19RvSPYTzzq79QREmW,"['Luiz Inácio Lula da Silva', 'Região Nordeste do Brasil', 'Eleição', 'Jair Bolsonaro', 'Faz o L', 'Partido Liberal', 'Votação']"
392,"""Governo vai gastar 32 milhões de euros para substituir cadernos eleitorais e vai implementar voto electrónico.""",Observador,https://observador.pt/factchecks/fact-check-governo-vai-gastar-32-milhoes-em-cadernos-eleitorais-digitais-e-implementar-voto-eletronico/,Enganador,2023-09-18 07:00:00,https://encrypted-tbn2.gstatic.com/images?q=tbn:ANd9GcT7EC9JTQvpT4eoev45ZD_q7vPnCJRIKFPX3WrtWSAo--cRMwwf,"['Eleição', 'Votação', 'Caderno', 'Governo', 'Eletrônica', 'Euro']"
393,"GRAVE! De acordo com Ives Gandra, o Instituto V-DEM da Universidade de Gotemburgo, que avalia a qualidade das democracias no mundo, classificou o Brasil como uma democracia apenas eleitoral. Nestas democracias, após as eleições, o povo não apita mais nada. O Instituto levou também em consideração a censura no Brasil e a existência de presos políticos.",UOL Notícias,https://noticias.uol.com.br/comprova/ultimas-noticias/2023/09/13/brasil-cai-em-ranking-de-democracias-desde-2016-houve-leve-melhora-em-2023.htm,Falso,2023-09-13 07:00:00,https://encrypted-tbn3.gstatic.com/images?q=tbn:ANd9GcQrsbanUuD02Nw9uPKpSmRatIFpvpKtS1iiRm0pL6HlnFNfYvsn,"['Democracia', 'Brasil', 'Política', 'Eleição']"
394,"Hackers quebraram o código-fonte e descobriram que Jair Bolsonaro venceu as eleições com 73,5% dos votos",Estadão,https://www.estadao.com.br/estadao-verifica/nao-hackers-nao-quebraram-codigo-fonte-das-urnas-nem-revelaram-vitoria-de-bolsonaro/,Falso,2023-09-13 07:00:00,https://encrypted-tbn0.gstatic.com/images?q=tbn:ANd9GcR69_fYZeJz7hxL8q_Wuub_9F0W-57kln5LspokWhj4bDxohW5D,"['Jair Bolsonaro', 'Código-fonte', 'Eleição', 'Votação', 'Hacker']"
395,É enganoso que um único técnico do TSE possa alterar o resultado das eleições mexendo no código-fonte das urnas eletrônicas,Estadão,https://www.estadao.com.br/estadao-verifica/hacker-faz-afirmacoes-incorretas-sobre-codigo-fonte-e-seguranca-das-urnas-eletronicas-em-cpmi/,Falso,2023-08-24 07:00:00,https://encrypted-tbn1.gstatic.com/images?q=tbn:ANd9GcQu_tYjhtLH2-hNDqwkPgnHBFEmjr0zDwket3c6ZWH5HLMzmKVf,"['Urna eletrônica', 'Código-fonte', 'Tribunal Superior Eleitoral', 'Eleição', 'Urna eleitoral', 'Eletrônica', 'Resultado']"
396,Ciro Gomes já sabia que haveria uma fraude eleitoral,Estadão,https://www.estadao.com.br/estadao-verifica/ciro-gomes-maior-fraude-eleitoral-historia/,Falso,2023-07-26 07:00:00,https://encrypted-tbn1.gstatic.com/images?q=tbn:ANd9GcSAmJI6_-KsAaeVIBR4eEXMYPp8gMzzlVMeE3OpqNWNXR_92hcd,"['Ciro Gomes', 'Fraude eleitoral', 'Eleição', 'Fraude']"
397,"Se 88 milhões de CPFs DIFERENTES fizeram Pix para Bolsonaro, como foi que o larápio ganhou a eleição?? Seria essa a bala de prata???",UOL Notícias,https://noticias.uol.com.br/confere/ultimas-noticias/2023/06/30/bolsonaro-nao-recebeu-r-125-mi-no-pix-post-usa-dados-do-divulgacand.htm,Falso,2023-06-30 07:00:00,https://encrypted-tbn3.gstatic.com/images?q=tbn:ANd9GcTeOZBjiHlJ_VugFkF7MzuLIiM4Ee6Kgc97QojP57myceaSzx-L,"['Jair Bolsonaro', 'PIX', 'Eleição', 'Cadastro de Pessoas Físicas']"
398,Graças a vocês eu fui eleito com a campanha mais barata da história,Aos Fatos,https://www.aosfatos.org/noticias/o-que-e-e-o-que-nao-e-fato-no-pronunciamento-de-bolsonaro-ao-povo/,Verdadeiro,2019-01-01 08:00:00,https://encrypted-tbn3.gstatic.com/images?q=tbn:ANd9GcRCQ6wpGhbGyt0_2R5h2QjMLcw_HpZlNwwkwA2jhxb8v4FeMZAK,"['Eleição', 'História']"
399,"Nas eleições gerais de 2022 foram anulados 7,2 milhões de votos pelo TSE",AFP Checamos,https://checamos.afp.com/doc.afp.com.32KP4ZA,Falso,2022-10-04 07:00:00,https://encrypted-tbn2.gstatic.com/images?q=tbn:ANd9GcTmArTGCoohwVSV6QjIsicjkAWykMpm2j2pLNL2vP2ztjVGI1t1,"['Eleição', 'Votação', 'Eleições gerais brasileiras, 2022', 'Tribunal Superior Eleitoral', 'Eleições gerais', '2022']"
400,"O aplicativo do TSE , denominado de Pardal, criado para denúncias de propaganda eleitoral irregular e outras afrontas a lei eleitoral não permite denúncias contra o PT.",Projeto Comprova,https://projetocomprova.com.br/publica%C3%A7%C3%B5es/e-falso-que-aplicativo-do-tse-nao-permita-denuncias-contra-o-pt-eleitor-deve-selecionar-federacao-partidaria/,Falso,2022-10-26 07:00:00,https://encrypted-tbn0.gstatic.com/images?q=tbn:ANd9GcQHgJUqSahjTZ33dSTL-Xe19r4tmfjzgRFS3W5znT7OKrfnXsOu,"['Tribunal Superior Eleitoral', 'Partido dos Trabalhadores', 'Denúncia', 'Eleição', 'Partido dos Trabalhadores', 'Campanha eleitoral', 'Lei']"
401,TSE anunciou voto online para as eleições de 2020 e quebra de sigilo do voto,UOL Notícias,https://noticias.uol.com.br/confere/ultimas-noticias/2020/10/20/tse-nao-anunciou-voto-online-para-as-eleicoes-de-2020.htm,Falso,2020-10-20 07:00:00,https://encrypted-tbn3.gstatic.com/images?q=tbn:ANd9GcQaiYA_1cSKWIvlTrVMkiV0GFhkgp9Iso7KeVzD3P2nRQiMud88,"['Tribunal Superior Eleitoral', 'Votação', 'Eleição', 'Eleições municipais no Brasil, 2020', '2020']"
402,Estabilidade de percentuais de voto prova fraude na eleição para prefeito de São Paulo no Brasil,AFP Checamos,https://checamos.afp.com/estabilidade-de-percentual-de-votos-em-sao-paulo-nao-prova-fraude-eleitoral,Falso,2020-11-17 08:00:00,https://encrypted-tbn3.gstatic.com/images?q=tbn:ANd9GcRLTCjXSom_DID7DedQdsfxx3Svb6PU3Sgy3g1mk4MWb54Q3sUm,"['Eleição', 'Votação', 'Fraude', 'São Paulo', 'Prefeito de São Paulo', 'Primátor', 'Brasil']"
403,Site de enquetes é uma forma de saber quem realmente está na frente das pesquisas eleitorais para presidente em 2022.,Projeto Comprova,https://projetocomprova.com.br/publica%C3%A7%C3%B5es/enquete-em-site-nao-indica-quem-esta-na-frente-das-pesquisas-eleitorais/,Falso,2021-07-16 07:00:00,nan,"['Eleição', 'Pesquisa', 'Pesquisa', 'Presidente', 'Site', '2022']"
404,Urgente! Ciro Gomes diz: ?País sofrerá a maior fraude eleitoral da História?,UOL Notícias,https://noticias.uol.com.br/confere/ultimas-noticias/2022/10/03/fala-de-ciro-gomes-e-tirada-de-contexto-para-alegar-fraude-nas-urnas.htm,Insustentável,2022-10-03 07:00:00,https://encrypted-tbn2.gstatic.com/images?q=tbn:ANd9GcQnzi-Z8sZMrcvfKNdajzenkGmd2rn6VmD8WThzWsfsVBhyWaZr,"['Ciro Gomes', 'Fraude', 'Fraude eleitoral', 'Eleição']"
405,afirmação de que mesários e eleitores estariam proibidos de votar com a camisa da Seleção Brasileira.,Metrópoles,https://www.metropoles.com/distrito-federal/e-falso-que-nao-pode-votar-com-a-camisa-da-selecao-brasileira,Falso,2022-10-01 07:00:00,https://encrypted-tbn1.gstatic.com/images?q=tbn:ANd9GcQ3j5szfBsTbKj2M4BQyJU53QXstWV0ijJjiS405ErRegFHXgwK,"['Seleção Brasileira', 'Votação', 'Mesário', 'Eleição', 'Brasil', 'Camisa']"
406,Documentos mostram que Bolsonaro foi eleito no primeiro turno em 2018,Aos Fatos,https://www.aosfatos.org/noticias/denuncia-de-fraude-que-impediu-vitoria-de-bolsonaro-no-1-turno-foi-arquivada-por-falta-de-provas/,Falso,2020-10-05 07:00:00,https://encrypted-tbn0.gstatic.com/images?q=tbn:ANd9GcQv-75LRSvyhT1ZyJtUluLv_5s1gItZSCUzykdF33vw1eo3eNCD,"['Jair Bolsonaro', 'Eleição', 'Documento', '2018']"
407,Dois vídeos da contagem de votos nos EUA provam que a eleição foi fraudada,Aos Fatos,https://www.aosfatos.org/noticias/videos-da-contagem-de-votos-nao-provam-que-eleicao-nos-eua-foi-fraudada/,Falso,2020-11-06 08:00:00,https://encrypted-tbn0.gstatic.com/images?q=tbn:ANd9GcRTpXPkPAh2CIXBznB8_hKH4Sl_6Otn8BTyrIhws_jN5SNz0SDu,"['Eleição', 'Votação', 'Estados Unidos', 'Fraude', 'Vídeo']"
408,"Proposta apresentada na Câmara abre caminho para a anulação das eleições presidenciais de 2018, uma vez que a disputa poderia ocorrer apenas em 2020, quando haverá eleição para as prefeituras.",Aos Fatos,https://www.aosfatos.org/noticias/noticia-falsa-camara-nao-pretende-aumentar-mandato-de-temer/,Falso,2017-05-04 07:00:00,https://encrypted-tbn3.gstatic.com/images?q=tbn:ANd9GcTtHGUHpAPh3RTEkPMAMI9LY9KAb0AivUAXNcgjA0QtwhzwHh3A,"['Câmara dos Deputados, Brasil', 'Eleição', 'Presidente', 'Eleições presidenciais brasileiras, 2018', 'Eleições presidenciais', '2020', '2018', 'Prefeito no Brasil']"
409,"O que estamos denunciando é que o impedimento de Lula seria uma fraude nas eleições. [O boicote] é uma coisa que não está sendo oficialmente discutida ainda, mas vai caminhar para isso se ele for impedido de ser candidato. É um processo que não tem base jurídica.",Aos Fatos,https://www.aosfatos.org/noticias/o-que-dizem-os-politicos-e-redes-sobre-o-julgamento-de-lula-e-o-que-mostram-os-fatos/,Verdadeiro,2018-01-24 08:00:00,nan,"['Luiz Inácio Lula da Silva', 'Eleição', 'Candidato', 'Processo judicial', 'Fraude', 'Denúncia', 'Pessoa jurídica', 'Boicote']"
410,"Postagem no Instagram mostra um homem reagindo a um vídeo antigo em que uma mulher fala sobre o suposto voto de seu marido, falecido em 2010, na eleição presidencial de 2022.",Folha - UOL,https://www1.folha.uol.com.br/poder/2023/04/homem-engana-ao-repostar-video-antigo-com-denuncia-sobre-votos-de-pessoas-falecidas.shtml,Falso,2023-04-24 07:00:00,https://encrypted-tbn2.gstatic.com/images?q=tbn:ANd9GcTPQXQSzUEyAxECHbkMr81uSX0cmQc0JAPsF5RqI2n5TZ6J6Jv3,"['Votação', 'Eleição', 'Presidente', 'Vídeo', 'Morte', 'Eleições presidenciais brasileiras, 2022', '2022', 'Eleições presidenciais', 'Mulher']"
411,TSE permitirá voto por celular nas eleições de 2020.,Aos Fatos,https://www.aosfatos.org/noticias/e-falso-que-tse-permitiu-voto-pelo-celular-nestas-eleicoes/,Falso,2020-10-22 07:00:00,nan,"['Tribunal Superior Eleitoral', 'Eleição', 'Votação', 'Eleições municipais no Brasil, 2020', 'Telefone celular', '2020']"
412,Venezuela e Argentina utilizam as mesmas urnas eletrônicas em eleições.,AFP Checamos,https://checamos.afp.com/venezuela-usa-urna-eletronica-enquanto-argentina-usa-cedula-de-papel-em-eleicoes,Falso,2020-11-27 08:00:00,https://encrypted-tbn2.gstatic.com/images?q=tbn:ANd9GcRLDbX9nbfs--1zR0RG0lDkwRsvp_9-zG2BVnpDJP4PNknvUSi8,"['Urna eleitoral', 'Venezuela', 'Urna eletrônica', 'Eleição', 'Eletrônica', 'Argentina']"
413,"afirmação de que, para votar nas eleições de 2022, é necessário apresentar um documento de identificação com foto aos mesários",Metrópoles,https://www.metropoles.com/distrito-federal/e-verdadeiro-que-e-preciso-de-documento-com-foto-para-votar-entenda,Verdadeiro,2022-09-13 07:00:00,https://encrypted-tbn0.gstatic.com/images?q=tbn:ANd9GcSanatSWKowj2TrVcpoTVqbx2dHJn3B36v8J0iWsFBf2zTYjQ7Q,"['Votação', 'Documento', 'Eleição', 'Mesário', 'Fotografia', 'Documento de identidade', 'Eleições presidenciais brasileiras, 2022', '2022']"
414,STM dá 72 horas para Alexandre de Moraes explicar fraude eleitoral,Aos Fatos,https://www.aosfatos.org/noticias/stm-e-defesa-nao-provaram-fraude-eleitoral-nem-intimaram-moraes/,Falso,2022-11-04 07:00:00,https://encrypted-tbn2.gstatic.com/images?q=tbn:ANd9GcQY6mSUpGKHEjixCoLQ77vtXyCKKJq91pGNM5MNOtv2ydAkvJLA,"['Fraude eleitoral', 'Superior Tribunal Militar', 'Alexandre de Moraes', 'Fraude', 'Eleição']"
415,Título eleitoral tem propaganda para Lula,Aos Fatos,https://www.aosfatos.org/noticias/e-falso-que-tse-fez-propaganda-para-lula-em-titulo-de-eleitor/,Falso,2022-08-11 07:00:00,https://encrypted-tbn2.gstatic.com/images?q=tbn:ANd9GcT2OM7POS2AHOs_dG96821gHkTwme1wJMraMvsZULKDg81y7-rr,"['Luiz Inácio Lula da Silva', 'Título de eleitor', 'Eleição', 'Propaganda']"
416,Vídeo mostra resultados diferentes no aplicativo e no boletim impresso da mesma zona eleitoral de Rio Branco,Aos Fatos,https://www.aosfatos.org/noticias/e-falso-que-dados-de-boletim-de-urna-diferem-de-numeros-do-aplicativo-do-tse-em-rio-branco/,Falso,2020-11-23 08:00:00,https://encrypted-tbn2.gstatic.com/images?q=tbn:ANd9GcTASV3XdHBqJSMJ7bK2caPVp2YNZSZXoJXoKOJaNIyzRsWO1DSx,"['Eleição', 'Zona eleitoral', 'Aplicativo móvel', 'Rio Branco', 'Vídeo']"
417,"Ninguém pode ser preso no dia da eleição, apenas quem usar celular na cabine de votação",AFP Checamos,https://checamos.afp.com/doc.afp.com.32JZ2UN,Falso,2022-09-23 07:00:00,https://encrypted-tbn2.gstatic.com/images?q=tbn:ANd9GcQLqXQ4QQmaITolqYsPynQHvzWTmivd6vi9UY6IAuVUHdvuPpxh,"['Eleição', 'Dia da eleição', 'Votação', 'Telefone celular', 'Dia', 'Prisão']"
418,Maduro envia vídeo desejando boa sorte para Lula nas eleições de 2022,Aos Fatos,https://www.aosfatos.org/noticias/video-maduro-lula-2020-nao-atual/,Não_É_Bem_Assim,2022-10-25 07:00:00,https://encrypted-tbn1.gstatic.com/images?q=tbn:ANd9GcQl9kKj6pH1gEWZDFqFeo4xhZy0VH0--a6_mLdakdPyApHC5kkZ,"['Nicolás Maduro', 'Luiz Inácio Lula da Silva', 'Eleição', 'Vídeo', 'Eleições presidenciais brasileiras, 2022', '2022', 'Sorte']"
419,Vídeo mostra Silas Malafaia em frente a patriotas em Brasília após a eleição,Aos Fatos,https://www.aosfatos.org/noticias/malafaia-brasilia-sete-de-setembro/,Não_É_Bem_Assim,2022-11-03 07:00:00,https://encrypted-tbn1.gstatic.com/images?q=tbn:ANd9GcR7dQJ8y1xhCH-SYHm_j-ZAK50AUGRZsAO80hgUuL-ukw_QsXB0,"['Silas Malafaia', 'Eleição', 'Brasília', 'Vídeo']"
420,Espaço dedicado para os eleitores do Bolsonaro explicarem a retirada da INSULINA do SUS.,Aos Fatos,https://www.aosfatos.org/noticias/governo-bolsonaro-nao-suspendeu-distribuicao-de-insulina-no-sus/,Falso,2019-07-22 07:00:00,https://encrypted-tbn3.gstatic.com/images?q=tbn:ANd9GcT_ZyzuE5-9sI6iL9hkb6kewfsL4AuElB181mSMbMXQICpQAk7S,"['Insulina', 'Jair Bolsonaro', 'Sistema Único de Saúde', 'Eleição']"
421,Eleitor que não levar caneta será proibido de votar,UOL Notícias,https://noticias.uol.com.br/confere/ultimas-noticias/2020/11/14/e-falso-que-eleitor-que-nao-levar-caneta-nao-podera-votar.htm,Falso,2020-11-14 08:00:00,https://encrypted-tbn1.gstatic.com/images?q=tbn:ANd9GcRbGixJ5m0YAOLOl7X6pboSVC8VtyLRzJSfrz60GMasOKfN4rhj,"['Eleitor', 'Votação', 'Eleição']"
422,O Aécio Neves foi afastado da presidência do partido. [...] Só fui eleito presidente do PSDB porque ele foi afastado.,Aos Fatos,https://www.aosfatos.org/noticias/os-erros-e-acertos-de-alckmin-no-jornal-nacional-e-na-globonews/,Falso,2018-08-30 07:00:00,https://encrypted-tbn1.gstatic.com/images?q=tbn:ANd9GcRH-KUoJNIGmqBMdycFf5LWUOhYEX4hX1Mz8GI5LSfhh0-SoGKz,"['Aécio Neves', 'PSDB', 'Partido da Social Democracia Brasileira', 'Eleição', 'Partido político', 'Presidente', 'Presidente do Brasil']"
423,Documento revela que Bolsonaro venceu as eleições de 2018 no primeiro turno,Aos Fatos,https://www.aosfatos.org/noticias/posts-reciclam-denuncia-arquivada-por-falta-de-provas-sobre-vitoria-de-bolsonaro-no-1-turno/,Falso,2022-07-25 07:00:00,https://encrypted-tbn0.gstatic.com/images?q=tbn:ANd9GcQw9cdvx69DiUF9Kg510MWCn0KeseLov8p5TtEL5eamc4m3lh2x,"['Jair Bolsonaro', 'Eleição', 'Eleições presidenciais brasileiras, 2018', 'Documento', '2018']"
424,Títulos de eleitor encontrados no lixo reciclável no Ceará provam fraude eleitoral no estado.,Aos Fatos,https://www.aosfatos.org/noticias/falso-titulos-eleitor-lixo-provam-fraude/,Falso,2022-11-21 08:00:00,https://encrypted-tbn3.gstatic.com/images?q=tbn:ANd9GcTgLPihgnpn8FKY-4fb0EO4KDF8hOwO1_Ut7_IiQ1wtHhHcv9R8,"['Fraude eleitoral', 'Título de eleitor', 'Eleitor', 'Eleição', 'Fraude', 'Resíduo sólido', 'Reciclagem']"
425,É proibido atirar em ladrões a menos que eles atirem antes; é proibido prender pessoas nas eleições,Estadão,https://www.estadao.com.br/estadao-verifica/leis-prisoes-eleicoes-legitima-defesa/,Falso,2023-06-14 07:00:00,https://encrypted-tbn2.gstatic.com/images?q=tbn:ANd9GcRTAsn6sQH9LGr61Fkq12Xu6WhBBjG1hM7q0iaw2AKelrDTxh4j,"['Eleição', 'Pessoa']"
426,"A T E N Ç Ã O !

Os IDOSOS com mais de 65 anos, que não votam mais, independente de quanto tempo não vote, seja 1 ou 10 anos, TEM QUE FAZER A BIOMETRIA NO T.R.E., pois quem não fizer vai ter o Título Eleitoral cancelado e consequentemente o CPF também. Com isso, quem recebe aposentadoria ou pensão ou algum benéfico, pode ser bloqueado.",Aos Fatos,https://www.aosfatos.org/noticias/e-falso-que-idosos-que-nao-fizerem-biometria-na-justica-eleitoral-vao-perder-aposentadoria/,Falso,2019-11-25 08:00:00,nan,"['Biometria', 'Título de eleitor', 'Eleição', 'Idoso', 'Aposentadoria', 'Votação', 'Benefício', 'Cadastro de Pessoas Físicas', 'Ano']"
427,Vídeo que circula nas redes sociais dizendo haver um censor do TSE (Tribunal Superior Eleitoral) durante a gravação de um programa da Jovem Pan,Folha - UOL,https://www1.folha.uol.com.br/poder/2022/10/e-falso-que-tse-enviou-censor-para-fiscalizar-programa-da-jovem-pan.shtml,Falso,2022-10-20 07:00:00,https://encrypted-tbn1.gstatic.com/images?q=tbn:ANd9GcQyDLgGtgZdLTelhxIKkmlldakiIQ0s-zJoPZP4mPbRmYJvgyDo,"['Censura', 'Tribunal Superior Eleitoral', 'Jovem Pan', 'Eleição', 'Tribunal', 'Gravação', 'Vídeo']"
428,O presidente Bolsonaro disse que confiscará aposentadorias se for eleito,AFP Checamos,https://checamos.afp.com/doc.afp.com.32L76VD,Falso,2022-10-11 07:00:00,https://encrypted-tbn1.gstatic.com/images?q=tbn:ANd9GcSyAK6vqakxL69tMlzZfkRMSjM-LUs0OI-BnCFN0azy0iz9tB0F,"['Jair Bolsonaro', 'Presidente', 'Aposentadoria', 'Eleição']"
429,Lula confessou que não ganhou a eleição,Aos Fatos,https://www.aosfatos.org/noticias/falso-lula-admitiu-derrota/,Falso,2023-01-03 08:00:00,https://encrypted-tbn0.gstatic.com/images?q=tbn:ANd9GcQ-CVAwg7NTC5WqgkAPWVv9dAobIEvTcKS0cO4ilEq0ozr_ncHX,"['Luiz Inácio Lula da Silva', 'Eleição']"
430,"Publicação no TikTok que reproduzia trecho de live do deputado federal Coronel Tadeu (PL-SP) junto com o empresário argentino Fernando Cerimedo em que eles afirmavam existir seções eleitorais com 1,5 mil eleitores, o que seria indicativo de fraude eleitoral. No vídeo, eles alegam que, como o tempo médio de votação de um eleitor no primeiro turno era de um minuto e as seções eleitorais ficam abertas por 540 minutos (9 horas, das 8h às 17h), não seria possível haver seções eleitorais que tivessem mais de 540 eleitores. “Se uma pessoa leva um minuto para votar, só pode no máximo 540”. “Você tem 9h de votação, 540 min. Se ele encontrou 1.500 votos em uma urna que só podia ter 540 significa que cada pessoa votou em 20 segundos”. “É sinal de que votos foram inseridos na urna”, concluem.",Folha - UOL,https://www1.folha.uol.com.br/poder/2022/11/e-falso-que-existam-urnas-com-15-mil-eleitores-ao-contrario-do-que-alega-deputado.shtml,Falso,2022-11-22 08:00:00,https://encrypted-tbn2.gstatic.com/images?q=tbn:ANd9GcSp21LRkXWJyGKik8wmpQWhZD2T9e7GXYIHXKTCAlYorY5cKntZ,"['Eleitor', 'Eleição', 'Deputado', 'Votação', 'Deputado Federal do Brasil']"
431,"Urna de uma seção eleitoral em Cordeiro, na Região Serrana do Rio já tinha 139 votos registrados para Lula",UOL Notícias,https://noticias.uol.com.br/confere/ultimas-noticias/2022/09/28/e-falso-que-urnas-em-cidade-do-rj-ja-tinham-votos-registrados-para-lula.htm,Falso,2022-09-28 07:00:00,https://encrypted-tbn0.gstatic.com/images?q=tbn:ANd9GcTs-Lo6a9nWsIZ4Khpjy_vUfx0864hsjh1KQUvrMAUlDVLhB2qR,"['Urna eleitoral', 'Luiz Inácio Lula da Silva', 'Votação', 'Eleição', 'Rio de Janeiro', 'Microrregión Serrana']"
432,Tite fala em entrevista à Globo: ‘Eleitores de Bolsonaro são alienados’,Aos Fatos,https://www.aosfatos.org/noticias/e-falso-que-tite-afirmou-que-eleitores-de-bolsonaro-sao-alienados/,Falso,2019-07-10 07:00:00,https://encrypted-tbn1.gstatic.com/images?q=tbn:ANd9GcQYgW2KVHPE6UllmyfX9Avgmx7OKVezz3ePtNdVAKSwZSJzeg0E,"['Tite', 'Jair Bolsonaro', 'Eleição', 'Grupo Globo', 'Entrevista']"
433,Eleitores de Lula estão promovendo ilegalidades para aterrorizar o Brasil,Projeto Comprova,https://projetocomprova.com.br/publica%C3%A7%C3%B5es/video-reune-informacoes-incorretas-para-enganar-sobre-comemoracoes-da-vitoria-de-lula/,Falso,2022-11-08 08:00:00,nan,"['Luiz Inácio Lula da Silva', 'Eleição', 'Brasil', 'Pará']"
434,Eleitor sem pendências com a Justiça Eleitoral é impedido de votar em 2022,Aos Fatos,https://www.aosfatos.org/noticias/certidao-nao-prova-que-eleitor-do-ma-teve-titulo-cancelado/,Falso,2022-04-19 07:00:00,https://encrypted-tbn2.gstatic.com/images?q=tbn:ANd9GcQNUXgBU0-AFUrSO0Q9C-29-GPv84kWvJZv3JfJDxhQvnNjM3m-,"['Eleitor', 'Eleição', 'Votação', 'Tribunal Superior Eleitoral', '2022']"
435,Marca d'água em cédulas prova fraude de democratas contra Trump em eleição dos EUA,Aos Fatos,https://www.aosfatos.org/noticias/e-falso-que-marcas-dagua-nas-cedulas-de-votacao-evidenciaram-fraude-eleitoral-nos-eua/,Falso,2020-11-06 08:00:00,https://encrypted-tbn0.gstatic.com/images?q=tbn:ANd9GcRfew9F0c0a-HwfzI1PIrDCF8xPIZzNjeup4RY52iNDsUlYtnNK,"['Estados Unidos', 'Eleição', 'Donald Trump', 'Partido Democrata', 'Fraude', 'Cédula eleitoral', ""Marca d'água""]"
436,"Foto foi tirada de frente pro palco em Padre Miguel no comício que teve do Lula lá; Celsinho da Vila Vintém saiu do presídio essa semana, um dos piores traficantes que já existiu no planeta. Saiu essa semana e já está no palanque com Lula",UOL Notícias,https://noticias.uol.com.br/confere/ultimas-noticias/2023/04/12/celsinho-da-vila-vintem-nao-estava-em-comicio-com-lula-e-paes-e-montagem.htm,Falso,2023-04-12 07:00:00,https://encrypted-tbn1.gstatic.com/images?q=tbn:ANd9GcQirdmjaaWCnltohq-VkMXoAsflRNz82ar2Em1pMa9SFs-RwnUm,"['Celsinho da Vila Vintém', 'Luiz Inácio Lula da Silva', 'Vila Vintém', 'Eleição', 'Padre Miguel', 'Penitenciária', 'Planeta']"
437,Justiça Eleitoral censura eleitor de Bolsonaro por pintura política,AFP Checamos,https://checamos.afp.com/doc.afp.com.32KD7VX,Parcialmente verdadeiro,2022-09-29 07:00:00,https://encrypted-tbn0.gstatic.com/images?q=tbn:ANd9GcRAIyswwNhOGaQSWVINFIk8pAAAaBai_WUIYCHZ_WbneIWFSMf0,"['Eleição', 'Pintura', 'Jair Bolsonaro', 'Tribunal Superior Eleitoral', 'Eleitor', 'Político']"
438,Bolsonaro oferecendo capim a eleitores. Falta de respeito com o povo nordestino,Projeto Comprova,https://projetocomprova.com.br/publica%C3%A7%C3%B5es/video-em-que-bolsonaro-oferece-capim-a-eleitores-de-lula-e-de-2018-e-nao-ha-mencao-a-nordestinos/,Falso,2022-10-06 07:00:00,nan,"['Jair Bolsonaro', 'Eleição', 'O Povo']"
439,Justiça Eleitoral proibiu relacionar Lula a Maduro,AFP Checamos,https://checamos.afp.com/doc.afp.com.33J87YK,Falso,2023-06-12 07:00:00,https://encrypted-tbn1.gstatic.com/images?q=tbn:ANd9GcROJmS0hxZdBpxeQMpdmVa1qRaDo9ySiFNuOkbrdO_JWquukAs2,"['Luiz Inácio Lula da Silva', 'Nicolás Maduro', 'Tribunal Superior Eleitoral', 'Eleição']"
440,"""Não é novo, havia 'n' avisos, eu própria, durante a campanha eleitoral para presidenciais, falei várias vezes do assunto [de Odemira]. Havia várias denúncias (...) Não podiam desconhecer.""",Observador,https://observador.pt/factchecks/fact-check-governo-nao-podia-desconhecer-situacao-de-odemira-como-acusa-ana-gomes/,Certo,2021-05-05 07:00:00,nan,"['Odemira', 'Presidente', 'Eleição', 'Campanha eleitoral']"
441,Lula é o mais votado para presidente na história da humanidade,UOL Notícias,https://noticias.uol.com.br/confere/ultimas-noticias/2019/12/01/lula-mais-votado-confere.htm,Falso,2019-12-01 08:00:00,https://encrypted-tbn3.gstatic.com/images?q=tbn:ANd9GcQ-ljn-mcbHAmGFyJE9-z8cvtPq59BBryJSTf4FYfOghlm6IMzp,"['Luiz Inácio Lula da Silva', 'Presidente', 'Eleição', 'História da humanidade', 'História']"
442,Soma de votos por região mostra Bolsonaro como ganhador das eleições,UOL Notícias,https://noticias.uol.com.br/confere/ultimas-noticias/2022/11/01/soma-porcentagem-votos-regiao-distorce-bolsonaro-lula-vitoria.htm,Insustentável,2022-11-01 07:00:00,https://encrypted-tbn3.gstatic.com/images?q=tbn:ANd9GcQZWSfrl2vRvdwDlyiMA5stT8dVkQl3ywaYrIZmXP2g91EQoLw-,"['Jair Bolsonaro', 'Eleição', 'Votação']"
443,Um eleitor do Pará votou antecipadamente no segundo turno das eleições.,Aos Fatos,https://www.aosfatos.org/noticias/eleitor-nao-votou-antecipadamente-2-turno-para/,Falso,2022-10-28 07:00:00,https://encrypted-tbn0.gstatic.com/images?q=tbn:ANd9GcRyquMnB2rhpprWrlu2iS9HV1avgmesaiaKgQsZsjuqqN1zFG7i,"['Eleição', 'Eleitor']"
444,"Em ofício, ministro da Defesa dá 72 horas para Alexandre de Moraes explicar fraude eleitoral",Aos Fatos,https://www.aosfatos.org/noticias/stm-e-defesa-nao-provaram-fraude-eleitoral-nem-intimaram-moraes/,Falso,2022-11-04 07:00:00,https://encrypted-tbn2.gstatic.com/images?q=tbn:ANd9GcQY6mSUpGKHEjixCoLQ77vtXyCKKJq91pGNM5MNOtv2ydAkvJLA,"['Fraude eleitoral', 'Alexandre de Moraes', 'Fraude', 'Eleição', 'Ministro', 'Ministério da Defesa']"
445,Exército anuncia revolução brasileira após as eleições,UOL Notícias,https://noticias.uol.com.br/confere/ultimas-noticias/2022/11/01/exercito-golpe-militar-falso.htm,Falso,2022-11-01 07:00:00,https://encrypted-tbn2.gstatic.com/images?q=tbn:ANd9GcSNR_oRRCd1udlBS4RsWSBRfngFhq1mufDR-JUZze6NobitiqjO,"['Brasil', 'Eleição', 'Exército']"
446,Presidente eleito do Chile Gabriel Boric encontrado drogado em um parque de Santiago é hostilizado pelos seus próprios eleitores,AFP Checamos,https://checamos.afp.com/doc.afp.com.9WN29Z,Falso,2022-01-20 08:00:00,https://encrypted-tbn3.gstatic.com/images?q=tbn:ANd9GcRLhC6D3xcVExLGhSygzq3vtiyFl4EVo-xVpouu6XP5du-Qb69b,"['Gabriel Boric', 'Droga', 'Presidente', 'Eleição', 'Chile', 'presidente eleito', 'Santiago']"
447,José Dirceu disse que Bolsonaro não será eleito por causa do TSE,Aos Fatos,https://www.aosfatos.org/noticias/dirceu-nao-disse-bolsonaro-perder-eleicao-oposicao-tse/,Não_É_Bem_Assim,2022-06-08 07:00:00,https://encrypted-tbn3.gstatic.com/images?q=tbn:ANd9GcTm2POYKLTJ-Oc0Gcqn1xuk-0i4wW6A4A_RZKvZCquBn1LTcYaK,"['José Dirceu', 'Jair Bolsonaro', 'Tribunal Superior Eleitoral', 'Eleição']"
448,Fraude em eleições 2018. Tem 777 eleitores e Haddad teve 9909 votos,AFP Checamos,https://checamos.afp.com/doc.afp.com.32EK7B7,Montagem,2022-07-16 07:00:00,https://encrypted-tbn3.gstatic.com/images?q=tbn:ANd9GcSGNYU1wWqrBz0LVBNgUdC9vm7ci-PkZe98A-mJ5g5__NCHIghf,"['Fernando Haddad', 'Eleição', 'Votação', '2018', 'Fraude']"
449,Servidor exonerado do TSE alega fraude nas eleições de 2022,AFP Checamos,https://checamos.afp.com/doc.afp.com.32WN8RC,Falso,2022-11-30 08:00:00,https://encrypted-tbn1.gstatic.com/images?q=tbn:ANd9GcREb94JyFXjCdBy90WseIGn3xQ8Fc0ajaoCrxJt9djv0NMQCxHW,"['Eleição', 'Tribunal Superior Eleitoral', 'Fraude', 'Eleições presidenciais brasileiras, 2022', 'Servidor', '2022', 'Exoneração']"
450,Conseguiram identificar os nomes e votos de 100% dos eleitores,Aos Fatos,https://www.aosfatos.org/noticias/log-urna-nao-identifica-nome-voto/,Falso,2022-11-17 08:00:00,https://encrypted-tbn0.gstatic.com/images?q=tbn:ANd9GcTC4FSaTebF6xRfCM_yzbaymIUaLTXfF6E9T3yeLustO1k4J2Y3,"['Votação', 'Eleição']"
451,Essa foto o bolsonarismo não quer que você espalhe porque mostra como estão fracos! O povo acordou! Bolsonaro vai perder a eleição e por isso está descontrolado,Projeto Comprova,https://projetocomprova.com.br/publica%C3%A7%C3%B5es/post-usa-imagens-de-angulos-diferentes-para-depreciar-ato-pro-bolsonaro-de-7-de-setembro/,Falso,2022-09-12 07:00:00,https://encrypted-tbn1.gstatic.com/images?q=tbn:ANd9GcQz0T0Pn2LfwY4hfr35fmJDaPDH1XEU5FpbENSA5_x1ftQbMwAi,"['Jair Bolsonaro', 'Fotografia', 'Eleição', 'Bolsonarismo', 'O Povo']"
452,Hackers invadiram o TSE e transferiram votos de Bolsonaro para Lula no primeiro turno das Eleições 2022,Aos Fatos,https://www.aosfatos.org/noticias/falso-hackers-russos-tse/,Falso,2022-10-18 07:00:00,https://encrypted-tbn0.gstatic.com/images?q=tbn:ANd9GcQY2Rb-lDr_HPfW-TcWGyLZ_rCmAlw6YRmU6BZM2Y0DAoBZ3ZF8,"['Tribunal Superior Eleitoral', 'Eleição', 'Votação', 'Jair Bolsonaro', 'Luiz Inácio Lula da Silva', 'Hacker', '2022']"
453,Vídeo mostra pessoas armadas celebrando vitória de Lula nas eleições de 2022,AFP Checamos,https://checamos.afp.com/doc.afp.com.32MN4N4,Falso,2022-11-02 07:00:00,https://encrypted-tbn1.gstatic.com/images?q=tbn:ANd9GcQ7bKTRbcSk6NDxXLjQxkQAfst0Xfdjlp7j2GXYW_KVk09z_lGl,"['Eleição', 'Luiz Inácio Lula da Silva', 'Eleições presidenciais brasileiras, 2022', 'Vídeo', '2022']"
454,Lula está inelegível para as eleições de 2022,AFP Checamos,https://checamos.afp.com/doc.afp.com.32E32AW,Falso,2022-07-08 07:00:00,https://encrypted-tbn2.gstatic.com/images?q=tbn:ANd9GcQvn1ODVjFy6DsDN_K3C0V5wcsYpN38_vrQd8Yi_eH4EYO0CUC_,"['Luiz Inácio Lula da Silva', 'Inelegibilidade', 'Eleição', '2022', 'Eleições presidenciais brasileiras, 2022']"
455,Vídeo mostra ribeirinhos chegando em Belém do Pará para votar em Lula no segundo turno das eleições 2022,AFP Checamos,https://checamos.afp.com/doc.afp.com.32ML72N,Falso,2022-11-01 07:00:00,https://encrypted-tbn2.gstatic.com/images?q=tbn:ANd9GcSDHATL9oXHAuZ9eL7vF5sHNuZimya7jBZjeUm7OmeT-Kmig_9I,"['Luiz Inácio Lula da Silva', 'Eleição', 'Votação', '2022', 'Vídeo', 'Ribeirinhos', 'Pará', 'Belém']"
456,O comício de Donald Trump estava lotado enquanto o de Joe Biden estava vazio.,AFP Checamos,https://checamos.afp.com/imagem-do-comicio-de-trump-e-de-2019-joe-biden-estava-realizando-um-discurso-fechado,Falso,2020-10-28 07:00:00,https://encrypted-tbn0.gstatic.com/images?q=tbn:ANd9GcTL7nrYwN_HvZYW1NJCs__91TVwTvpxTBXAnlpkz9BLqCkdnKU0,"['Joe Biden', 'Donald Trump', 'Eleição']"
457,"7,2 milhões de votos foram anulados pelas urnas nas eleições de 2018.",Aos Fatos,https://www.aosfatos.org/noticias/e-falso-que-72-milhoes-de-votos-foram-anulados-pelas-urnas-na-eleicao-de-2018/,Falso,2020-09-28 07:00:00,https://encrypted-tbn3.gstatic.com/images?q=tbn:ANd9GcSZmFjMp4lmxtppST3p2hqdZpzkhQJE0SiqjGVEkOTcLb_U0L8a,"['Votação', 'Eleição', 'Urna eleitoral', 'Eleições presidenciais brasileiras, 2018', '2018']"
458,Uma das propostas do programa eleitoral do PAN propõe que vítimas de violação sexual possam vir a perdoar os seus agressores.,Observador,https://observador.pt/factchecks/fact-check-pan-propoe-perdao-para-violadores-sexuais/,Errado,2019-09-20 07:00:00,https://encrypted-tbn3.gstatic.com/images?q=tbn:ANd9GcSPoSTekUtgc_77fQoKLZVgRXrfRC2VlIfGvKU-4cRTmZlv5x96,"['Vítima', 'Perdão', 'Eleição', 'Programa eleitoral', 'Violência sexual', 'Estupro']"
459,"Tuíte reproduz participação do comentarista Matthew Tyrmand no programa Tucker Carlson Tonight, da emissora Fox News, dos Estados Unidos. No vídeo, Tyrmand comenta os atos ao redor do Brasil que contestam, sem evidências, o resultado das eleições presidenciais, dizendo se tratar do “maior protesto democrático e possivelmente até da humanidade”.",Folha - UOL,https://www1.folha.uol.com.br/poder/2022/12/nao-e-possivel-afirmar-que-atos-antidemocraticos-contra-resultado-das-eleicoes-sao-o-maior-protesto-da-historia.shtml,Falso,2022-12-07 08:00:00,https://encrypted-tbn3.gstatic.com/images?q=tbn:ANd9GcQbCjZG9Inc4DwHw9jQoNWbNI-I2kTYlupGQWsUzh_hZj94ULY-,"['Eleição', 'Democracia', 'Presidente', 'Brasil', 'Eleições presidenciais', 'Estados Unidos', 'Comentarista', 'Tucker Carlson Tonight']"
460,"Aplicativo Pardal, da Justiça Eleitoral, proíbe denúncias contra o PT",Aos Fatos,https://www.aosfatos.org/noticias/pardal-tse-nao-impede-denuncias-contra-pt/,Falso,2022-10-28 07:00:00,https://encrypted-tbn0.gstatic.com/images?q=tbn:ANd9GcQFai013XUuDsqg7nNt2cjxh_G8Gf26V27h2FHhqenJq0nzT8xy,"['Tribunal Superior Eleitoral', 'Partido dos Trabalhadores', 'Partido dos Trabalhadores', 'Eleição', 'Denúncia']"
461,Por meio deste a Corte do Superior Tribunal Militar sob o comando e presidência do Generalissimo Luis Gomes Mattos declaram a invalidade das eleição presidenciais,UOL Notícias,https://noticias.uol.com.br/confere/ultimas-noticias/2022/11/04/carta-falsa-sobre-golpe-usa-nome-de-presidente-aposentado-do-stm.htm,Falso,2022-11-04 07:00:00,https://encrypted-tbn1.gstatic.com/images?q=tbn:ANd9GcQGvHem5Z2eZwgqUhCN3_Nu92ls5Xp8uHfzErgRhn9zu7egoB_z,"['Superior Tribunal Militar', 'Presidente', 'Eleição', 'Presidente do Brasil']"
462,Denúncia sobre 21 mil mortos em cadastro de eleitores da Pensilvânia prova fraude na votação nos EUA,Aos Fatos,https://www.aosfatos.org/noticias/denuncia-sobre-21-mil-mortos-em-cadastro-de-eleitores-da-pensilvania-nao-prova-fraude-na-votacao-nos-eua/,Falso,2020-11-09 08:00:00,https://encrypted-tbn0.gstatic.com/images?q=tbn:ANd9GcSp-IZswuArrUrRmMpL_7tdcOHNbFV8zaTxjG6KCTkp9GL5cBX5,"['Eleição', 'Votação', 'Estados Unidos', 'Morte', 'Fraude', 'Pensilvânia', 'Denúncia', 'Prova']"
463,"Amostragem ""pequena"" e resultados diferentes provam que pesquisas eleitorais não são confiáveis",AFP Checamos,https://checamos.afp.com/doc.afp.com.32AF6HE,Falso,2022-05-19 07:00:00,https://encrypted-tbn3.gstatic.com/images?q=tbn:ANd9GcQAHs8KVaxfxz5X4nxC0Gdf5UEOmpfj1WsAbWYBNZm6QgWfZ-N4,"['Eleição', 'Pesquisa', 'Amostra']"
464,Ataque hacker compromete segurança das eleições municipais de 2020.,AFP Checamos,https://checamos.afp.com/ataque-de-hackers-no-sistema-do-tse-nao-afeta-seguranca-da-eleicao-dizem-especialistas-e-barroso,Falso,2020-11-16 08:00:00,https://encrypted-tbn2.gstatic.com/images?q=tbn:ANd9GcT9DOI1gU9-w7I5Tr7X9zD-NFGav-k07vjJQrebv0xoT_I-MqdA,"['Eleição', 'Hacker', 'Eleições municipais no Brasil, 2020', 'Eleições municipais no Brasil', '2020']"
465,Ursal quer fraudar urnas na eleição brasileira,UOL Notícias,https://noticias.uol.com.br/confere/ultimas-noticias/2022/09/15/post-falso-diz-que-ursal-quer-fraudar-urnas-na-eleicao-brasileira.htm,Falso,2022-09-15 07:00:00,https://encrypted-tbn1.gstatic.com/images?q=tbn:ANd9GcSHNE2HHKvg6B8xTAlzze4DzUf1vBcQb0XkwmiHJ4fyFyh9-sjo,"['URSAL', 'Urna eleitoral', 'Eleição', 'Fraude', 'Brasil']"
466,Pesquisa da CNN mostra Bolsonaro com 31% das intenções de voto nas eleições de 2022 no Brasil,AFP Checamos,https://checamos.afp.com/doc.afp.com.328R4P2,Parcialmente verdadeiro,2022-04-22 07:00:00,https://encrypted-tbn2.gstatic.com/images?q=tbn:ANd9GcTz8TFkzmvWiJ8252dWJnBWwNUxXinFV-t0L7n1rIkGA_Lv6OeJ,"['Jair Bolsonaro', 'Eleição', 'CNN Brasil', 'Eleições presidenciais brasileiras, 2022', 'Votação', '2022', 'Eleições gerais brasileiras, 2022', 'Brasil', 'Pesquisa']"
467,Tuíte de Bolsonaro sobre conversa com as Forças Armadas após resultado das eleições,Aos Fatos,https://www.aosfatos.org/noticias/falso-tuite-bolsonaro-generais/,Falso,2022-11-01 07:00:00,https://encrypted-tbn0.gstatic.com/images?q=tbn:ANd9GcTx1EeEv-zVuzeqcU32K2YnuCUWJUdPWWHZaFGLkxN4WnFJqaBs,"['Jair Bolsonaro', 'Eleição', 'Forças armadas', 'Tweet']"
468,Ataque hacker ao TSE evidencia violação da segurança do sistema eleitoral.,Aos Fatos,https://www.aosfatos.org/noticias/ataque-hacker-ao-tse-nao-violou-seguranca-do-sistema-das-eleicoes/,Falso,2020-11-15 08:00:00,https://encrypted-tbn3.gstatic.com/images?q=tbn:ANd9GcS28DLcyFFutO_i12zgrnCqbST2bge3TG-1h9MJUC-FlRu9Vqvo,"['Tribunal Superior Eleitoral', 'Hacker', 'Eleição', 'Sistema eleitoral do Brasil']"
469,Urgentíssimo. Lula admite em vídeo vazado não ter sido eleito pelo povo em primeiro turno,UOL Notícias,https://noticias.uol.com.br/confere/ultimas-noticias/2023/04/13/post-distorce-fala-em-que-lula-admite-so-ter-vencido-eleicoes-em-2-turno.htm,Insustentável,2023-04-13 07:00:00,https://encrypted-tbn1.gstatic.com/images?q=tbn:ANd9GcSwQ77yvbZCS2i-2KcvWTrEgDHEN686H3qWPCtenf5TMBzwyzY1,"['Luiz Inácio Lula da Silva', 'Eleição', 'Vídeo', 'Povo']"
470,Imagem mostra comparação entre comício de Donald Trump e Joe Biden.,Aos Fatos,https://www.aosfatos.org/noticias/posts-usam-foto-pre-pandemia-para-sugerir-maior-adesao-comicios-de-trump/,Falso,2020-10-30 07:00:00,https://encrypted-tbn2.gstatic.com/images?q=tbn:ANd9GcT01y8tMs5uJKewbOF-jrSMkc_b-ftm8Msjw3w9m1uhiFV8bduz,"['Donald Trump', 'Eleição', 'Joe Biden', 'Imagem']"
471,"""Afinal eu continuo ainda hoje com a dúvida sobre a legalidade do Governo nascido do arranjo político feito pelo PS em 2014. Agora soube que o presidente da Assembleia da República tem de ser sempre o representante do partido mais votado, o que não aconteceu!""",Observador,https://observador.pt/factchecks/fact-check-presidente-da-assembleia-da-republica-tem-de-ser-sempre-representante-do-partido-mais-votado/,Errado,2022-02-16 08:00:00,https://encrypted-tbn0.gstatic.com/images?q=tbn:ANd9GcSRmwyRgtQB5AOIdWaxo3TmQ8QwksKz6Zcc7lC8rr_I6fGE9p6q,"['Presidente da Assembleia da República de Portugal', 'Assembleia da República', 'Partido político', 'Política', 'Eleição', 'Presidente', 'Partido Socialista', 'Legalidade', '2014', 'Forma de governo']"
472,Lula diz em jantar com aliados que nem Deus tira essa eleição dele,UOL Notícias,https://noticias.uol.com.br/confere/ultimas-noticias/2022/10/05/lula-nem-deus-tira-a-eleicao-dele-checagem.htm,Falso,2022-10-05 07:00:00,https://encrypted-tbn3.gstatic.com/images?q=tbn:ANd9GcTE4ojrW_LfJUBznb8qmP9G8xnOpnAaWnQNDDuhnfkvD5Z9o0xW,"['Luiz Inácio Lula da Silva', 'Eleição', 'Deus']"
473,Artigo 142 determina que presidente não se manifeste por 72 horas após resultado das eleições,Aos Fatos,https://www.aosfatos.org/noticias/e-falso-que-artigo-142-preve-que-presidente-deve-ficar-em-silencio-por-72-horas-apos-eleicoes/,Falso,2022-11-01 07:00:00,https://encrypted-tbn2.gstatic.com/images?q=tbn:ANd9GcTJD16WZKcDTyCJsuzK1s_PLviMXTZ9s5EGpStCgFbPg88EqVKX,"['Eleição', 'Presidente']"
474,Comício de Lula em Florianópolis não teve público.,Aos Fatos,https://www.aosfatos.org/noticias/posts-enganam-ao-associar-foto-de-praca-vazia-a-comicio-de-lula-em-sc/,Falso,2022-09-27 07:00:00,https://encrypted-tbn1.gstatic.com/images?q=tbn:ANd9GcTNYmY_00_hhzr95Nry_VDW4SZmoUrGm5zJN9OL33TASBEITkwy,"['Luiz Inácio Lula da Silva', 'Eleição', 'Florianópolis']"
475,Eleição municipal de São Paulo foi vendida para a esquerda,UOL Notícias,https://noticias.uol.com.br/confere/ultimas-noticias/2020/11/20/uol-confere-eleicoes-vendidas-para-a-esquerda.htm,Falso,2020-11-20 08:00:00,https://encrypted-tbn2.gstatic.com/images?q=tbn:ANd9GcRUyXicey_eqBE8rJgradWMDJWe41qBd-Iq0vuHcBRvCQdAeTSQ,"['Eleição', 'Esquerda', 'Eleição municipal', 'São Paulo']"
476,Distribuição de urnas pela Comlurb comprova fraude nas eleições,Aos Fatos,https://www.aosfatos.org/noticias/video-que-mostra-garis-entregando-urnas-no-rj-e-de-2018-e-nao-prova-fraude/,Falso,2022-09-22 07:00:00,https://encrypted-tbn3.gstatic.com/images?q=tbn:ANd9GcRDeATVZxWAeccaSnqrQvY0kpq7lKnsarwHuD3bjyT0tQnqZlsi,"['Urna eleitoral', 'Fraude', 'Eleição', 'Comlurb']"
477,Foi constatada fraude nas eleições 2022 em Manaus,UOL Notícias,https://noticias.uol.com.br/confere/ultimas-noticias/2022/10/04/erro-na-identificacao-nao-impediu-eleitora-de-votar-em-manaus-am.htm,Insustentável,2022-10-04 07:00:00,https://encrypted-tbn1.gstatic.com/images?q=tbn:ANd9GcRjAxsCf6KdgEhoNJ6fqo2-M0tkBZYgbcTUZdb4rKxGLNQs-1Qd,"['Manaus', 'Eleição', 'Fraude', '2022']"
478,"61% dos eleitores de São Paulo votaram em branco, nulo ou não votaram no segundo turno.",Aos Fatos,https://www.aosfatos.org/noticias/e-falso-que-61-dos-eleitores-de-sao-paulo-votaram-em-branco-nulo-ou-nao-votaram-no-segundo-turno/,Falso,2020-12-02 08:00:00,https://encrypted-tbn1.gstatic.com/images?q=tbn:ANd9GcTsXTwqccm39MkhxQ-SuvuCgNT7IrGi6zyBf1ithgppHtwoeFqF,"['Eleição', 'Voto nulo', 'São Paulo']"
479,Fraude eleitoral nos Estados Unidos com base nos gráficos de Michigan e Wisconsin.,AFP Checamos,https://checamos.afp.com/o-aumento-repentino-de-votos-para-joe-biden-em-michigan-e-wisconsin-nao-e-uma-fraude,Falso,2020-11-10 08:00:00,https://encrypted-tbn2.gstatic.com/images?q=tbn:ANd9GcTZ4_KJU6lelZbvW0gYsYJkZYHPqv5hkJ2GAye5aP8w2IyqNQzK,"['Wisconsin', 'Eleição', 'Michigan', 'Fraude', 'Estados Unidos', 'Fraude eleitoral']"
480,"PF descobriu que Lula só teve 36,32% dos votos em 2022",Aos Fatos,https://www.aosfatos.org/noticias/pf-policia-federal-lula-votos-2022-urna/,Falso,2026-06-04 03:40:30,https://encrypted-tbn0.gstatic.com/images?q=tbn:ANd9GcS9CMvGLYSMYCH3aBl8oCLGtzCBFeH9NDeQkCqoLBgxwTwIZdKm,"['Luiz Inácio Lula da Silva', 'Polícia Federal', 'Departamento de Polícia Federal', 'Votação', '2022']"
481,"Com 97,63% das urnas apuradas, Bolsonaro estava com 55,38% dos votos, enquanto Lula tinha somente 35,80%",Estadão,https://www.estadao.com.br/estadao-verifica/bolsonaro-55-lula-35-fraude-eleitoral-enganoso/,Falso,2024-10-05 07:00:00,https://encrypted-tbn1.gstatic.com/images?q=tbn:ANd9GcQ9w-VLrlKt84T1PJZwJpo1SrmowB9YrG7EH99cP7UjStN8WNHy,"['Votação', 'Jair Bolsonaro', 'Luiz Inácio Lula da Silva', 'Urna eleitoral', '1963', '1955']"
482,"Barroso pagou R$ 9 milhões a partidos para derrubar a PEC do Voto Impresso, comprou microchips de Taiwan com milhões de votos para Lula e destruiu cerca de 200 mil urnas que escondiam provas da fraude eleitoral de 2022",Aos Fatos,https://www.aosfatos.org/noticias/video-mentiras-atuacao-barroso-tse-alegar-fraude-em-2022/,Falso,2025-08-11 07:00:00,https://encrypted-tbn0.gstatic.com/images?q=tbn:ANd9GcS_cIH6r_9H_m8HTmsB6XuCIlxl1U9qbR9SmXV9G4YICdFB88hS,"['Luís Roberto Barroso', 'Fraude', 'Fraude eleitoral', 'Votação', 'Eleição', 'Urna eleitoral', 'Luiz Inácio Lula da Silva', 'Partido político', 'Comprovante de votação verificado pelo eleitor']"
483,Conversa entre Alexandre de Moraes e engenheiro da Oracle confirma que houve fraude nas urnas,Estadão,https://www.estadao.com.br/estadao-verifica/alexandre-moraes-engenheiro-oracle-urnas-eletronicas/,Falso,2024-09-20 07:00:00,https://encrypted-tbn1.gstatic.com/images?q=tbn:ANd9GcQybaDuvZtgM3HieyCy9J5cqEwGIs10sVL8ccG0xucmHw_OU8_1,"['Alexandre de Moraes', 'Fraude nas urnas eletrônicas', 'Urna eleitoral', 'Oracle Corporation']"
484,Depoimento de Mike Benz deixa claro que Brasil foi vítima de golpe de Estado,Estadão,https://www.estadao.com.br/estadao-verifica/mike-benz-nao-provou-fraude-eleicoes/,Falso,2026-02-05 08:00:00,https://encrypted-tbn1.gstatic.com/images?q=tbn:ANd9GcQdZvN2TocG-uY5TVqSOyRXytxyejY8oWCqojQmnqdQ_4ltymc1,"['Brasil', 'Golpe de Estado', 'Estado', 'Claro']"
485,Descarte de 195 mil urnas eletrônicas é queima de arquivo,UOL Notícias,https://noticias.uol.com.br/confere/ultimas-noticias/2025/02/28/posts-distorcem-sobre-descarte-de-195-mil-urnas-pelo-tse.htm,Falso,2025-02-28 08:00:00,https://encrypted-tbn1.gstatic.com/images?q=tbn:ANd9GcSfYC-hU5KsYAiDiiO9vtn3_orxmwT6dfaD6Ecf3zgFuFyY0NJ3,"['Urna eleitoral', 'Urna eletrônica']"
486,"""Primeiro-ministro holandês confirma que houve fraude eleitoral no Brasil""",Observador,https://observador.pt/factchecks/fact-check-primeiro-ministro-holandes-reconheceu-que-houve-fraude-eleitoral-nas-presidenciais-do-brasil/,Errado,2022-12-15 08:00:00,https://encrypted-tbn3.gstatic.com/images?q=tbn:ANd9GcSPoSTekUtgc_77fQoKLZVgRXrfRC2VlIfGvKU-4cRTmZlv5x96,"['Eleição', 'Primeiro-ministro', 'Fraude eleitoral', 'Brasil', 'Ministro', 'Fraude', 'Mark Rutte', 'Notícia']"
487,"Bolsonaro teve zero votos em urnas de modelos antigos, que não foram auditadas",Aos Fatos,https://www.aosfatos.org/noticias/influenciador-portugues-mentira-fraude-eleitoral-brasil-senado/,Falso,2024-04-25 07:00:00,https://encrypted-tbn1.gstatic.com/images?q=tbn:ANd9GcQlhoBmW39BM588j_b5lF3yyfKsMmGo4OFSZeM76KCNgfVGZzKi,"['Urna eleitoral', 'Votação', 'Jair Bolsonaro']"
488,Em 2019 a Globo noticiou que hackers numa convenção em Las Vegas hackearam urnas do modelo brasileiro em poucos minutos,Aos Fatos,https://www.aosfatos.org/noticias/influenciador-portugues-mentira-fraude-eleitoral-brasil-senado/,Falso,2024-04-25 07:00:00,https://encrypted-tbn1.gstatic.com/images?q=tbn:ANd9GcQlhoBmW39BM588j_b5lF3yyfKsMmGo4OFSZeM76KCNgfVGZzKi,"['Urna eleitoral', 'Brasil', '2019', 'Grupo Globo', 'Hacker']"
489,"""Fraude explícita. O TSE [Tribunal Superior Eleitoral do Brasil] cometeu uma ""falha"" e acabou a mostrar a vitória de Bolsonaro com 55% dos votos.""",Observador,https://observador.pt/factchecks/fact-check-video-que-mostra-bolsonaro-com-55-de-votos-prova-que-houve-fraude-nas-eleicoes-presidencais-brasileiras/,Errado,2023-04-27 07:00:00,https://encrypted-tbn3.gstatic.com/images?q=tbn:ANd9GcSPoSTekUtgc_77fQoKLZVgRXrfRC2VlIfGvKU-4cRTmZlv5x96,"['Jair Bolsonaro', 'Eleição', 'Votação', 'Tribunal Superior Eleitoral', 'Brasil', 'Fraude', '1955', 'Tribunal']"
490,Alexandre de Moraes confessou que houve fraude nas eleições,Aos Fatos,https://www.aosfatos.org/noticias/falso-moraes-houve-fraude-eleicoes-2022/,Falso,2023-06-12 07:00:00,https://encrypted-tbn0.gstatic.com/images?q=tbn:ANd9GcQYbvbb_dTnas1o4KXrQ55tQJBJjeNf1lvwNKfJQRdHom2LNq76,"['Alexandre de Moraes', 'Fraude', 'Eleição']"
491,"Trecho de vídeo, retirado de contexto, em que Ciro Gomes afirma que o “Brasil está na iminência de sofrer a maior fraude eleitoral”. A publicação voltou a circular nas redes sociais no dia 24 de julho, em postagens com a afirmação “Ciro avisou”, sugerindo desconfiança em relação aos resultados do processo eleitoral brasileiro.",Folha - UOL,https://www1.folha.uol.com.br/poder/2023/07/fala-de-ciro-sobre-fraude-na-eleicao-era-critica-a-lula-e-bolsonaro-e-nao-denuncia-contra-sistema-eleitoral.shtml,Falso,2023-07-27 07:00:00,https://encrypted-tbn0.gstatic.com/images?q=tbn:ANd9GcRaFn0-kjv8YdoP65Qf4i5leN8iekdNGYtNg4WpFfbXI28ThKUg,"['Ciro Gomes', 'Eleição', 'Fraude eleitoral', 'Brasil', 'Julho']"
492,Bolsonaro se envolveu em fraude eleitoral,UOL Notícias,https://noticias.uol.com.br/comprova/ultimas-noticias/2020/11/28/bolsonaro-nao-se-beneficiou-de-fraude-eleitoral-em-1994.htm,Falso,2020-11-28 08:00:00,https://encrypted-tbn2.gstatic.com/images?q=tbn:ANd9GcTUeuSoib7alLL7FfRE3dW_z2Ov9e6pZ7k0iZ34FgGcoJFumEKx,"['Jair Bolsonaro', 'Fraude eleitoral', 'Fraude', 'Eleição']"
495,Eu não pude mostrar imagens do Lula falando que um pobre coitado rouba celular para tomar cervejinha.,Aos Fatos,https://www.aosfatos.org/noticias/apos-se-tornar-reu-bolsonaro-mente-sobre-8-de-janeiro-e-eleicoes/,Não_É_Bem_Assim,2025-03-26 07:00:00,https://encrypted-tbn1.gstatic.com/images?q=tbn:ANd9GcSrH4Zyltx2R39Zh9dyV6KCPdZpUEBLprY0UnXIljW-G6OAe4NO,"['Luiz Inácio Lula da Silva', 'Pobreza', 'Telefone celular', 'Imagem']"
496,Não encontraram nenhuma arma aqui [no 8 de janeiro],Aos Fatos,https://www.aosfatos.org/noticias/apos-se-tornar-reu-bolsonaro-mente-sobre-8-de-janeiro-e-eleicoes/,Falso,2025-03-26 07:00:00,https://encrypted-tbn1.gstatic.com/images?q=tbn:ANd9GcSrH4Zyltx2R39Zh9dyV6KCPdZpUEBLprY0UnXIljW-G6OAe4NO,"['Arma', 'Ataques de 8 de janeiro em Brasília', 'Janeiro']"
497,"Quando acabaram as últimas eleições, a última agora, em 2022, o meu partido peticionou no TSE. No dia seguinte, o ministro presidente do TSE, Alexandre de Moraes, não aceitou, mandou arquivar e nos deu uma multa de 22 milhões. Alguém já viu algum advogado ser multado aí, por peticionar o poder judiciário?",Aos Fatos,https://www.aosfatos.org/noticias/apos-se-tornar-reu-bolsonaro-mente-sobre-8-de-janeiro-e-eleicoes/,Falso,2025-03-26 07:00:00,https://encrypted-tbn1.gstatic.com/images?q=tbn:ANd9GcSrH4Zyltx2R39Zh9dyV6KCPdZpUEBLprY0UnXIljW-G6OAe4NO,"['Eleição', 'Presidente', 'Tribunal Superior Eleitoral', 'Ministro', 'Partido político', 'Alexandre de Moraes', '2022', 'Presidente do Tribunal Superior Eleitoral do Brasil', 'Poder judiciário']"
498,"O povo, em grande parte, teve arma, e diminuímos em quase 30% o número de mortes por arma de fogo no Brasil.",Aos Fatos,https://www.aosfatos.org/noticias/apos-se-tornar-reu-bolsonaro-mente-sobre-8-de-janeiro-e-eleicoes/,Não_É_Bem_Assim,2025-03-26 07:00:00,https://encrypted-tbn1.gstatic.com/images?q=tbn:ANd9GcSrH4Zyltx2R39Zh9dyV6KCPdZpUEBLprY0UnXIljW-G6OAe4NO,"['O Povo', 'Arma', 'Brasil', 'Fogo', 'Arma de fogo', 'Morte', 'Número']"
499,"Como é que ele chegou? 29 de julho de 21. (...) E dizendo que eu difundi fake news. Eu difundi o que tinha dentro do inquérito [1.361, de 2018]. Se é fake news, o inquérito é mentiroso.",Aos Fatos,https://www.aosfatos.org/noticias/apos-se-tornar-reu-bolsonaro-mente-sobre-8-de-janeiro-e-eleicoes/,Falso,2025-03-26 07:00:00,https://encrypted-tbn1.gstatic.com/images?q=tbn:ANd9GcSrH4Zyltx2R39Zh9dyV6KCPdZpUEBLprY0UnXIljW-G6OAe4NO,"['Mentira', 'Julho', 'Notícia falsa', '2018', '2021', 'Fake', 'Notícia']"
500,"O que que o Lula fez no final do ano passado? Teve aqui reunião do G20, [ele] assinou 37 memorandos e acordos com a China. Entre esses acordos, entregou o nosso urânio para a China.",Aos Fatos,https://www.aosfatos.org/noticias/apos-se-tornar-reu-bolsonaro-mente-sobre-8-de-janeiro-e-eleicoes/,Falso,2025-03-26 07:00:00,https://encrypted-tbn1.gstatic.com/images?q=tbn:ANd9GcSrH4Zyltx2R39Zh9dyV6KCPdZpUEBLprY0UnXIljW-G6OAe4NO,"['Luiz Inácio Lula da Silva', 'China', '19.ª reunião de cúpula do G20', 'G20', 'Reunião', 'Memorando', 'Urânio']"
502,"""Casal encontrou registo de votos na rua que comprova fraude nas eleições do Brasil"".",Observador,https://observador.pt/factchecks/fact-check-registo-de-votos-encontrado-na-rua-prova-fraude-nas-eleicoes-brasileiras/,Errado,2022-11-27 08:00:00,https://encrypted-tbn3.gstatic.com/images?q=tbn:ANd9GcSPoSTekUtgc_77fQoKLZVgRXrfRC2VlIfGvKU-4cRTmZlv5x96,"['Eleição', 'Fraude', 'Votação', 'Eleições no Brasil', 'Brasil', 'Rua']"
503,"""Instituto Alemão Gefälschte Nachrichten afirma que houve fraude nas eleições do Brasil.""",Observador,https://observador.pt/factchecks/fact-check-instituto-alemao-diz-que-houve-fraude-nas-eleicoes-brasileiras/,Errado,2022-11-23 08:00:00,https://encrypted-tbn3.gstatic.com/images?q=tbn:ANd9GcSPoSTekUtgc_77fQoKLZVgRXrfRC2VlIfGvKU-4cRTmZlv5x96,"['Eleição', 'Fraude', 'Brasil', 'Notícia', 'Alemanha', 'Eleições no Brasil']"
504,Vídeo mostra fraude eleitoral em Minas Gerais,Aos Fatos,https://www.aosfatos.org/noticias/boletins-de-urna-mostrados-em-video-nao-sao-de-mg-nem-provam-fraude/,Falso,2022-10-10 07:00:00,https://encrypted-tbn1.gstatic.com/images?q=tbn:ANd9GcSmV-2EDni1OiKxYAX_8D5xWE1A1Z_mnWBpgeIlhxbkNUVEOlUO,"['Fraude', 'Fraude eleitoral', 'Eleição', 'Vídeo', 'Minas Gerais']"
505,"""Denuncia seríssima!
Vamos compartilhar ao máximo esse vídeo para que as pessoas de bem possam se informar de uma possível fraude nas eleições de 2022. BRASIL
Assistam: Em Itapeva, as URNAS estão sendo abertas no SINDICATO DOS TRABALHADORES. O que está havendo?
DENUNCIEM!!!""",Observador,https://observador.pt/factchecks/fact-check-video-mostra-fraude-eleitoral-com-urnas-abertas-nas-eleicoes-presidenciais-brasileiras/,Errado,2022-09-29 07:00:00,https://encrypted-tbn3.gstatic.com/images?q=tbn:ANd9GcSPoSTekUtgc_77fQoKLZVgRXrfRC2VlIfGvKU-4cRTmZlv5x96,"['Eleição', 'Fraude', 'Urna eleitoral', 'Brasil', 'Eleições presidenciais brasileiras, 2022', 'Itapeva', '2022', 'Sindicato', 'Trabalhador']"
506,"Fraude eleitoral: trecho da transmissão da TV Record mostrou a apuração das urnas eletrônicas em São Paulo aumentou repentinamente de 3,92% para 98,14%",Estadão,https://www.estadao.com.br/estadao-verifica/apuracao-disparou-fraude-urnas-enganoso/,Falso,2024-10-07 07:00:00,https://encrypted-tbn3.gstatic.com/images?q=tbn:ANd9GcTx_zCrzGteZ2vITu_XmcgUmjhREkPAlTFvQIAbRwOaw2Xm2bvn,"['Fraude eleitoral', 'Urna eleitoral', 'Eleição', 'Fraude', 'Urna eletrônica', 'São Paulo', 'Record']"
507,"Bolsonaro diz, em 2024, ter provas que foi eleito no 1º turno",Aos Fatos,https://www.aosfatos.org/noticias/falso-video-bolsonaro-fraude-eleitoral/,Falso,2024-04-29 07:00:00,https://encrypted-tbn0.gstatic.com/images?q=tbn:ANd9GcRfN2k9CAWwG-_4nb_uvcPWXnbIliqorOw8w8jQcGhZxNP8PIl_,"['Jair Bolsonaro', 'Eleição', '2024']"
508,Bolsonaro anuncia novas provas de que foi eleito no primeiro turno,AFP Checamos,https://checamos.afp.com/doc.afp.com.36V64YH,Falso,2025-01-21 08:00:00,https://encrypted-tbn2.gstatic.com/images?q=tbn:ANd9GcTNLhTasPdfTX0uERgsN0q4k4yyjpFtvnZIl3l8vJmrTowkcTDG,"['Jair Bolsonaro', 'Eleição', 'Prova']"
509,Polícia Federal encontrou urnas já com votos registrados,Aos Fatos,https://www.aosfatos.org/noticias/e-falso-que-policia-federal-identificou-urnas-com-votos-ja-registrados-em-brasilia/,Falso,2022-10-01 07:00:00,https://encrypted-tbn1.gstatic.com/images?q=tbn:ANd9GcSB3qyqYEvR6LFi-XnsCKBebEtcF010YOBAPgrAwn3pATD-eNYZ,"['Departamento de Polícia Federal', 'Urna eleitoral', 'Polícia Federal', 'Votação']"
511,Eleições com urna eletrônica não são limpas,UOL Notícias,https://noticias.uol.com.br/confere/ultimas-noticias/2021/07/08/eleicoes-brasil-fraude.htm,Falso,2021-07-08 07:00:00,https://encrypted-tbn1.gstatic.com/images?q=tbn:ANd9GcTFsSJtmz6PKZgl-QzjoQ330n59c0cz_7Lotx_JmyYKMW33klmz,"['Eleição', 'Urna eleitoral', 'Máquina de votação', 'Eletrônica']"
513,Matéria publicada nos EUA mostra que houve fraude nas eleições do Brasil e que Bolsonaro é o verdadeiro eleito,Estadão,https://www.estadao.com.br/estadao-verifica/analise-estados-unidos-fraude-eleicoes-brasileiras/,Falso,2023-02-25 08:00:00,https://encrypted-tbn0.gstatic.com/images?q=tbn:ANd9GcRtnpTArrXVknBIQL0ZD_HlD_zCCF5QprRZMRie8Y6zgaqe90JK,"['Eleição', 'Estados Unidos', 'Brasil', 'Jair Bolsonaro', 'Fraude', 'Eleições no Brasil', 'Matéria']"
516,Jair Bolsonaro foi beneficiado por votos fraudados nas Eleições de 1994,Aos Fatos,https://www.aosfatos.org/noticias/posts-omitem-informacoes-ao-relacionar-bolsonaro-fraude-em-cedulas-eleitorais-em-1994/,Falso,2021-01-14 08:00:00,https://encrypted-tbn0.gstatic.com/images?q=tbn:ANd9GcTTT7vwXrCpqBSIBAVGKbRlSwXD2Tqp9HIk_fjTzZ2VgC0X38OL,"['Jair Bolsonaro', 'Votação', 'Eleição', 'Eleições gerais no Brasil em 1994', '1994']"
517,Globo admitiu chance de fraude nas urnas em reportagem sobre quadrilha de golpistas,Aos Fatos,https://www.aosfatos.org/noticias/e-falso-que-globo-admitiu-em-reportagem-que-urnas-eletronicas-podem-ser-fraudadas/,Falso,2021-08-31 07:00:00,https://encrypted-tbn2.gstatic.com/images?q=tbn:ANd9GcQ4Qnao0QVionf0nAp5AZOrBZhUHOgttV_lQEq4ka6I7c3kSdxj,"['Fraude nas urnas eletrônicas', 'Urna eleitoral', 'TV Globo', 'Reportagem', 'Fraude', 'Quadrilha']"
518,"Seções eleitorais com 1,5 mil eleitores é indicativo de fraude eleitoral",Projeto Comprova,https://projetocomprova.com.br/publica%C3%A7%C3%B5es/e-falso-que-existam-urnas-com-15-mil-eleitores-ao-contrario-do-que-alega-deputado/,Falso,2022-11-21 08:00:00,https://encrypted-tbn1.gstatic.com/images?q=tbn:ANd9GcQ3hRFVh_VVT-xKXypPC-EAtGmnjR_W7uIT1ewPnmlcVi6W2kp0,"['Eleição', 'Fraude eleitoral', 'Fraude']"
519,Alguma vez em toda a história da humanidade vocês viram uma eleição mais escandalosamente fraudulenta igual a essa dos Estados Unidos?,Observador,https://observador.pt/factchecks/fact-check-ha-provas-de-fraude-generalizada-nas-eleicoes-presidenciais-dos-eua/,Errado,2020-12-01 08:00:00,https://encrypted-tbn3.gstatic.com/images?q=tbn:ANd9GcSPoSTekUtgc_77fQoKLZVgRXrfRC2VlIfGvKU-4cRTmZlv5x96,"['Eleição', 'Estados Unidos', 'História da humanidade', 'História']"
520,Demonstração mostra possíveis fraudes em urnas eletrônicas,Aos Fatos,https://www.aosfatos.org/noticias/video-mostra-simulacao-de-fraude-em-urna-diferente-da-usada-no-brasil/,Não_É_Bem_Assim,2022-08-01 07:00:00,https://encrypted-tbn3.gstatic.com/images?q=tbn:ANd9GcSpuOxiCatoIXSwnB1M-DkcGj2nq0Yx83R3XFIWr7kfTQzK0AkQ,"['Urna eletrônica', 'Fraude', 'Eletrônica']"
521,Fraude nas urnas.,Aos Fatos,https://www.aosfatos.org/noticias/video-nao-mostra-fraude-mas-defeito-em-urna-que-foi-substituida-em-petropolis-rj/,Não_É_Bem_Assim,2022-10-04 07:00:00,https://encrypted-tbn3.gstatic.com/images?q=tbn:ANd9GcTEw9vsEqFgw9eCbgPiPNrvDlutBN2ae-agfrvAThnOo5lR2dUB,"['Urna eleitoral', 'Fraude nas urnas eletrônicas']"
522,"""Funcionária do TSE admitiu que sistema eleitoral brasileiro é uma fraude"".",Observador,https://observador.pt/factchecks/fact-check-funcionaria-do-tribunal-superior-eleitoral-do-brasil-relatou-fraude-do-sistema-eleitoral/,Errado,2022-08-29 07:00:00,https://encrypted-tbn3.gstatic.com/images?q=tbn:ANd9GcSPoSTekUtgc_77fQoKLZVgRXrfRC2VlIfGvKU-4cRTmZlv5x96,"['Sistema eleitoral do Brasil', 'Tribunal Superior Eleitoral', 'Fraude', 'Eleição', 'Funcionário']"
523,Foram encontradas 2.600 cédulas de votação fraudadas na Pensilvânia,Aos Fatos,https://www.aosfatos.org/noticias/falso-autoridades-encontraram-cedulas-fraudadas-pensilvania/,Falso,2024-11-04 08:00:00,https://encrypted-tbn1.gstatic.com/images?q=tbn:ANd9GcTXtUg75ZiMgaucQ4bT5A_AO587LxV8NWhjygXdUZTiBHTEU1UR,"['Pensilvânia', 'Votação', 'Cédula eleitoral']"
524,Urnas autocompletavam o voto em Fernando Haddad,Aos Fatos,https://www.aosfatos.org/noticias/posts-usam-videos-ja-desmentidos-ao-sustentar-que-eleicoes-sao-fraudadas/,Falso,2021-08-25 07:00:00,https://encrypted-tbn2.gstatic.com/images?q=tbn:ANd9GcQJtHzlcUJ52rqQBRm14-0bKGmPrvvuwuRVmYNWA_joAGZCqMTP,"['Votação', 'Urna eleitoral', 'Fernando Haddad']"
525,Vídeo mostra material do mesário jogado na rua,Aos Fatos,https://www.aosfatos.org/noticias/posts-usam-videos-ja-desmentidos-ao-sustentar-que-eleicoes-sao-fraudadas/,Falso,2021-08-25 07:00:00,https://encrypted-tbn2.gstatic.com/images?q=tbn:ANd9GcQJtHzlcUJ52rqQBRm14-0bKGmPrvvuwuRVmYNWA_joAGZCqMTP,"['Mesário', 'Vídeo', 'Amostra']"
526,Barroso disse que há risco de fraude no sistema eleitoral brasileiro,Aos Fatos,https://www.aosfatos.org/noticias/posts-usam-videos-ja-desmentidos-ao-sustentar-que-eleicoes-sao-fraudadas/,Falso,2021-08-25 07:00:00,https://encrypted-tbn2.gstatic.com/images?q=tbn:ANd9GcQJtHzlcUJ52rqQBRm14-0bKGmPrvvuwuRVmYNWA_joAGZCqMTP,"['Eleição', 'Sistema eleitoral do Brasil', 'Fraude', 'Luís Roberto Barroso']"
527,Vídeo mostra urna anulando voto em Bolsonaro,Aos Fatos,https://www.aosfatos.org/noticias/posts-usam-videos-ja-desmentidos-ao-sustentar-que-eleicoes-sao-fraudadas/,Falso,2021-08-25 07:00:00,https://encrypted-tbn2.gstatic.com/images?q=tbn:ANd9GcQJtHzlcUJ52rqQBRm14-0bKGmPrvvuwuRVmYNWA_joAGZCqMTP,"['Votação', 'Urna eleitoral', 'Jair Bolsonaro', 'Vídeo']"
528,"Fraude nas urnas: eleitor em Parauapebas, no Pará, foi votar e alguém já havia votado por ele",Estadão,https://www.estadao.com.br/estadao-verifica/eleitor-votou-no-lugar-de-outro-fraude-parauapebas-pa-enganoso/,Falso,2024-10-06 07:00:00,https://encrypted-tbn2.gstatic.com/images?q=tbn:ANd9GcSeUpD7BMWK63AWdtYBf-O8a087PjNgYgNIHZrTmHMgdQrN2W_J,"['Eleitor', 'Votação', 'Fraude nas urnas eletrônicas', 'Urna eleitoral', 'Pará', 'Parauapebas', 'Fraude']"
529,Ciro Gomes disse que haverá fraudes nas eleições de 2022,AFP Checamos,https://checamos.afp.com/doc.afp.com.32KB9HU,Falso,2022-09-28 07:00:00,https://encrypted-tbn1.gstatic.com/images?q=tbn:ANd9GcRSwoFcbQiY0IrMscKL3E2GYy2_ENtjwPuQ8inU67H43h-ykXER,"['Ciro Gomes', 'Eleição', 'Fraude', 'Eleições presidenciais brasileiras, 2022', '2022']"
530,Putin diz que irá intervir no Brasil caso haja fraude nas eleições,Aos Fatos,https://www.aosfatos.org/noticias/falso-putin-intervencao-brasil-fraude-eleitoral/,Falso,2022-11-08 08:00:00,https://encrypted-tbn2.gstatic.com/images?q=tbn:ANd9GcRLu0C6EDfmrBrjB5HDStB9S3wdQf5NaLUuR0V0wWgQ70w1N3-j,"['Vladimir Putin', 'Brasil', 'Eleição', 'Fraude', 'Irã']"
532,Lamentável! Domingo 20 novembro Urnas eletrônicas sendo carregadas. Pra onde? Só Deus e Lex Luthor sabe,UOL Notícias,https://noticias.uol.com.br/confere/ultimas-noticias/2022/11/22/video-engana-ao-associar-tirada-de-urnas-de-predio-em-sp-a-fraude-eleitoral.htm,Insustentável,2022-11-22 08:00:00,https://encrypted-tbn1.gstatic.com/images?q=tbn:ANd9GcTvcrbwgys5ZHCKjzlo1WAT7MXAW-B4G_u3Du7dRms2y4SR13fI,"['Urna eleitoral', 'Urna eletrônica', 'Deus', '20 de novembro', 'Novembro', 'Lex Luthor']"
533,Antonio Palocci disse que urnas eletrônicas são fraudáveis,Aos Fatos,https://www.aosfatos.org/noticias/palocci-nao-disse-ser-possivel-fraudar-urna-eletronica/,Falso,2020-11-24 08:00:00,https://encrypted-tbn0.gstatic.com/images?q=tbn:ANd9GcRD5-Ol9nMP2nkU8j6kZLhojGZDbw3uxNgKVDdfJs38WHJ7itDx,"['Antonio Palocci', 'Urna eleitoral', 'Urna eletrônica']"
535,TSE pode ser pego por fraude em terceirizações,Estadão,https://www.estadao.com.br/estadao-verifica/video-engana-ao-sugerir-fraude-em-terceirizacao-de-servicos-da-justica-eleitoral/,Falso,2023-06-22 07:00:00,https://encrypted-tbn0.gstatic.com/images?q=tbn:ANd9GcS20YHUe82in0dCjNsBK1EZ1fE1c7yBykBJTSAT379J8Noqbsvb,"['Tribunal Superior Eleitoral', 'Fraude', 'Terceirização']"
536,Senado prova fraude nas urnas,Aos Fatos,https://www.aosfatos.org/noticias/audiencia-senado-urnas-fraude/,Falso,2022-11-30 08:00:00,https://encrypted-tbn2.gstatic.com/images?q=tbn:ANd9GcRoBGO8Ygy37WIQ1ml6zDXVvUhOJxhuE-YP2LRn4i4xqAiVs6Jl,"['Senado Federal do Brasil', 'Urna eleitoral', 'Fraude nas urnas eletrônicas', 'Fraude']"
537,Seção em Sete Lagoas (MG) registrou 40 votos a mais do que eleitores,Aos Fatos,https://www.aosfatos.org/noticias/e-mentira-que-secao-em-sete-lagoas-mg-registrou-mais-votos-do-que-eleitores/,Falso,2022-10-06 07:00:00,https://encrypted-tbn0.gstatic.com/images?q=tbn:ANd9GcQ8ge0ZlCI2ITPpFzcweS9hpgUAf1oMJdj_lKZgytbqreMcbn3W,"['Eleição', 'Votação', 'Sete Lagoas', 'Minas Gerais']"
538,Vídeo mostra passo a passo para fraudar urna eletrônica,Aos Fatos,https://www.aosfatos.org/noticias/procedimento-mostrado-em-video-nao-e-capaz-de-fraudar-urnas-eletronicas-do-tse/,Falso,2020-11-18 08:00:00,nan,"['Fraude', 'Urna eleitoral', 'Fraude nas urnas eletrônicas', 'Máquina de votação', 'Eletrônica', 'Vídeo']"
539,"Eleitores colocavam 17 na urna e aparecia nulo ou automaticamente 13. E quem queria votar 13, não aparecia 17 nem nulo",Aos Fatos,https://www.aosfatos.org/noticias/bolsonaro-promete-provas-de-fraude-mas-apresenta-alegacoes-ja-desmentidas-sobre-urnas-eletronicas/,Falso,2021-07-29 07:00:00,nan,"['Urna eleitoral', 'Eleição', 'Votação', 'Voto nulo']"
540,"Em 4 horas de apuração [do segundo turno das eleições de 2014], 240 minutos [Dilma e Aécio se intercalaram na primeira posição], 240 vezes",Aos Fatos,https://www.aosfatos.org/noticias/bolsonaro-promete-provas-de-fraude-mas-apresenta-alegacoes-ja-desmentidas-sobre-urnas-eletronicas/,Falso,2021-07-29 07:00:00,nan,"['Eleição', '2014', 'Aécio Neves', 'Dilma Rousseff', 'Posição', 'Eleições gerais no Brasil em 2014']"
541,"Agora, quem não quer mudar o sistema é porque tem certeza que o voto não auditável servirá para eleger quem não tem voto",Aos Fatos,https://www.aosfatos.org/noticias/bolsonaro-promete-provas-de-fraude-mas-apresenta-alegacoes-ja-desmentidas-sobre-urnas-eletronicas/,Falso,2021-07-29 07:00:00,nan,"['Votação', 'Sistema']"
542,"Com 0,39% das urnas apuradas [nas eleições municipais de São Paulo], o sistema travou. (...) Quando o sistema voltou a funcionar lá na frente, já com quase 100% [do resultado eleitoral] apurado, a ordem dos candidatos permaneceu exatamente a mesma.",Aos Fatos,https://www.aosfatos.org/noticias/bolsonaro-promete-provas-de-fraude-mas-apresenta-alegacoes-ja-desmentidas-sobre-urnas-eletronicas/,Falso,2021-07-29 07:00:00,nan,"['Urna eleitoral', 'Eleição', 'Sistema', 'Candidato', 'São Paulo', 'Resultado', 'Eleições municipais no Brasil']"
543,"Mas a tecnologia da mesma [urna eletrônica], a sua segurança, quase nada mudou de lá [dos anos 1990] para cá.",Aos Fatos,https://www.aosfatos.org/noticias/bolsonaro-promete-provas-de-fraude-mas-apresenta-alegacoes-ja-desmentidas-sobre-urnas-eletronicas/,Falso,2021-07-29 07:00:00,nan,"['Urna eleitoral', '1990', 'Tecnologia', 'Máquina de votação', 'Eletrônica']"
544,Servidor exonerado por Alexandre de Moraes denuncia fraude eleitoral em vídeo,Aos Fatos,https://www.aosfatos.org/noticias/falso-fraude-servidor-exonerado-do-tse/,Falso,2022-11-24 08:00:00,https://encrypted-tbn3.gstatic.com/images?q=tbn:ANd9GcQDOrHWFF7tVrV28hu1bGY7fQGUWE3uOmmJthCffFvVJ5aDfxkj,"['Fraude', 'Exoneração', 'Denúncia', 'Eleição', 'Alexandre de Moraes', 'Vídeo', 'Fraude eleitoral']"
545,Marca d'água em cédulas prova fraude de democratas contra Trump em eleição dos EUA,Aos Fatos,https://www.aosfatos.org/noticias/e-falso-que-marcas-dagua-nas-cedulas-de-votacao-evidenciaram-fraude-eleitoral-nos-eua/,Falso,2020-11-06 08:00:00,https://encrypted-tbn0.gstatic.com/images?q=tbn:ANd9GcRfew9F0c0a-HwfzI1PIrDCF8xPIZzNjeup4RY52iNDsUlYtnNK,"['Estados Unidos', 'Eleição', 'Partido Democrata', 'Donald Trump', 'Fraude', 'Cédula eleitoral', ""Marca d'água""]"
546,Estabilidade das porcentagens de votos durante apuração em São Paulo é indício de fraude eleitoral.,Aos Fatos,https://www.aosfatos.org/noticias/estabilidade-dos-resultados-parciais-em-sao-paulo-nao-indica-que-houve-fraude-eleitoral/,Falso,2020-11-17 08:00:00,https://encrypted-tbn2.gstatic.com/images?q=tbn:ANd9GcRWT7Emr6J2mAmG_f3YERKVtCXPOSUxjgCNElegTYzGgsZtXV3T,"['Fraude eleitoral', 'Fraude', 'Eleição', 'Votação', 'Porcentagem', 'indício', 'São Paulo']"
548,Urna com 100% dos votos válidos em Lula prova que houve fraude eleitoral,Aos Fatos,https://www.aosfatos.org/noticias/urna-todos-votos-lula-nao-prova-fraude/,Não_É_Bem_Assim,2022-11-02 07:00:00,https://encrypted-tbn2.gstatic.com/images?q=tbn:ANd9GcTd3agqXR5jJUSzaFIRDX6ICzg1v7Y4rv_7CIB_q6qmmFrwuFM2,"['Luiz Inácio Lula da Silva', 'Fraude eleitoral', 'Votação', 'Eleição', 'Urna eleitoral', 'Voto válido', 'Fraude']"
549,"Dallas Jones, chefe de campanha de Joe Biden, foi preso sob acusação de participação na fraude eleitoral nos USA [sigla para a expressão em inglês de ""Estados Unidos da América""].",Observador,https://observador.pt/factchecks/fact-check-chefe-de-campanha-de-joe-biden-preso-por-fraude-eleitoral/,Errado,2020-11-25 08:00:00,https://encrypted-tbn3.gstatic.com/images?q=tbn:ANd9GcSPoSTekUtgc_77fQoKLZVgRXrfRC2VlIfGvKU-4cRTmZlv5x96,"['Fraude eleitoral', 'Joe Biden', 'Fraude', 'Eleição', 'Prisão', 'Estados Unidos', 'América']"
550,"Paulo Pimenta diz que Lula venceu apenas com 39%, revelando fraude eleitoral",Estadão,https://www.estadao.com.br/estadao-verifica/postagens-distorcem-paulo-pimenta-fraude-eleitoral/,Falso,2024-02-16 08:00:00,https://encrypted-tbn0.gstatic.com/images?q=tbn:ANd9GcRmcyB2D48JZsxC9QZ8JnenJRqbMocqLNZkolgfrMNlPJ6eNbCq,"['Paulo Pimenta', 'Fraude eleitoral', 'Eleição', 'Luiz Inácio Lula da Silva', 'Fraude']"
551,Elon Musk denunciou fraude nas eleições de 2022 no Brasil,Estadão,https://www.estadao.com.br/estadao-verifica/elon-musk-nao-denunciou-fraude-nas-eleicoes-brasileiras-de-2022/,Falso,2024-10-17 07:00:00,https://encrypted-tbn3.gstatic.com/images?q=tbn:ANd9GcSzryOpEoX6_dcyIlD54i-lQ8-HPT8rY_URzYMol_RsL0n7rM0K,"['Elon Musk', 'Eleição', 'Brasil', 'Eleições presidenciais brasileiras, 2022', 'Fraude', '2022']"
552,Estabilidade de percentuais de voto prova fraude na eleição para prefeito de São Paulo no Brasil,AFP Checamos,https://checamos.afp.com/estabilidade-de-percentual-de-votos-em-sao-paulo-nao-prova-fraude-eleitoral,Falso,2020-11-17 08:00:00,https://encrypted-tbn3.gstatic.com/images?q=tbn:ANd9GcRLTCjXSom_DID7DedQdsfxx3Svb6PU3Sgy3g1mk4MWb54Q3sUm,"['Eleição', 'Votação', 'Fraude', 'São Paulo', 'Brasil', 'Prefeito de São Paulo', 'Primátor']"
553,Vídeo mostra fraude nas eleições na França em 2022,Aos Fatos,https://www.aosfatos.org/noticias/video-nao-prova-fraude-eleicoes-franca/,Falso,2022-05-18 07:00:00,https://encrypted-tbn0.gstatic.com/images?q=tbn:ANd9GcQeDYVkP1aX_dyvS_OH8j1yt3kDbHy1eEH9U1rwAS5P5vm-leeh,"['Fraude', 'Eleições na França', 'França', 'Eleição', 'Vídeo', 'Eleições presidenciais francesas, 2022', '2022']"
554,Como se proteger de scams e golpes virtuais,UOL Notícias,https://noticias.uol.com.br/comprova/ultimas-noticias/2025/10/13/o-que-sao-os-scams-golpes-ou-fraudes-virtuais-e-como-se-proteger.htm,Falso,2025-10-13 07:00:00,https://encrypted-tbn2.gstatic.com/images?q=tbn:ANd9GcQHM79UFHvkwWKP1FJhxH6vfjqghgn9g7SZWdArh2qRL1rMFt7a,"['Golpe', 'Trapaça']"
555,"Barroso pagou R$ 9 milhões a partidos para derrubar a PEC do Voto Impresso, comprou microchips de Taiwan com milhões de votos para Lula e destruiu cerca de 200 mil urnas que escondiam provas da fraude eleitoral de 2022",Aos Fatos,https://www.aosfatos.org/noticias/video-mentiras-atuacao-barroso-tse-alegar-fraude-em-2022/,Falso,2025-08-11 07:00:00,https://encrypted-tbn0.gstatic.com/images?q=tbn:ANd9GcS_cIH6r_9H_m8HTmsB6XuCIlxl1U9qbR9SmXV9G4YICdFB88hS,"['Luís Roberto Barroso', 'Fraude', 'Fraude eleitoral', 'Votação', 'Urna eleitoral', 'Eleição', 'Luiz Inácio Lula da Silva', 'Comprovante de votação verificado pelo eleitor', 'Partido político']"
557,"PF pediu prisão de Moraes, que fraudou documentos contra Jair Bolsonaro",Aos Fatos,https://www.aosfatos.org/noticias/e-falso-que-pf-pediu-prisao-de-moraes-por-fraude-documental-contra-bolsonaro/,Falso,2026-04-06 07:00:00,https://encrypted-tbn2.gstatic.com/images?q=tbn:ANd9GcQ7esHfltavBnUzdxY8FL3IqGYfURDVRXkGFcdWTBlg5nQfdjDl,"['Alexandre de Moraes', 'Jair Bolsonaro', 'Departamento de Polícia Federal', 'Polícia Federal', 'Prisão', 'Documento']"
558,Reportagem mostra que fraudes em descontos no INSS começaram em 2005,Aos Fatos,https://www.aosfatos.org/noticias/denuncia-de-fraude-no-inss-em-2005-nao-tem-relacao-com-esquema-atual/,Falso,2025-05-23 07:00:00,https://encrypted-tbn3.gstatic.com/images?q=tbn:ANd9GcRdWx4ivxXRM2aPvHv3eCz8TgbMGTQ8O13ybVotoSQZ9dK2V5uN,"['Instituto Nacional do Seguro Social', 'INSS', 'Fraude', 'Reportagem', '2005']"
559,Decisão de Alexandre de Moraes sobre Coaf vai impedir investigações sobre fraude no INSS,Aos Fatos,https://www.aosfatos.org/noticias/decisao-de-moraes-sobre-relatorios-do-coaf-nao-impede-investigacao-de-fraude-no-inss/,Falso,2025-08-29 07:00:00,https://encrypted-tbn0.gstatic.com/images?q=tbn:ANd9GcSPj2zyQVFvP91JRGTxU45PeeyAs3EvwROcUfUd7BlA064Jb8jq,"['Alexandre de Moraes', 'INSS', 'Conselho de Controle de Atividades Financeiras', 'Instituto Nacional do Seguro Social', 'Esquema de fraudes no INSS', 'Fraude', 'Pesquisa']"
560,Irmãos de Lula e Flávio Dino estão envolvidos no esquema do INSS,Aos Fatos,https://www.aosfatos.org/noticias/irmaos-de-lula-e-de-flavio-dino-nao-sao-investigados-por-fraude-no-inss/,Falso,2025-10-02 07:00:00,https://encrypted-tbn3.gstatic.com/images?q=tbn:ANd9GcRUPWpxgFM16llbBT8g6CCF3les3WcK1cW_PQrLjx7fwHTPSbQQ,"['Flávio Dino', 'Instituto Nacional do Seguro Social', 'INSS', 'Luiz Inácio Lula da Silva', 'Esquema de fraudes no INSS']"
562,Governo federal pediu ao STF para suspender investigações da fraude no INSS,AFP Checamos,https://checamos.afp.com/doc.afp.com.6387963,Falso,2025-06-20 07:00:00,https://encrypted-tbn0.gstatic.com/images?q=tbn:ANd9GcTg9JKtZcyWyqVATgPIYqyj-0VkSp_dRg5y6mTCyRMxG27zfPca,"['Fraude', 'INSS', 'Instituto Nacional do Seguro Social', 'Supremo Tribunal Federal', 'Esquema de fraudes no INSS', 'Governo', 'Pesquisa']"
563,"Aquelas 1.500 pessoas, pobres, coitadas, que até foi levantada por um dos que me antecederam agora há pouco aqui. Cem ônibus chegaram na região do setor ambiental urbano, na madrugada de domingo. E o pessoal foi embora logo depois da baderna e sobrou para quem estava acampado aqui. Quem realmente fez foi embora.",Aos Fatos,https://www.aosfatos.org/noticias/no-stf-bolsonaro-mente-ao-responder-acusacoes-de-fraude-e-golpismo/,Falso,2025-06-10 07:00:00,https://encrypted-tbn0.gstatic.com/images?q=tbn:ANd9GcTtJfe5Q5m4K0MerercIal7vZboM6cACEou9CeDpdSLHc8K4DW2,"['Logotipo', 'Meio ambiente', 'Ônibus', 'Pobreza']"
564,"Eu ouvi a declaração do ministro José Múcio, da Defesa, no Roda Viva, há poucos meses, ele falando que o 8 de Janeiro não foi golpe. Também o ex-ministro Aldo Rebelo, a mesma coisa. Também o ex-ministro da Defesa, Nelson Jobim, a mesma coisa — que foi presidente do TSE, inclusive. Outras [pessoas]... José Sarney… todo mundo falando isso, respeitosamente.",Aos Fatos,https://www.aosfatos.org/noticias/no-stf-bolsonaro-mente-ao-responder-acusacoes-de-fraude-e-golpismo/,Não_É_Bem_Assim,2025-06-10 07:00:00,https://encrypted-tbn0.gstatic.com/images?q=tbn:ANd9GcTtJfe5Q5m4K0MerercIal7vZboM6cACEou9CeDpdSLHc8K4DW2,"['Presidente', 'Tribunal Superior Eleitoral', 'Ministro', 'José Múcio', 'Nelson Jobim', 'José Sarney', 'Aldo Rebelo', 'Ministério da Defesa', 'Ataques de 8 de janeiro em Brasília']"
565,"Daí eu convidei os embaixadores para mostrar o inquérito 1361, e com todo respeito, mesmo que seja um outro... Um outro foco, um inquérito, após a minha conversa com os embaixadores, no dia seguinte, ser classificado como confidencial, a gente fica um pouco surpreso com isso",Aos Fatos,https://www.aosfatos.org/noticias/no-stf-bolsonaro-mente-ao-responder-acusacoes-de-fraude-e-golpismo/,Falso,2025-06-10 07:00:00,https://encrypted-tbn0.gstatic.com/images?q=tbn:ANd9GcTtJfe5Q5m4K0MerercIal7vZboM6cACEou9CeDpdSLHc8K4DW2,"['Embaixador', 'Inquérito policial', '1361']"
567,"Na semana seguinte ao segundo turno de 2018, foi instalado o inquérito 1361 para apurar inconsistências, fragilidade do sistema eleitoral.",Aos Fatos,https://www.aosfatos.org/noticias/no-stf-bolsonaro-mente-ao-responder-acusacoes-de-fraude-e-golpismo/,Falso,2025-06-10 07:00:00,https://encrypted-tbn0.gstatic.com/images?q=tbn:ANd9GcTtJfe5Q5m4K0MerercIal7vZboM6cACEou9CeDpdSLHc8K4DW2,"['Eleição', 'Inquérito policial', 'Sistema eleitoral do Brasil', '2018', '1361', 'Semana']"
568,"Quando nós peticionamos o TSE sobre possíveis vulnerabilidades, no dia seguinte não foi acolhido, não se discute nada mais além disso, e nos surpreendeu uma multa de R$ 22 milhões. Essa multa nos abalou e, no nosso entendimento, se a gente viesse a recorrer da multa ou da petição a multa poderia ser agravada e outras coisas poderiam acontecer",Aos Fatos,https://www.aosfatos.org/noticias/no-stf-bolsonaro-mente-ao-responder-acusacoes-de-fraude-e-golpismo/,Falso,2025-06-10 07:00:00,https://encrypted-tbn0.gstatic.com/images?q=tbn:ANd9GcTtJfe5Q5m4K0MerercIal7vZboM6cACEou9CeDpdSLHc8K4DW2,"['Tribunal Superior Eleitoral', 'Multa', '2022', 'Compreensão', 'Abaixo-assinado']"
569,Parlamentares bolsonaristas querem criar uma CPI para investigar fraudes ocorridas do INSS apenas a partir de 2023,Aos Fatos,https://www.aosfatos.org/noticias/nao-e-verdade-que-oposicao-quer-investigar-fraudes-no-inss-ocorridas-apenas-a-partir-de-2023/,Falso,2025-05-09 07:00:00,https://encrypted-tbn1.gstatic.com/images?q=tbn:ANd9GcSotF3N9OPWtKzigJxnKilnsD5NUNJbfEikS9kkCIWIAPSF9Z4g,"['INSS', 'Comissão parlamentar de inquérito', 'Instituto Nacional do Seguro Social', 'Fraude', 'Parlamento', '2023', 'Bolsonarismo']"
570,Saiu a lista de parlamentares envolvidos no roubo do INSS,AFP Checamos,https://checamos.afp.com/doc.afp.com.73EJ6CR,Falso,2025-09-04 07:00:00,https://encrypted-tbn3.gstatic.com/images?q=tbn:ANd9GcRHvcefLDbF5vuqBo7AByHEWstIb8QLxV1TGbSTvl4feq71Adxc,"['Instituto Nacional do Seguro Social', 'INSS', 'Furto', 'Parlamento']"
571,Quadrilha que fez desvios no INSS foi criada em 2019,Aos Fatos,https://www.aosfatos.org/noticias/lula-engana-fraude-inss-comecou-2019-omite-inercia-governo/,Falso,2025-05-14 07:00:00,https://encrypted-tbn1.gstatic.com/images?q=tbn:ANd9GcRWzph682t3rnVOT6dfMf0TBqxLSui5KrDe5XBN435OgTGwKimL,"['Instituto Nacional do Seguro Social', 'INSS', '2019', 'Quadrilha']"
572,PT derrubou medida contra fraudes no INSS em 2022,Aos Fatos,https://www.aosfatos.org/noticias/todos-os-partidos-votaram-para-derrubar-medida-contra-fraudes-inss-nao-so-pt/,Não_É_Bem_Assim,2025-05-16 07:00:00,https://encrypted-tbn0.gstatic.com/images?q=tbn:ANd9GcSLfCs2Qxm4yWas6XSjTz9GD2gHdaSh7cVMyyBBUV2didGlajkD,"['Instituto Nacional do Seguro Social', 'INSS', 'Partido dos Trabalhadores', 'Partido dos Trabalhadores', 'Esquema de fraudes no INSS', 'Fraude', '2022']"
573,Empresa investigada por roubar 32 milhões dos aposentados do INSS pagava cartão de crédito de Michelle Bolsonaro,Aos Fatos,https://www.aosfatos.org/noticias/empresa-suspeita-de-pagar-despesas-de-michelle-bolsonaro-nao-e-investigada-por-fraude-no-inss/,Falso,2025-05-16 07:00:00,https://encrypted-tbn2.gstatic.com/images?q=tbn:ANd9GcT4_cJfYj-8zxtyz0IpVBo8NW0piN-x1A8uRBJLf1wvCC0c8YMv,"['Michelle Bolsonaro', 'Instituto Nacional do Seguro Social', 'INSS', 'Crédito', 'Cartão de crédito', 'Aposentadoria']"
575,Polícia Federal achou recibo de aluguel de jatinho em nome de Nikolas Ferreira (PL-MG) e Michelle Bolsonaro em empresa que desviou R$ 32 milhões do INSS.,Aos Fatos,https://www.aosfatos.org/noticias/nao-ha-indicios-de-que-nikolas-e-michelle-alugaram-jatinho-com-dinheiro-da-fraude-do-inss/,Falso,2025-06-30 07:00:00,https://encrypted-tbn1.gstatic.com/images?q=tbn:ANd9GcSKIBB9KbgQqE3BcPvrIbUELbE_GUql7GhH61YxL6ZyanBh8VGs,"['Nikolas Ferreira', 'Michelle Bolsonaro', 'Instituto Nacional do Seguro Social', 'INSS', 'Departamento de Polícia Federal', 'Partido Liberal', 'Polícia Federal']"
576,Elon Musk não descobriu fraude na previdência social dos EUA,Aos Fatos,https://www.aosfatos.org/noticias/musk-nao-descobriu-fraude-previdencia-social-eua/,Não_É_Bem_Assim,2025-02-18 08:00:00,https://encrypted-tbn1.gstatic.com/images?q=tbn:ANd9GcTPfK1Wj9RML4lMuV_TIDLUSzSA4VSOFX_Zb1XAMHmd8AUxb0kd,"['Elon Musk', 'Seguridade social', 'Fraude', 'Estados Unidos']"
578,Rombo de R$ 841 bilhões no Banco do Brasil,Estadão,https://www.estadao.com.br/estadao-verifica/banco-do-brasil-processo-direito-consumidor-fraude-841-bilhoes/,Falso,2025-06-09 07:00:00,https://encrypted-tbn3.gstatic.com/images?q=tbn:ANd9GcRSWdnpIyZSpr7_08cZ8KnTFvmvIE6-XIa5Kon_bIuoDWPp_luf,"['Banco do Brasil', 'Banco do Brasil', 'Banco do Brasil', 'Banco', 'Brasil']"
579,"Com Lula, fraude no INSS pode passar de R$ 150 bilhões",Estadão,https://www.estadao.com.br/estadao-verifica/150-bilhoes-fraude-inss-enganoso/,Falso,2025-05-08 07:00:00,https://encrypted-tbn0.gstatic.com/images?q=tbn:ANd9GcSTw-kuKv2PsjeNYJF08Bdi4naUYhUxdoCcCwVocSq8BpCj7-rm,"['Fraude', 'Instituto Nacional do Seguro Social', 'INSS', 'Esquema de fraudes no INSS', 'Luiz Inácio Lula da Silva']"
581,"Polícia Federal descobriu indícios de possível fraude na Mega da Virada envolvendo pessoas próximas ao alto escalão do governo, empresários influentes e funcionários de alto nível da Caixa Econômica Federal.",Aos Fatos,https://www.aosfatos.org/noticias/falso-policia-federal-descobriu-fraude-mega-da-virada/,Falso,2025-01-03 08:00:00,https://encrypted-tbn0.gstatic.com/images?q=tbn:ANd9GcTpd1N9AoKiFplM5OP_DDnvXiahYsM5UK8J9X9R1cV7O3hEov7f,"['Fraude', 'Mega-Sena', 'Departamento de Polícia Federal', 'Polícia Federal', 'Polícia', 'Caixa Econômica Federal', 'Federal', 'Caixa Econômica Federal']"
583,"ABC mostrou resultado da eleição presidencial na Pensilvânia dias antes do pleito, o que prova fraude",Aos Fatos,https://www.aosfatos.org/noticias/erro-emissora-pensilvania-nao-prova-fraude-kamala/,Falso,2024-10-31 07:00:00,https://encrypted-tbn0.gstatic.com/images?q=tbn:ANd9GcQWBZlTOaeUeb4j1M1NFEpkOWAYuV_bzw3OKHELzYJmuH0_JSN9,"['Fraude', 'Eleição', 'Presidente', 'Pensilvânia', 'Eleições presidenciais']"
585,Em 2019 a Globo noticiou que hackers numa convenção em Las Vegas hackearam urnas do modelo brasileiro em poucos minutos,Aos Fatos,https://www.aosfatos.org/noticias/influenciador-portugues-mentira-fraude-eleitoral-brasil-senado/,Falso,2024-04-25 07:00:00,https://encrypted-tbn1.gstatic.com/images?q=tbn:ANd9GcQlhoBmW39BM588j_b5lF3yyfKsMmGo4OFSZeM76KCNgfVGZzKi,"['Urna eleitoral', 'Brasil', 'Grupo Globo', '2019', 'Hacker']"
586,Soma dos resultados oficiais na Venezuela dá 132%,Aos Fatos,https://www.aosfatos.org/noticias/grafico-soma-votos-132-nao-prova-fraude-venezuela/,Falso,2024-07-29 07:00:00,https://encrypted-tbn2.gstatic.com/images?q=tbn:ANd9GcSGS8tCLxOdELV4gULzch6TvrUHtMnPoEqerkEC4dDdYhHzbiOo,['Venezuela']
587,"""Denuncia seríssima!
Vamos compartilhar ao máximo esse vídeo para que as pessoas de bem possam se informar de uma possível fraude nas eleições de 2022. BRASIL
Assistam: Em Itapeva, as URNAS estão sendo abertas no SINDICATO DOS TRABALHADORES. O que está havendo?
DENUNCIEM!!!""",Observador,https://observador.pt/factchecks/fact-check-video-mostra-fraude-eleitoral-com-urnas-abertas-nas-eleicoes-presidenciais-brasileiras/,Errado,2022-09-29 07:00:00,https://encrypted-tbn3.gstatic.com/images?q=tbn:ANd9GcSPoSTekUtgc_77fQoKLZVgRXrfRC2VlIfGvKU-4cRTmZlv5x96,"['Eleição', 'Fraude', 'Urna eleitoral', 'Brasil', 'Eleições presidenciais brasileiras, 2022', 'Itapeva', '2022', 'Trabalhador', 'Sindicato']"
590,Peritos federais intervêm e provam fraude nas urnas em 2022,Aos Fatos,https://www.aosfatos.org/noticias/falso-peritos-federais-fraude-urnas-2022/,Falso,2022-11-03 07:00:00,https://encrypted-tbn3.gstatic.com/images?q=tbn:ANd9GcTACy95YEbqHsySiRvIPHL9k6cxEV2RjUe1d3MItlnmG36gMChC,"['Fraude nas urnas eletrônicas', 'Urna eleitoral', '2022', 'Deputado Federal do Brasil']"
592,Vídeo em que mulher preenche cédulas em branco indica fraude nas eleições dos EUA,Aos Fatos,https://www.aosfatos.org/noticias/video-em-que-mulher-preenche-cedulas-em-branco-nao-indica-fraude-nas-eleicoes-dos-eua/,Falso,2020-11-06 08:00:00,https://encrypted-tbn0.gstatic.com/images?q=tbn:ANd9GcRPN5e9xHQmV2uFRgSDnM9YQ88bsqIybmxFRp_tKe-GInIgnzCe,"['Fraude', 'Eleição', 'Estados Unidos', 'Cédula eleitoral', 'Vídeo', 'Mulher']"
594,"No Amazonas, caixões vazios são enterrados para causar pânico na população.",Aos Fatos,https://www.aosfatos.org/noticias/foto-que-mostra-caixao-vazio-desenterrado-e-de-2017-e-foi-tirada-em-sao-paulo-nao-no-amazonas/,Falso,2020-04-30 07:00:00,https://encrypted-tbn1.gstatic.com/images?q=tbn:ANd9GcSCqTW8BgXgQtcuuj2W8ZqMDqSBpO6NxzOQ5oTqH2fgqSGk6SUm,"['Caixão', 'Amazonas']"
595,"Não sei se defende que é uma grande ideia termos entregue a PT, que era a empresa mais tecnológica do país, para ter sido desbaratada entre os interesses de Ricardo Salgado e uma empresa brasileira ou depois para a Altice, para o CEO da Altice ser acusado de fraude e lapidação do património da PT.",Observador,https://observador.pt/factchecks/fact-check-ceo-da-altice-foi-acusado-de-fraude-e-de-lapidar-patrimonio-da-pt-como-disse-mortagua/,Errado,2024-02-16 08:00:00,https://encrypted-tbn3.gstatic.com/images?q=tbn:ANd9GcSPoSTekUtgc_77fQoKLZVgRXrfRC2VlIfGvKU-4cRTmZlv5x96,"['Altice Portugal', 'Diretor executivo', 'Portugal', 'Ricardo Salgado', 'Rui Rocha', 'Eleições legislativas portuguesas de 2024']"
596,STM dá 72 horas para Alexandre de Moraes explicar fraude eleitoral,Aos Fatos,https://www.aosfatos.org/noticias/stm-e-defesa-nao-provaram-fraude-eleitoral-nem-intimaram-moraes/,Falso,2022-11-04 07:00:00,https://encrypted-tbn2.gstatic.com/images?q=tbn:ANd9GcQY6mSUpGKHEjixCoLQ77vtXyCKKJq91pGNM5MNOtv2ydAkvJLA,"['Fraude eleitoral', 'Fraude', 'Alexandre de Moraes', 'Superior Tribunal Militar', 'Eleição']"
597,"Em ofício, ministro da Defesa dá 72 horas para Alexandre de Moraes explicar fraude eleitoral",Aos Fatos,https://www.aosfatos.org/noticias/stm-e-defesa-nao-provaram-fraude-eleitoral-nem-intimaram-moraes/,Falso,2022-11-04 07:00:00,https://encrypted-tbn2.gstatic.com/images?q=tbn:ANd9GcQY6mSUpGKHEjixCoLQ77vtXyCKKJq91pGNM5MNOtv2ydAkvJLA,"['Fraude eleitoral', 'Fraude', 'Alexandre de Moraes', 'Eleição', 'Ministro', 'Ministério da Defesa']"
599,Eleições com urna eletrônica não são limpas,UOL Notícias,https://noticias.uol.com.br/confere/ultimas-noticias/2021/07/08/eleicoes-brasil-fraude.htm,Falso,2021-07-08 07:00:00,https://encrypted-tbn1.gstatic.com/images?q=tbn:ANd9GcTFsSJtmz6PKZgl-QzjoQ330n59c0cz_7Lotx_JmyYKMW33klmz,"['Urna eleitoral', 'Eleição', 'Máquina de votação', 'Eletrônica']"
600,Polícia Federal investiga suspeita de fraude no sorteio da Mega da Virada,Estadão,https://www.estadao.com.br/estadao-verifica/pf-apontou-suspeita-de-fraude-mega-da-virada-falso/,Falso,2025-01-06 08:00:00,https://encrypted-tbn2.gstatic.com/images?q=tbn:ANd9GcTB3LkdLssC3BgL3pWeSA4PW8IC2_3ZAynG69gQBfoSjkjcHp6r,"['Fraude', 'Mega-Sena', 'Departamento de Polícia Federal', 'Polícia Federal', 'Polícia']"
603,Alguma vez em toda a história da humanidade vocês viram uma eleição mais escandalosamente fraudulenta igual a essa dos Estados Unidos?,Observador,https://observador.pt/factchecks/fact-check-ha-provas-de-fraude-generalizada-nas-eleicoes-presidenciais-dos-eua/,Errado,2020-12-01 08:00:00,https://encrypted-tbn3.gstatic.com/images?q=tbn:ANd9GcSPoSTekUtgc_77fQoKLZVgRXrfRC2VlIfGvKU-4cRTmZlv5x96,"['Eleição', 'Estados Unidos', 'História', 'História da humanidade']"
604,"Em 4 horas de apuração [do segundo turno das eleições de 2014], 240 minutos [Dilma e Aécio se intercalaram na primeira posição], 240 vezes",Aos Fatos,https://www.aosfatos.org/noticias/bolsonaro-promete-provas-de-fraude-mas-apresenta-alegacoes-ja-desmentidas-sobre-urnas-eletronicas/,Falso,2021-07-29 07:00:00,nan,"['Eleição', 'Aécio Neves', 'Dilma Rousseff', 'Eleições gerais no Brasil em 2014', 'Posição', '2014']"
606,"Mas a tecnologia da mesma [urna eletrônica], a sua segurança, quase nada mudou de lá [dos anos 1990] para cá.",Aos Fatos,https://www.aosfatos.org/noticias/bolsonaro-promete-provas-de-fraude-mas-apresenta-alegacoes-ja-desmentidas-sobre-urnas-eletronicas/,Falso,2021-07-29 07:00:00,nan,"['Urna eleitoral', 'Tecnologia', 'Máquina de votação', 'Eletrônica', '1990']"
608,"Com 0,39% das urnas apuradas [nas eleições municipais de São Paulo], o sistema travou. (...) Quando o sistema voltou a funcionar lá na frente, já com quase 100% [do resultado eleitoral] apurado, a ordem dos candidatos permaneceu exatamente a mesma.",Aos Fatos,https://www.aosfatos.org/noticias/bolsonaro-promete-provas-de-fraude-mas-apresenta-alegacoes-ja-desmentidas-sobre-urnas-eletronicas/,Falso,2021-07-29 07:00:00,nan,"['Urna eleitoral', 'Eleição', 'Resultado', 'Candidato', 'Sistema', 'São Paulo', 'Eleições municipais no Brasil']"
609,Diretor da OEA assume fraude para beneficiar o PT,Aos Fatos,https://www.aosfatos.org/noticias/diretor-da-oea-nao-identificou-fraude-nas-urnas-eletronicas-capas-de-revistas-sao-falsas/,Falso,2018-09-27 07:00:00,nan,"['Fraude', 'Organização dos Estados Americanos']"
610,Desenvolvedor de sistemas identificado apresenta um programa de computador que simular fraudes nas urnas e por criar o código-fonte no Brasil.,Projeto Comprova,https://projetocomprova.com.br/publica%C3%A7%C3%B5es/sistema-usado-em-video-para-simular-fraude-nao-e-o-mesmo-de-urnas-eletronicas/,Falso,2020-11-19 08:00:00,nan,"['Urna eleitoral', 'Fraude', 'Sistema', 'Brasil', 'Simulação', 'Código-fonte', 'Computador', 'Software', 'Programador']"
612,"Foram anulados 7,2 milhões de votos, que levariam à vitória de Bolsonaro no primeiro turno",Aos Fatos,https://www.aosfatos.org/noticias/os-72-milhoes-de-votos-nulos-nao-significam-que-houve-fraude-nas-urnas/,Falso,2018-10-11 07:00:00,nan,"['Votação', 'Jair Bolsonaro']"
613,Senadores da Pensilvânia declararam fraude na eleição presidencial no estado,Aos Fatos,https://www.aosfatos.org/noticias/senado-da-pensilvania-nao-confirmou-fraude-na-eleicao-presidencial-dos-eua/,Falso,2020-12-01 08:00:00,nan,"['Eleição', 'Presidente', 'Eleições presidenciais', 'Fraude', 'Senado dos Estados Unidos', 'Pensilvânia']"
614,"""É FR4UDE, É MIA, É FR4UDEMIA!
If a person has POPVIRUS listed on their death certificate, it does not mean that they were infected with POPVIRUS. Estão a gostar de viver um circo mediático apocalíptico apoiado numa fr4ude absurda e óbvia há TANTOS meses c()videiros?""",Observador,https://observador.pt/factchecks/fact-check-declaracoes-de-conselheiro-britanico-provam-que-pandemia-e-uma-fraude/,Enganador,2021-05-25 07:00:00,https://encrypted-tbn1.gstatic.com/images?q=tbn:ANd9GcRQ19CN0G8oWSnRGSvRHYkwLcywkcgCtqPBTMwftS8_r-FmEfdy,"['Circo midiático', 'Mês', 'Morte', 'Certidão de óbito', 'Meios de comunicação', 'Circo']"
615,Roberto Jefferson afirma que Ibope e Folha fizeram pesquisa fake na eleição em Porto Alegre,Projeto Comprova,https://projetocomprova.com.br/publica%C3%A7%C3%B5es/diferenca-entre-resultados-de-pesquisa-e-de-eleicao-nao-implica-fraude/,Falso,2020-11-23 08:00:00,nan,"['Eleição', 'Pesquisa', 'Roberto Jefferson', 'Fake', 'Porto Alegre', 'Folha de S.Paulo', 'IBOPE', 'Kantar IBOPE Media']"
616,Estado da Pensilvânia declarou fraude nas eleições presidenciais dos EUA,Aos Fatos,https://www.aosfatos.org/noticias/e-falso-que-pensilvania-tenha-confirmado-fraude-nas-eleicoes-presidenciais-dos-eua/,Falso,2020-11-30 08:00:00,https://encrypted-tbn2.gstatic.com/images?q=tbn:ANd9GcSaz2tlJ1bXcWSS9yl2lqJ34zVgz4ATqVbMs8hPO9B1Jcjn2fRd,"['Eleição', 'Eleições presidenciais', 'Pensilvânia', 'Estados Unidos', 'Presidente', 'Fraude']"
617,Estabilidade das porcentagens de votos durante apuração em São Paulo é indício de fraude eleitoral.,Aos Fatos,https://www.aosfatos.org/noticias/estabilidade-dos-resultados-parciais-em-sao-paulo-nao-indica-que-houve-fraude-eleitoral/,Falso,2020-11-17 08:00:00,https://encrypted-tbn2.gstatic.com/images?q=tbn:ANd9GcRWT7Emr6J2mAmG_f3YERKVtCXPOSUxjgCNElegTYzGgsZtXV3T,"['Fraude eleitoral', 'Eleição', 'Fraude', 'Votação', 'Porcentagem', 'São Paulo', 'indício']"
618,Presidente Bolsonaro tem provas sobre a insegurança das urnas eletrônicas. Hacker teve acesso ao código-fonte das urnas e milhares ou milhões de votos foram adulterados em 2018,Projeto Comprova,https://projetocomprova.com.br/publica%C3%A7%C3%B5es/inquerito-da-pf-nao-investiga-fraude-no-processo-de-votacao/,Falso,2021-08-13 07:00:00,https://encrypted-tbn0.gstatic.com/images?q=tbn:ANd9GcQUZogZJ7Vm0eEN3xwtDJ6jGL3uy43PWrCfptLKkccB0m8uDYlz,"['Votação', 'Jair Bolsonaro', 'Urna eleitoral', 'Presidente', 'Urna eletrônica', 'Hacker', '2018', 'Código-fonte', 'Prova', 'Eletrônica']"
619,Jair Bolsonaro se envolveu com fraude de urnas em 1994,Projeto Comprova,https://projetocomprova.com.br/publica%C3%A7%C3%B5es/bolsonaro-nao-se-beneficiou-de-fraude-eleitoral-em-1994/,Falso,2020-11-27 08:00:00,https://encrypted-tbn3.gstatic.com/images?q=tbn:ANd9GcQq4gpXbtk-d_pTZZ67WKb9ySGCVC9eD39cF6LjOPiYpe9ZXRAm,"['Jair Bolsonaro', 'Fraude', 'Urna eleitoral', '1994']"
620,Governo Federal decide demitir os 396 mil servidores públicos que fraudaram o auxílio emergencial.,Aos Fatos,https://www.aosfatos.org/noticias/governo-nao-demitiu-396-mil-servidores-por-fraude-em-auxilio-emergencial/,Falso,2020-07-22 07:00:00,https://encrypted-tbn3.gstatic.com/images?q=tbn:ANd9GcRpw1zEK_UFL4cAzhLj252IvLtRivEISeMa3q7XVI3UuN6To6cQ,"['Auxílio emergencial', 'Servidor público', 'Governo', 'Poder Executivo Federal do Brasil', 'Demissão']"
621,Reportagem de Naomi Yamaguchi comprova a existência de fraudes nas urnas em 2014.,Projeto Comprova,https://projetocomprova.com.br/publica%C3%A7%C3%B5es/video-nao-prova-fraude-em-eleicao-de-2014/,Falso,2021-07-15 07:00:00,nan,"['Fraude', 'Projeto Comprova', '2014', 'Reportagem', 'Greice Naomi Yamaguchi', 'Urna eleitoral', 'Existência']"
622,Fraude desmacaradamente nas eleições em São Paulo,Projeto Comprova,https://projetocomprova.com.br/publica%C3%A7%C3%B5es/votacao-estavel-ao-longo-da-apuracao-nao-indica-fraude-em-sao-paulo/,Falso,2020-11-17 08:00:00,https://encrypted-tbn2.gstatic.com/images?q=tbn:ANd9GcQpXiIKlcXTqZAzIopSI3kPpYqgjH8zzk8WOByK6hm9f4GrZJ2Y,"['Eleição', 'Fraude', 'São Paulo']"
623,PF vê indícios de ligação do PCC e banco que financia pesquisas favoráveis ao Lula,Estadão,https://www.estadao.com.br/estadao-verifica/operacao-carbono-nao-mira-fraude-em-pesquisas-eleitorais-ao-contrario-do-que-afirmam-postagens/,Falso,2025-09-05 07:00:00,https://encrypted-tbn2.gstatic.com/images?q=tbn:ANd9GcSneMQaqfFmsBgbLQNByaf0_dckX_jbOHQ-byEqMA7BhLJUX4GF,"['Pesquisa', 'Primeiro Comando da Capital', 'Departamento de Polícia Federal', 'Polícia Federal', 'Luiz Inácio Lula da Silva', 'Financiamento', 'Banco']"
624,Captura de tela confirma fraude nas eleições de 2022,Projeto Comprova,https://projetocomprova.com.br/publica%C3%A7%C3%B5es/post-usa-captura-de-tela-fora-de-contexto-para-alegar-que-houve-fraude-nas-eleicoes-de-2022/,Falso,2024-10-11 07:00:00,nan,"['Eleição', 'Eleições presidenciais brasileiras, 2022', '2022', 'Fraude', 'Captura de tela', 'Display']"
625,Elon Musk postou no X provas de que eleições brasileiras foram fraudadas e que Jair Bolsonaro (PL) venceu as eleições de 2022,Aos Fatos,https://www.aosfatos.org/noticias/falso-elon-musk-publicou-prova-vitoria-bolsonaro-2022/,Falso,2025-02-19 08:00:00,https://encrypted-tbn3.gstatic.com/images?q=tbn:ANd9GcS8EcMXDkxGBrkAaSdB8fAPaoaiTDInVBLMCRFQmUJW2pia6HEG,"['Jair Bolsonaro', 'Elon Musk', 'Eleição', 'Brasil', '2022', 'Eleições presidenciais brasileiras, 2022', 'Partido Liberal']"
626,Vídeo mostra alunos fingindo receber merenda escolar na Venezuela,Aos Fatos,https://www.aosfatos.org/noticias/video-mostra-fraude-entrega-merendas-colombia-nao-venezuela/,Falso,2025-02-14 08:00:00,https://encrypted-tbn1.gstatic.com/images?q=tbn:ANd9GcQS3lplu1NUVGe7ZAXGqCSzVhT7QK3G_9PITQ8RS5C4RBulcEEn,"['Venezuela', 'Vídeo', 'Escola', 'Refeição escolar', 'Aluno']"
627,Fraude no INSS é de R$ 90 bilhões,Estadão,https://www.estadao.com.br/estadao-verifica/enganoso-fraude-inss-90-bilhoes/,Falso,2025-05-12 07:00:00,https://encrypted-tbn1.gstatic.com/images?q=tbn:ANd9GcRXIBbpQIIG4i_yad3tRZUhgc8m5LKjbZKM9_5Eq2noz4IpX9US,"['Instituto Nacional do Seguro Social', 'INSS', 'Fraude', 'Esquema de fraudes no INSS']"
629,Moraes censura posts que ligam sua mulher ao caso do Banco Master,UOL Notícias,https://noticias.uol.com.br/comprova/ultimas-noticias/2025/12/01/esposa-de-moraes-nao-tem-ligacao-com-fraude-financeira-do-banco-master.htm,Falso,2025-12-01 08:00:00,https://encrypted-tbn3.gstatic.com/images?q=tbn:ANd9GcQZX-yJA3WvUeW-zNCXjikG8CB_D2n-hvh-K_tZ5G-DvbZRPNqu,"['Alexandre de Moraes', 'Banco Master', 'Banco', 'Mulher']"
630,Fraude comprovada nas urnas em 2022,UOL Notícias,https://noticias.uol.com.br/confere/ultimas-noticias/2025/06/12/documentos-de-agencia-dos-eua-nao-provam-fraude-nas-urnas-no-brasil.htm,Falso,2025-06-12 07:00:00,https://encrypted-tbn3.gstatic.com/images?q=tbn:ANd9GcSYjdlllqKNhigiiB2iXC2Bn0uPyM6evRGurZsxef82eV7HAbpK,"['Urna eleitoral', 'Fraude', '2022']"
631,Elon Musk alega ter descoberto fraude na Previdência dos EUA,Estadão,https://www.estadao.com.br/estadao-verifica/mortos-pessoas-120-150-anos-previdencia-social-estados-unidos-falso/,Falso,2025-02-20 08:00:00,https://encrypted-tbn2.gstatic.com/images?q=tbn:ANd9GcT1KXlMcAT-QyJN3cj1nfLYsyqs6OiWcD9gCCBIfSuQa0-X3nt7,"['Seguridade social', 'Estados Unidos', 'Fraude', 'Elon Musk']"
632,"Sindicato de frei Chico desviou 6,3 bilhões no INSS",Estadão,https://www.estadao.com.br/estadao-verifica/inss-fraude-frei-chico-sindicato-63-bilhoes/,Falso,2025-04-30 07:00:00,https://encrypted-tbn3.gstatic.com/images?q=tbn:ANd9GcQpKa6dRr4Ji29ZBIiAzdaF_-O4lTp7Ma6BMMTJTA2g7ucyHDfr,"['Frei Chico', 'INSS', 'Instituto Nacional do Seguro Social', 'Sindicato']"
633,Lula revogou uma lei criada por Jair Bolsonaro (PL) para combater fraudes no INSS,Estadão,https://www.estadao.com.br/estadao-verifica/lula-bolsonaro-lei-combate-fraudes-inss/,Falso,2025-05-07 07:00:00,https://encrypted-tbn1.gstatic.com/images?q=tbn:ANd9GcS4hsleaxNeJeTnybU8MKmRIXJM0XEze9EAFVSzeRYOrVcLESal,"['Luiz Inácio Lula da Silva', 'Jair Bolsonaro', 'Instituto Nacional do Seguro Social', 'INSS', 'Fraude', 'Lei', 'Esquema de fraudes no INSS', 'Partido Liberal']"
635,Fraude no INSS chega a R$ 90 bilhões,UOL Notícias,https://noticias.uol.com.br/confere/ultimas-noticias/2025/05/08/pf-nao-disse-que-fraude-no-inss-chega-a-r-90-bi.htm,Falso,2025-05-08 07:00:00,https://encrypted-tbn1.gstatic.com/images?q=tbn:ANd9GcTED1Ak516LxjIIajVnRLmSkUrh8uFwJ7Xk7Wb2OuRuAQQyFhKm,"['Fraude', 'Instituto Nacional do Seguro Social', 'INSS', 'Esquema de fraudes no INSS']"
636,"Uma coisa é certa: se ninguém foi preso pelo roubo do INSS e não deram 24 horas para explicar até agora, é sinal de que não tem ninguém de direita envolvido",UOL Notícias,https://noticias.uol.com.br/confere/ultimas-noticias/2025/06/27/houve-prisoes-por-fraude-no-inss-ao-contrario-do-que-diz-post.htm,Falso,2025-06-27 07:00:00,https://encrypted-tbn2.gstatic.com/images?q=tbn:ANd9GcSR5KpQ3qiB79uwAijupi-7uzEe7uS-Jd8m_MMdx8-ImLdnE63O,"['Instituto Nacional do Seguro Social', 'INSS', 'Prisão', 'Roubo', 'Direita']"
638,"Com 97,63% das urnas apuradas, Bolsonaro estava com 55,38% dos votos, enquanto Lula tinha somente 35,80%",Estadão,https://www.estadao.com.br/estadao-verifica/bolsonaro-55-lula-35-fraude-eleitoral-enganoso/,Falso,2024-10-05 07:00:00,https://encrypted-tbn1.gstatic.com/images?q=tbn:ANd9GcQ9w-VLrlKt84T1PJZwJpo1SrmowB9YrG7EH99cP7UjStN8WNHy,"['Jair Bolsonaro', 'Votação', 'Luiz Inácio Lula da Silva', 'Urna eleitoral', '1955', '1963']"
639,"""Auditoria internacional reconheceu que houve fraude nas eleições presidenciais do Brasil de 2022"".",Observador,https://observador.pt/factchecks/fact-check-auditoria-internacional-divulgou-relatorio-com-provas-irrefutaveis-de-fraude-nas-eleicoes-brasileiras/,Errado,2022-11-23 08:00:00,https://encrypted-tbn3.gstatic.com/images?q=tbn:ANd9GcSPoSTekUtgc_77fQoKLZVgRXrfRC2VlIfGvKU-4cRTmZlv5x96,"['Eleição', 'Fraude', 'Brasil', 'Auditoria', 'Eleições presidenciais', 'Presidente', '2022']"
640,"Após a justiça dos Estados Unidos indicar que Bolsonaro deve pegar 10 anos de cadeia no país e o FBI começar a investigar o caso, Bolsonaro ACABA DE CONCEDER a senha do seu aparelho de celular aos policiais!",Aos Fatos,https://www.aosfatos.org/noticias/janones-bolsonaro-eua-fraude-cartao-vacinacao/,Falso,2023-05-03 07:00:00,https://encrypted-tbn3.gstatic.com/images?q=tbn:ANd9GcQoaeyO2kJG2tvhiamR7moMiySA_ZTGzYgD8ZWMlqh6e57j1hBE,"['Jair Bolsonaro', 'Estados Unidos', 'Federal Bureau of Investigation', 'Senha', 'Polícia', 'Justiça']"
641,"""Se virem isto nos vidros do vosso carro deitem para o lixo. É fraude. Avisem também as pessoas mais velhas para não fazerem. Quando se põe o QR code pedem cartão de crédito""",Observador,https://observador.pt/factchecks/fact-check-codigo-qr-da-paysimplex-e-fraude-para-fazer-cobrancas-nao-autorizadas-em-cartoes-de-credito/,Errado,2022-07-26 07:00:00,https://encrypted-tbn3.gstatic.com/images?q=tbn:ANd9GcQOv_Mheo-5LPg4qYWWsymKcqVbeLWVUBH6sgQDSOE1unX2YU8W,"['Código QR', 'Fraude', 'Cartão de crédito', 'Crédito', 'Codificação', 'Automóvel', 'Vidro', 'Resíduo sólido', 'Cartão de visita']"
643,"""Casal encontrou registo de votos na rua que comprova fraude nas eleições do Brasil"".",Observador,https://observador.pt/factchecks/fact-check-registo-de-votos-encontrado-na-rua-prova-fraude-nas-eleicoes-brasileiras/,Errado,2022-11-27 08:00:00,https://encrypted-tbn3.gstatic.com/images?q=tbn:ANd9GcSPoSTekUtgc_77fQoKLZVgRXrfRC2VlIfGvKU-4cRTmZlv5x96,"['Votação', 'Eleição', 'Fraude', 'Eleições no Brasil', 'Brasil', 'Rua']"
644,TSE já confirmou a fraude no caso das rádios,Projeto Comprova,https://projetocomprova.com.br/publica%C3%A7%C3%B5es/post-engana-ao-sugerir-fraude-relacionada-a-insercoes-de-propaganda-eleitoral-do-pl-em-radios/,Falso,2022-11-02 07:00:00,https://encrypted-tbn1.gstatic.com/images?q=tbn:ANd9GcT14lqBVpZoUT-2dolSolSEi2AKvfysCDw8ac7Q-x_b_RI2WJ2i,"['Rádio', 'Tribunal Superior Eleitoral', 'Fraude']"
645,Lamentável! Domingo 20 novembro Urnas eletrônicas sendo carregadas. Pra onde? Só Deus e Lex Luthor sabe,UOL Notícias,https://noticias.uol.com.br/confere/ultimas-noticias/2022/11/22/video-engana-ao-associar-tirada-de-urnas-de-predio-em-sp-a-fraude-eleitoral.htm,Insustentável,2022-11-22 08:00:00,https://encrypted-tbn1.gstatic.com/images?q=tbn:ANd9GcTvcrbwgys5ZHCKjzlo1WAT7MXAW-B4G_u3Du7dRms2y4SR13fI,"['Urna eleitoral', 'Urna eletrônica', 'Lex Luthor', '20 de novembro', 'Novembro', 'Deus']"
646,Urgente. Elon Musk expõe escândalo: 20 milhões de idosos entre 100 e 159 anos recebem previdência. Como isso é possível?! Finalmente encontraram os leitores de Joe Biden! Quem lembra das eleições de 2020 vai entender..,UOL Notícias,https://noticias.uol.com.br/confere/ultimas-noticias/2025/03/06/falso-musk-fraude-previdencia-eua.htm,Falso,2025-03-06 08:00:00,https://encrypted-tbn0.gstatic.com/images?q=tbn:ANd9GcSxN5dUwns3t35zQwRT0C21dPEwT5nK8ys2PShs42wL-5k023Su,"['Elon Musk', 'Seguridade social', 'Joe Biden', 'Ano', 'Eleição', 'Idoso', '2020', 'Escândalo']"
648,General Paulo Sérgio diz em entrevista que houve fraude nas eleições,Aos Fatos,https://www.aosfatos.org/noticias/video-nao-mostra-ministro-da-defesa-dizendo-que-houve-fraude-na-eleicao/,Falso,2022-11-03 07:00:00,https://encrypted-tbn1.gstatic.com/images?q=tbn:ANd9GcRJwDbNGYlz_coDbSISO4lTXshwsrVxfFRISKBqIpz6jQ_EzQ5-,"['Paulo Sérgio Nogueira de Oliveira', 'Eleição', 'Fraude', 'Entrevista']"
649,Documentos do governo alemão provam que pandemia foi uma fraude,UOL Notícias,https://noticias.uol.com.br/comprova/ultimas-noticias/2024/08/07/documentos-ligados-ao-governo-alemao-nao-apontam-que-pandemia-foi-fraude.htm,Falso,2024-08-07 07:00:00,https://encrypted-tbn1.gstatic.com/images?q=tbn:ANd9GcTH_opPPUmh5ne3IhVtE38HVUW-U7fzS6iI3LtGTfYonTrmaWw_,"['Fraude', 'Pandemia', 'Documento', 'Governo', 'Língua alemã']"
651,sso é grave. Ministro Cássio Nunes lê texto que revela as fr4ld3s. Explica isso TSE. Urnas adulteradas ou fraudadas,UOL Notícias,https://noticias.uol.com.br/confere/ultimas-noticias/2023/07/14/nunes-marques-nao-apontou-fraude-em-urnas-video-distorce-fala-do-ministro.htm,Falso,2023-07-14 07:00:00,https://encrypted-tbn2.gstatic.com/images?q=tbn:ANd9GcRT3qmowjXuVxllKqdJTt3N2vjWz3rREOMchIgVDA6smhKYmrGU,"['Nunes Marques', 'Urna eleitoral', 'Tribunal Superior Eleitoral', 'Ministro', 'Texto']"
652,"Polícia descobre que além de desligar a Transposição do São Francisco, há fraude em GPS de caminhões-pipa",Estadão,https://www.estadao.com.br/estadao-verifica/fraude-gps-operacao-caminhao-pipa-transposicao-sao-francisco/,Falso,2023-02-03 08:00:00,https://encrypted-tbn1.gstatic.com/images?q=tbn:ANd9GcRi15ejic6I6yIdxfBkHB6h6T5bAgIA9Ybu5N6opy38jJ0R8P0e,"['Fraude', 'Caminhão', 'Sistema de posicionamento global', 'Polícia', 'Transposição do rio São Francisco']"
654,O presidente da Holanda confirma que teve fraude na Eleição Presidencial no Brasil.,UOL Notícias,https://noticias.uol.com.br/confere/ultimas-noticias/2022/11/18/falso-primeiro-ministro-holanda-fraude-brasil.htm,Falso,2022-11-18 08:00:00,https://encrypted-tbn3.gstatic.com/images?q=tbn:ANd9GcQ_2xnxOFuoeqGdCRWngZm1dPyr7RAkFmoqwPZgPO378Sy5kN_C,"['Fraude', 'Brasil', 'Países Baixos', 'Eleição', 'Presidente', 'Eleições presidenciais']"
655,A presidente da Caixa Daniella Marques tem 107 processos por fraude no INSS,Aos Fatos,https://www.aosfatos.org/noticias/nova-presidente-da-caixa-nao-tem-107-processos-por-fraude-no-inss/,Falso,2022-07-22 07:00:00,https://encrypted-tbn2.gstatic.com/images?q=tbn:ANd9GcRdlU-6bk02T6GmqjPwgs8T_QHdrG2zROC7jgRMb7yJwbdbV4tL,"['Daniella Marques', 'Caixa Econômica Federal', 'Instituto Nacional do Seguro Social', 'Fraude', 'INSS', 'Presidente', 'Esquema de fraudes no INSS', 'Caixa Econômica Federal']"
656,Polícia Federal aponta possível fraude no sorteio da Mega da Virada,UOL Notícias,https://noticias.uol.com.br/confere/ultimas-noticias/2025/01/06/e-falso-que-pf-tenha-identificado-fraude-em-mega-da-virada.htm,Falso,2025-01-06 08:00:00,https://encrypted-tbn2.gstatic.com/images?q=tbn:ANd9GcTGjNquJrAhAkSMvWPtVO8wvNGrxXwAc9OIbLVadHMaMpwvzdzM,"['Mega-Sena', 'Fraude', 'Polícia Federal', 'Departamento de Polícia Federal', 'Polícia']"
657,"Bolsonaro ganhou as eleições com 55% e agora sua aprovação é de 75%, ou seja, houve um aumento de 20%. Mas fica a pergunta; 20% dos eleitores de Haddad mudaram de opinião ou houve fraude nas eleições?",Aos Fatos,https://www.aosfatos.org/noticias/postagem-distorce-pesquisa-cni-ibope-para-sugerir-que-houve-fraude-nas-eleicoes/,Falso,2018-12-19 08:00:00,nan,"['Eleição', 'Jair Bolsonaro', 'Fernando Haddad', 'Fraude', '1955', 'Opinião']"
658,Números da apuração a cada 12% comprovam fraude nas urnas em favor de Lula,Projeto Comprova,https://projetocomprova.com.br/publica%C3%A7%C3%B5es/e-falso-que-totalizacao-de-votos-a-cada-12-indique-fraude-no-1o-turno-das-eleicoes/,Falso,2022-10-11 07:00:00,nan,"['Fraude nas urnas eletrônicas', 'Luiz Inácio Lula da Silva', 'Urna eleitoral', 'Número']"
659,Protógenes Queiroz fugiu para a Suíça após descobrir fraudes nas urnas eletrônicas,Aos Fatos,https://www.aosfatos.org/noticias/asilo-politico-de-protogenes-queiroz-na-suica-nao-tem-a-ver-com-acusacao-de-fraude-em-urna/,Falso,2021-08-04 07:00:00,nan,"['Protógenes Queiroz', 'Urna eletrônica', 'Fraude']"
660,Documento prova fraude nas urnas em 2018 que impediu a vitória de Bolsonaro no 1º turno das eleições,Projeto Comprova,https://projetocomprova.com.br/publica%C3%A7%C3%B5es/documento-nao-prova-fraude-nas-eleicoes-de-2018-e-nem-comprova-vitoria-de-bolsonaro-no-1o-turno/,Falso,2020-10-22 07:00:00,nan,"['Jair Bolsonaro', 'Eleição', 'Fraude nas urnas eletrônicas', 'Urna eleitoral', 'Documento', '2018', 'Prova']"
661,Ciro Gomes disse que haverá fraudes nas eleições de 2022,AFP Checamos,https://checamos.afp.com/doc.afp.com.32KB9HU,Falso,2022-09-28 07:00:00,https://encrypted-tbn1.gstatic.com/images?q=tbn:ANd9GcRSwoFcbQiY0IrMscKL3E2GYy2_ENtjwPuQ8inU67H43h-ykXER,"['Ciro Gomes', 'Eleição', '2022', 'Eleições presidenciais brasileiras, 2022', 'Fraude']"
663,Miss Colômbia denunciou corrupção e presença de mulher trans em concurso de beleza,Estadão,https://www.estadao.com.br/estadao-verifica/miss-colombia-protestava-contra-fraude-nao-contra-presenca-de-mulher-trans-em-concurso-de-beleza/,Falso,2023-11-29 08:00:00,https://encrypted-tbn0.gstatic.com/images?q=tbn:ANd9GcQriqVFKWpAaG7SdvqFJ9_YDOskKJCOzTO07IdnlCFlZRpf3wVq,"['Mulher trans', 'Concurso de beleza', 'Miss Colômbia', 'Transgénero', 'Colômbia', 'Mulher', 'Beleza']"
664,Alexandre de Moraes admitiu que 'houve fraude' nas eleições de 2022,Estadão,https://www.estadao.com.br/estadao-verifica/alexandre-de-moraes-nao-admitiu-fraude-nas-eleicoes-2022-video-viral-e-sobre-cota-de-genero/,Falso,2023-06-15 07:00:00,https://encrypted-tbn2.gstatic.com/images?q=tbn:ANd9GcTNOK4i6TeTKhLrnNBvoR24iLveaITiCuPj4ANNcPnMA248Ft0B,"['Alexandre de Moraes', 'Fraude', 'Eleição', '2022', 'Eleições presidenciais brasileiras, 2022']"
665,Matéria publicada nos EUA mostra que houve fraude nas eleições do Brasil e que Bolsonaro é o verdadeiro eleito,Estadão,https://www.estadao.com.br/estadao-verifica/analise-estados-unidos-fraude-eleicoes-brasileiras/,Falso,2023-02-25 08:00:00,https://encrypted-tbn0.gstatic.com/images?q=tbn:ANd9GcRtnpTArrXVknBIQL0ZD_HlD_zCCF5QprRZMRie8Y6zgaqe90JK,"['Eleição', 'Estados Unidos', 'Brasil', 'Jair Bolsonaro', 'Fraude', 'Matéria', 'Eleições no Brasil']"
666,"Inventam mortes, inventam enterros, inventam caixões vazios, inventam corpos de mentira.",Aos Fatos,https://www.aosfatos.org/noticias/foto-de-sacos-pretos-nao-mostra-fraude-de-enterros-de-vitimas-de-covid-19-no-brasil/,Falso,2020-06-03 07:00:00,https://encrypted-tbn2.gstatic.com/images?q=tbn:ANd9GcRkKzgFQ1LpmgiLzGors0r7aIG7HfFXCxZpm_ZyNnKy2YGJP32P,"['Sepultamento', 'Morte', 'Caixão', 'Mentira', 'Corpo']"
667,Este caixão vazio foi desenterrado no Amazonas em meio à pandemia de coronavírus,AFP Checamos,https://checamos.afp.com/este-caixao-foi-desenterrado-em-2017-em-uma-investigacao-sobre-uma-fraude-de-seguro-de-vida,Falso,2020-05-07 07:00:00,https://encrypted-tbn2.gstatic.com/images?q=tbn:ANd9GcTsmWmJP53MYOoTrEQ0wZcLTkKoQNwU7cUl0nwNWRl5FKwsMZL-,"['Caixão', 'COVID-19', 'Pandemia', 'Pandemia de COVID-19', 'Amazonas']"
668,Pessoas foram votar e candidatos não apareciam na tela. Iam votar no 17 e aparecia nulo ou automaticamente o 13. Quem ia votar no 13 não aparecia 17 ou nulo,UOL Notícias,https://noticias.uol.com.br/confere/ultimas-noticias/2021/07/29/checagem-live-bolsonaro-alega-fraude-eleitoral-voto-eletronico.htm,Falso,2021-07-29 07:00:00,https://encrypted-tbn2.gstatic.com/images?q=tbn:ANd9GcShLTE6P_FMmlle-9-m3xlV6PKlq6UaeKbu8ml0KDtlYqpIc-le,"['Votação', 'Inteligência artificial', 'Voto nulo', 'Candidato']"
669,Bolsonaro se envolveu em fraude eleitoral,UOL Notícias,https://noticias.uol.com.br/comprova/ultimas-noticias/2020/11/28/bolsonaro-nao-se-beneficiou-de-fraude-eleitoral-em-1994.htm,Falso,2020-11-28 08:00:00,https://encrypted-tbn2.gstatic.com/images?q=tbn:ANd9GcTUeuSoib7alLL7FfRE3dW_z2Ov9e6pZ7k0iZ34FgGcoJFumEKx,"['Fraude eleitoral', 'Jair Bolsonaro', 'Fraude', 'Eleição']"
670,"Reportagem mostra fraude nas urnas eletrônicas de Caxias, no Maranhão",Aos Fatos,https://www.aosfatos.org/noticias/denuncia-de-fraude-em-urna-eletronica-no-ma-e-antiga-e-nao-foi-comprovada-pela-pf/,Falso,2021-07-28 07:00:00,https://encrypted-tbn1.gstatic.com/images?q=tbn:ANd9GcSMcVAEmyKg6QgHmbelXFYGJvYk9wqUSuu1vlDPy8rdchnRX5pT,"['Urna eletrônica', 'Fraude nas urnas eletrônicas', 'Caxias', 'Reportagem', 'Maranhão']"
671,"Eu tenho convicção de que realmente tem fraude. As informações que nós temos aqui, um dia a gente quem sabe a gente vai disponibilizar, é que o Aécio ganhou em 2014, é que eu ganhei em 2018 em primeiro turno",UOL Notícias,https://noticias.uol.com.br/confere/ultimas-noticias/2021/06/17/bolsonaro-alega-fraude-nas-eleicoes-de-2014-e-2018-mas-nao-ha-provas.htm,Falso,2021-06-17 07:00:00,https://encrypted-tbn1.gstatic.com/images?q=tbn:ANd9GcRqjv3q3bG8I9GSTW9WDd7sT3ZCwvZYe3bOM2fh0dTgTZ68W5Jo,"['Fraude', 'Aécio Neves', '2018', 'convicção', '2014', 'Informação']"
672,"O CEO da Pfizer, Albert Bourla, foi preso na sua casa, no subúrbio afluente de Scarsdale, Nova Iorque, na manhã de sexta-feira [5 de novembro] pelo FBI e acusado de várias acusações de fraude.",Observador,https://observador.pt/factchecks/fact-check-o-ceo-da-pfizer-foi-detido-por-fraude-com-as-vacinas-contra-a-covid-19/,Errado,2021-11-18 08:00:00,https://encrypted-tbn0.gstatic.com/images?q=tbn:ANd9GcSRmwyRgtQB5AOIdWaxo3TmQ8QwksKz6Zcc7lC8rr_I6fGE9p6q,"['Pfizer', 'Albert Bourla', 'Diretor executivo', 'Fraude', 'Novembro', 'Scarsdale', 'Nova York', 'Prisão']"
674,Capas de revistas semanais relatam denúncia de diretor da OEA contra fraude nas urnas pelo PT,UOL Notícias,https://noticias.uol.com.br/confere/ultimas-noticias/2018/10/02/pt-fake-news-capa-revista-veja-epoca-exame-urna-eletronica-noticia-falsa.htm,Falso,2018-10-02 07:00:00,https://encrypted-tbn1.gstatic.com/images?q=tbn:ANd9GcTI0YI9Oiq5-UyuZLAN774sW5msy9BtB8vIvg8sJMD0ks5CtT8f,"['Fraude nas urnas eletrônicas', 'Urna eleitoral', 'Revista', 'Partido dos Trabalhadores', 'Partido dos Trabalhadores', 'Organização dos Estados Americanos']"
675,"Quem votou no Bolsonaro nessas sessões com zero voto para ele, entre em contato",UOL Notícias,https://noticias.uol.com.br/confere/ultimas-noticias/2022/11/10/lista-com-secoes-sem-votos-em-bolsonaro-nao-comprova-fraude-eleitoral.htm,Insustentável,2022-11-10 08:00:00,https://encrypted-tbn2.gstatic.com/images?q=tbn:ANd9GcTw_0m4lnXolrDmoSJ9DXAZ9kXHiQNcN6p60er-BItH8Tah-hpf,"['Jair Bolsonaro', 'Votação']"
676,"""Palocci afirmou que eleições eram decididas pela cúpula. Urnas foram encomendadas para fraudar eleições.""",Observador,https://observador.pt/factchecks/fact-check-ex-ministro-de-lula-admitiu-fraude-nas-eleicoes-no-brasil/,Errado,2020-12-14 08:00:00,https://encrypted-tbn3.gstatic.com/images?q=tbn:ANd9GcSPoSTekUtgc_77fQoKLZVgRXrfRC2VlIfGvKU-4cRTmZlv5x96,"['Antonio Palocci', 'Fraude', 'Eleição', 'Urna eleitoral']"
677,Vídeo mostra cédulas de votação descartadas na rua nos EUA,Aos Fatos,https://www.aosfatos.org/noticias/video-de-policiais-limpando-rua-circula-como-se-fosse-registro-de-fraude-eleitoral-nos-eua/,Falso,2020-11-09 08:00:00,https://encrypted-tbn1.gstatic.com/images?q=tbn:ANd9GcQ-YMQ1nRQOo1qgT9s3He7Y8fk81XO1v8SRiZTBMqZmtMCYeGDI,"['Estados Unidos', 'Votação', 'Vídeo']"
678,"""Temos de fazer o combate que temos de fazer, que é o combate à evasão fiscal, à fuga fiscal, que nos leva 13 mil milhões todos os anos. É todo o Orçamento do SNS e ainda mais. Dava para termos dois SNS de luxo"".",Observador,https://observador.pt/factchecks/fact-check-evasao-e-fraude-fiscal-ascendem-a-13-mil-milhoes-em-portugal-como-diz-rui-tavares/,Inconclusivo,2022-01-05 08:00:00,https://encrypted-tbn2.gstatic.com/images?q=tbn:ANd9GcTOZTy-5T_NG-YF6cirt1_co7gO38gYwv1P_tEmuJdN6GwVnKqx,"['Evasão Fiscal', 'Catarina Martins', 'Um bilhão', 'Debate', 'Serviço Nacional de Saúde', 'Orçamento', 'Eleições legislativas de Portugal']"
679,"""O General Benjamin Arrola acaba de receber um relatório oficial da consultoria norte-americana Power Guidão. Ficou constatada a fraude nas urnas e será comprovado em breve pelo porta-voz das forças armadas, Alan Berrola.""",Observador,https://observador.pt/factchecks/fact-check-oficiais-das-forcas-armadas-receberam-informacoes-que-comprovam-fraude-nas-eleicoes-brasileiras/,Errado,2022-11-29 08:00:00,https://encrypted-tbn3.gstatic.com/images?q=tbn:ANd9GcQOv_Mheo-5LPg4qYWWsymKcqVbeLWVUBH6sgQDSOE1unX2YU8W,"['Oficial', 'Fraude nas urnas eletrônicas', 'Forças armadas', 'Consultoria', 'Relatório', 'Urna eleitoral', 'Porta-voz', 'Estados Unidos', 'Guidão']"
680,Ele admite que teve fraude,UOL Notícias,https://noticias.uol.com.br/confere/ultimas-noticias/2023/06/13/alexandre-de-moraes-nao-admitiu-fraude-nas-eleicoes-de-2022.htm,Insustentável,2023-06-13 07:00:00,https://encrypted-tbn0.gstatic.com/images?q=tbn:ANd9GcSOfaVlXaorwbUrx3PJAhMDyVrnGLVf1tudsnTtcAtY2TblU-t5,['Fraude']
681,"Milhões de votos foram registrados após às 17h, indicando fraude",Projeto Comprova,https://projetocomprova.com.br/publica%C3%A7%C3%B5es/votos-depositados-nas-urnas-apos-as-17-horas-nao-indicam-fraude/,Falso,2022-11-23 08:00:00,https://encrypted-tbn0.gstatic.com/images?q=tbn:ANd9GcQGWkRJnFGbJ7XSPd3zI4GWKsXuqfJItkvbeN0KbaQLb_eTpgQ3,"['Votação', 'Fraude']"
682,O presidente Jair Bolsonaro declarou ter provas de que a eleição de 2018 foi fraudada,UOL Notícias,https://noticias.uol.com.br/confere/ultimas-noticias/2021/03/11/bolsonaro-fraude-eleicao-2018-provas-lei-acesso.htm,Falso,2021-03-10 08:00:00,https://encrypted-tbn0.gstatic.com/images?q=tbn:ANd9GcQZfKPZSuuSJSxYC6CqLOIgBmoqVIp7bHN3F1miTYO9Itgx-bx6,"['Jair Bolsonaro', 'Fraude', 'Eleição', 'Presidente', 'Prova', '2018', 'Eleições presidenciais brasileiras, 2018']"
683,Ex-delegado federal Protógenes Queiroz teve que fugir para a Suíça por descobrir fraude nas urnas,UOL Notícias,https://noticias.uol.com.br/confere/ultimas-noticias/2022/06/08/e-falso-que-o-ex-delegado-protogenes-fugiu-para-suica-por-descobrir-fraude.htm,Falso,2022-06-08 07:00:00,https://encrypted-tbn3.gstatic.com/images?q=tbn:ANd9GcT5FE9vNbPqso0Jb5dOAiKJtZ8JwO419Xvu-cEclkMVndiIH7V6,"['Protógenes Queiroz', 'Fraude', 'Fraude nas urnas eletrônicas', 'Delegado de polícia', 'Urna eleitoral']"
684,Boletim de urna no lixo prova que houve fraude na eleição de 2018,Aos Fatos,https://www.aosfatos.org/noticias/denuncia-sobre-boletim-de-urna-no-lixo-nao-prova-que-houve-fraude-na-eleicao-de-2018/,Falso,2021-08-06 07:00:00,https://encrypted-tbn0.gstatic.com/images?q=tbn:ANd9GcRnCtOZ-GH4Cppi5JcmxsJQ55PfTsBvh2y2YaKG0Lt2-dfAChYw,"['Urna eleitoral', 'Eleição', 'Fraude', '2018', 'Eleições presidenciais brasileiras, 2018', 'Prova', 'Resíduo sólido']"
685,Alexandre de Moraes assume que teve fraude nas eleições presidenciais de 2022,UOL Notícias,https://noticias.uol.com.br/comprova/ultimas-noticias/2023/11/23/video-engana-ao-sugerir-que-moraes-admitiu-fraude-nas-eleicoes.htm,Falso,2023-11-23 08:00:00,https://encrypted-tbn2.gstatic.com/images?q=tbn:ANd9GcS4qUL22W7g2Oz3KHW8t975cbhRC_23Xi0gZ3l7UssrYpr14d65,"['Alexandre de Moraes', 'Fraude', 'Eleição', '2022', 'Eleições presidenciais', 'Eleições presidenciais brasileiras, 2022', 'Presidente']"
686,Policiais militares denunciam fraude em urnas do DF,UOL Notícias,https://noticias.uol.com.br/comprova/ultimas-noticias/2018/10/10/denuncia-de-fraude-em-urnas-do-df-citada-por-pms-nao-se-comprovou.htm,Falso,2018-10-10 07:00:00,https://encrypted-tbn1.gstatic.com/images?q=tbn:ANd9GcR1wEpqFBqJrtF9bnVMqasKHS1gQtfrdrGSNyzhkDs5ib9zTMNZ,"['Fraude', 'Urna eleitoral', 'Brasília', 'Forças armadas', 'Polícia', 'Polícia militar']"
687,"""O Euromilhões é uma farsa! (...) Como é óbvio, eles dão os prémios quando bem lhes apetece.""",Observador,https://observador.pt/factchecks/o-euromilhoes-e-uma-fraude/,Errado,2019-06-06 07:00:00,https://encrypted-tbn3.gstatic.com/images?q=tbn:ANd9GcSPoSTekUtgc_77fQoKLZVgRXrfRC2VlIfGvKU-4cRTmZlv5x96,['Euromilhões']
688,"Foto de duas caixas com ""cédulas rejeitadas como ilegais"" e ""cédulas aceitas como legais"" provam a fraude nas eleições dos Estados Unidos em 2020.",AFP Checamos,https://checamos.afp.com/imagem-de-julho-de-2020-e-usada-como-prova-de-fraude-nas-eleicoes-de-novembro-nos-eua,Falso,2020-12-10 08:00:00,https://encrypted-tbn0.gstatic.com/images?q=tbn:ANd9GcTmgeHpERIhmChAXpTqjJQQlqCAJ3w59a7IzlTifCbVeloGYupc,"['Eleição', 'Estados Unidos', 'Cédula eleitoral', '2020', 'Eleições presidenciais dos Estados Unidos, 2020', 'Fraude', 'Fotografia']"
689,Ator Fábio Porchat envolvido em fraude à Lei Rouanet,AFP Checamos,https://checamos.afp.com/o-ator-fabio-porchat-nao-foi-investigado-ou-denunciado-por-fraude-lei-rouanet,Parcialmente verdadeiro,2021-03-25 07:00:00,https://encrypted-tbn1.gstatic.com/images?q=tbn:ANd9GcQKx30hdPWEsnkpUNfDytOZ_ppyAco5EV7veS8CDp_oQNj6TqNk,"['Fábio Porchat', 'Fraude', 'Lei Rouanet', 'Ator']"
690,Vídeo divulga lista de parlamentares envolvidos no escândalo do INSS,Aos Fatos,https://www.aosfatos.org/noticias/e-falso-que-video-mostra-parlamentares-envolvidos-em-fraude-do-inss/,Falso,2025-07-01 07:00:00,https://encrypted-tbn2.gstatic.com/images?q=tbn:ANd9GcTxnENrasDCiCW2BZkQj_ZOM8bhKeG-i4GoFzVCW4x5M3hIVYks,"['INSS', 'Instituto Nacional do Seguro Social', 'Parlamento', 'Escândalo', 'Vídeo']"
691,Vídeo mostra fraude nas eleições na França em 2022,Aos Fatos,https://www.aosfatos.org/noticias/video-nao-prova-fraude-eleicoes-franca/,Falso,2022-05-18 07:00:00,https://encrypted-tbn0.gstatic.com/images?q=tbn:ANd9GcQeDYVkP1aX_dyvS_OH8j1yt3kDbHy1eEH9U1rwAS5P5vm-leeh,"['Fraude', 'Eleições na França', 'França', 'Eleição', 'Eleições presidenciais francesas, 2022', '2022', 'Vídeo']"
692,Vídeo mostra fraude em carros-pipa no Nordeste durante o governo Lula,Aos Fatos,https://www.aosfatos.org/noticias/video-2017-fraude-gps-carros-pipa-nordeste/,Falso,2023-02-02 08:00:00,https://encrypted-tbn0.gstatic.com/images?q=tbn:ANd9GcQiZTwgn7Brh4eL1tP2UvUOPpQ3Ggt2OmffyPqNKjbksr69uIh_,"['Fraude', 'Automóvel', 'Vídeo', 'Luiz Inácio Lula da Silva', 'Região Nordeste do Brasil']"
693,"PF descobriu que Lula só teve 36,32% dos votos em 2022",Aos Fatos,https://www.aosfatos.org/noticias/pf-policia-federal-lula-votos-2022-urna/,Falso,2026-06-03 07:00:00,https://encrypted-tbn0.gstatic.com/images?q=tbn:ANd9GcS9CMvGLYSMYCH3aBl8oCLGtzCBFeH9NDeQkCqoLBgxwTwIZdKm,"['Luiz Inácio Lula da Silva', 'Departamento de Polícia Federal', 'Polícia Federal', 'Votação', '2022']"
694,"Lula diz que as três melhores coisas do Maranhão são ar-condicionado, mulher de fora e a passagem para ir embora do estado",BOL - UOL,https://www.bol.uol.com.br/noticias/2026/06/01/lula-nao-fez-piada-sobre-mulheres-e-passagem-para-ir-embora-do-maranhao.amp.htm,Falso,2026-06-01 07:00:00,https://encrypted-tbn3.gstatic.com/images?q=tbn:ANd9GcRbfXAiFD5BBvzDvlcz-ZkyWkuStWsI2E--ymYjR6ExaFqSDpLd,"['Luiz Inácio Lula da Silva', 'Maranhão', 'Mulher', 'Imposto de renda', 'Ar-condicionado']"
695,Lula é preso após ser fotografado destruindo provas de crimes em uma lareira,Estadão,https://www.estadao.com.br/estadao-verifica/video-ia-lula-destruindo-provas-fotografia-preso-falso/,Falso,2026-05-29 07:00:00,https://encrypted-tbn1.gstatic.com/images?q=tbn:ANd9GcQ1ghjEJ03svSyaRwX-OIVyjiko10xTuh5CmKd80S-HUPP290Hc,"['Luiz Inácio Lula da Silva', 'Prisão', 'Crime', 'Lareira']"
696,Até a Shakira apoia o Lula.,Observador,https://observador.pt/factchecks/fact-check-shakira-declara-apoio-a-lula-num-concerto-em-copacabana/,Errado,2026-05-29 07:00:00,https://encrypted-tbn3.gstatic.com/images?q=tbn:ANd9GcSPoSTekUtgc_77fQoKLZVgRXrfRC2VlIfGvKU-4cRTmZlv5x96,"['Shakira', 'Luiz Inácio Lula da Silva']"
697,"""EU NÃO GOSTO DE AMANTE DE DITADOR!"" — O clima pesou na Casa Branca e o vexame foi histórico! Donald Trump não apenas excluiu Lula da foto oficial, como expulsou o delegado da PF da reunião e mandou o petista ""se colocar no lugar"".",Observador,https://observador.pt/factchecks/fact-check-donald-trump-expulsa-lula-da-silva-de-fotografia-oficial-na-casa-branca/,Errado,2026-05-29 07:00:00,nan,"['Luiz Inácio Lula da Silva', 'Donald Trump', 'Casa Branca', 'Fotografia', 'Clima', 'Ditador', 'Amante', 'Departamento de Polícia Federal', 'Polícia Federal']"
698,"""BOMBA AGORA! Lula FLAGRADO com mala com MILHÕES do Vorcaro dentro da sede do PT? REVIRAVOLTA""",UOL Notícias,https://noticias.uol.com.br/confere/ultimas-noticias/2026/05/27/falso-pf-flagra-lula-mala-dinheiro-vorcaro.ghtm,Falso,2026-05-27 07:00:00,https://encrypted-tbn2.gstatic.com/images?q=tbn:ANd9GcTE2Kx39tt7tm98EicXxrjLCvND_6hbo-CICAU6b1EWQN9BYeQs,"['Daniel Vorcaro', 'Luiz Inácio Lula da Silva', 'Partido dos Trabalhadores', 'Mala', 'Partido dos Trabalhadores']"
699,Lula é capa desta semana de uma das revistas mais conhecidas em todo mundo.,Observador,https://observador.pt/factchecks/fact-check-lula-da-silva-foi-capa-da-time-em-maio-de-2026/,Errado,2026-05-27 07:00:00,https://encrypted-tbn3.gstatic.com/images?q=tbn:ANd9GcSPoSTekUtgc_77fQoKLZVgRXrfRC2VlIfGvKU-4cRTmZlv5x96,"['Luiz Inácio Lula da Silva', 'Revista', 'Mundo']"
700,Lula foi o que mais gastou em viagens na história do mundo,Estadão,https://www.estadao.com.br/estadao-verifica/lula-nao-gastou-sozinho-7-bilhoes-viagens/,Falso,2026-05-25 07:00:00,https://encrypted-tbn0.gstatic.com/images?q=tbn:ANd9GcSmSYC1QucLvrKLAyJHpv7Sm7eVepblGkbokj1b6FTd8rNYAMDr,"['Luiz Inácio Lula da Silva', 'Viagem', 'Mundo']"
701,Lula recebeu mala com dinheiro de Daniel Vorcaro,Estadão,https://www.estadao.com.br/estadao-verifica/lula-mala-dinheiro-master-pf-falso/,Falso,2026-05-22 07:00:00,https://encrypted-tbn2.gstatic.com/images?q=tbn:ANd9GcSrk8ERNk93TKCuDIkrBrmMnQszrY_R86NW1Lz3pq7QO_hjpAXo,"['Luiz Inácio Lula da Silva', 'Daniel Vorcaro', 'Dinheiro', 'Mala']"
702,Deputado do RN ameaça Lula com arma,Estadão,https://www.estadao.com.br/estadao-verifica/deputano-rn-ameaca-lula-em-evento-natal-fora-contexto/,Falso,2026-05-22 07:00:00,https://encrypted-tbn1.gstatic.com/images?q=tbn:ANd9GcTmjCby4Ew4hW6x5gBzzz8GTA0-ohF2TbcvPSKW0gQcdfOjuMEj,"['Luiz Inácio Lula da Silva', 'Deputado', 'Rio Grande do Norte', 'Deputado Estadual do Rio Grande do Norte', 'Arma']"
703,Presidente Lula foi flagrado com mala de dinheiro de Daniel Vorcaro,AFP Checamos,https://checamos.afp.com/doc.afp.com.B3RX8ZQ,Falso,2026-05-22 07:00:00,https://encrypted-tbn3.gstatic.com/images?q=tbn:ANd9GcSRTJwqDtADN7_hmCSiqXHucp0zcCdE04fFn9y5s-b2vfohcA0l,"['Daniel Vorcaro', 'Luiz Inácio Lula da Silva', 'Presidente', 'Dinheiro', 'Mala']"
704,"Pesquisas apontam que Lula deve vencer ainda no primeiro turno com 72,9%",AFP Checamos,https://checamos.afp.com/doc.afp.com.B39V367,Falso,2026-05-19 07:00:00,https://encrypted-tbn3.gstatic.com/images?q=tbn:ANd9GcSkpXMX0zGmaSL7grLveghOz-T4W_lCaTahknDbFcjSfSGkzlNm,['Luiz Inácio Lula da Silva']
705,Lula cria 5 mil empregos para chineses na Bahia enquanto o estado sofre com desemprego,Aos Fatos,https://www.aosfatos.org/noticias/militares-chineses-farda-pm-baiana/,Falso,2026-05-19 07:00:00,https://encrypted-tbn1.gstatic.com/images?q=tbn:ANd9GcT92JlZ2bcYwEZUR8U-pjIrarItZOyJPmpUcEfEZ2dbOtxP9vha,"['Bahia', 'Luiz Inácio Lula da Silva', 'Desemprego', 'Emprego']"
706,“LULA ACABA DE SER EXPULSO DA CASA BRANCA POR TRUMP! JANJA CHORA!,Observador,https://observador.pt/factchecks/fact-check-donald-trump-expulsou-lula-da-silva-da-casa-branca/,Errado,nan,https://encrypted-tbn3.gstatic.com/images?q=tbn:ANd9GcSPoSTekUtgc_77fQoKLZVgRXrfRC2VlIfGvKU-4cRTmZlv5x96,"['Luiz Inácio Lula da Silva', 'Donald Trump', 'Casa Branca', 'Janja Lula da Silva']"
707,Lula é capa da revista Time em maio de 2026,Estadão,https://www.estadao.com.br/estadao-verifica/capa-time-lula-2022-antiga/,Parcialmente verdadeiro,2026-05-15 07:00:00,https://encrypted-tbn3.gstatic.com/images?q=tbn:ANd9GcTIXePaGkdIols0xIzKv9HEkfjQ2OUwmTtdbI4lAkt2kXty346Q,"['Luiz Inácio Lula da Silva', 'Time', 'Revista', '2026', 'Maio']"
708,Lula é capa da revista Time nesta semana,AFP Checamos,https://checamos.afp.com/doc.afp.com.B2VP2T3,Falso,2026-05-14 07:00:00,https://encrypted-tbn3.gstatic.com/images?q=tbn:ANd9GcTXSnpLk_5hZHqAZz1ABS6aFmmeyDZ7ojYRYhC94oQ8lsVm7O6y,"['Luiz Inácio Lula da Silva', 'Time', 'Revista']"
709,"O presidente LULA acaba de virar capa da TIME, uma das maiores revistas do mundo!",UOL Notícias,https://noticias.uol.com.br/confere/ultimas-noticias/2026/05/14/enganoso-lula-capa-revista-time.ghtm,Falso,2026-05-14 07:00:00,https://encrypted-tbn1.gstatic.com/images?q=tbn:ANd9GcSPN9B1klxXAwlwXZWpSDDYeWZxlZSLX3IOmO9unc94bKZj5kxz,"['Luiz Inácio Lula da Silva', 'Presidente', 'Revista', 'Mundo']"
710,Imagem mostra Trump esmagando Lula na reunião de hoje,AFP Checamos,https://checamos.afp.com/doc.afp.com.B2ND763,Falso,2026-05-12 07:00:00,https://encrypted-tbn3.gstatic.com/images?q=tbn:ANd9GcTrB3KPVLD9a06nSYr55K1xpOK5bP6H_0eCk19yvPGI0P_kpjUZ,"['Luiz Inácio Lula da Silva', 'Donald Trump', 'Imagem']"
711,Lula foi capa da revista Time de maio de 2026,Aos Fatos,https://www.aosfatos.org/noticias/lula-capa-time/,Falso,2026-05-12 07:00:00,https://encrypted-tbn0.gstatic.com/images?q=tbn:ANd9GcSP-JHEbkcP4dwOH5nqG8Np9NDi4Uj9PRv0R1ZMygcO4gHCUgAp,"['Luiz Inácio Lula da Silva', 'Time', 'Revista', 'Maio', '2026']"
712,Trump esmagou Lula na Casa Branca,Estadão,https://www.estadao.com.br/estadao-verifica/imprensa-americana-trump-esmagou-lula/,Falso,2026-05-11 07:00:00,https://encrypted-tbn1.gstatic.com/images?q=tbn:ANd9GcQ8znQYMj1Wr-8OgqAicvIyXxTEmFutt1-Som0_d8co0H3P36HF,"['Luiz Inácio Lula da Silva', 'Donald Trump', 'Casa Branca']"
714,Shakira fez o L de Lula em show no Rio,UOL Notícias,https://noticias.uol.com.br/confere/ultimas-noticias/2026/05/08/falso-shakira-fez-o-l-show-copacabana.ghtm,Falso,2026-05-08 07:00:00,https://encrypted-tbn0.gstatic.com/images?q=tbn:ANd9GcQOHWfHHum7jv5xsfJRvDW7p_USHtvfyj81Xn0cT5KPYzBhlrVa,"['Shakira', 'Luiz Inácio Lula da Silva', 'Espetáculo', 'Rio de Janeiro']"
715,Foto mostra Trump gritando com Lula durante reunião na Casa Branca,Aos Fatos,https://www.aosfatos.org/noticias/trump-grita-lula/,Falso,2026-05-08 07:00:00,https://encrypted-tbn1.gstatic.com/images?q=tbn:ANd9GcQGXqLyci8syf1YLtZfMH0dCNnUyiwQDuygKahu2cdg2Arlii8u,"['Luiz Inácio Lula da Silva', 'Donald Trump', 'Casa Branca', 'Fotografia']"
716,Eduardo Bolsonaro divulga nota de pesar após Trump receber Lula na Casa Branca,Estadão,https://www.estadao.com.br/estadao-verifica/eduardo-bolsonaro-encontro-donald-trump-lula-casa-branca/,Parcialmente verdadeiro,2026-05-08 07:00:00,https://encrypted-tbn1.gstatic.com/images?q=tbn:ANd9GcQQ-XLJu2rNQC_dod4glcp9SythJ5q8BDFIVnZ87lqLTXm9FhUI,"['Eduardo Bolsonaro', 'Luiz Inácio Lula da Silva', 'Donald Trump', 'Casa Branca']"
717,"Pilili, mascote da urna eletrônica, faz o L de Lula",UOL Notícias,https://noticias.uol.com.br/confere/ultimas-noticias/2026/05/08/falso-mascote-tse-fez-o-l.ghtm,Falso,2026-05-08 07:00:00,https://encrypted-tbn0.gstatic.com/images?q=tbn:ANd9GcTly0XfN1Gcr7UahWG_vKNdWCDAbExR8d7WAUyOptt2q3heww8P,"['Luiz Inácio Lula da Silva', 'Urna eleitoral', 'Mascote', 'Faz o L', 'Máquina de votação', 'Eletrônica']"
719,Governo Lula liberou as bets no Brasil,AFP Checamos,https://checamos.afp.com/doc.afp.com.B2876T6,Falso,2026-05-07 07:00:00,https://encrypted-tbn0.gstatic.com/images?q=tbn:ANd9GcTEg9f0bk14mtuxlHEcrs-4573jMYKIisMNvU78uf0nW_DjLVNK,"['Luiz Inácio Lula da Silva', 'Jogo de apostas', 'Brasil', 'Governo Lula']"
720,Coca-Cola vai passar a vender produtos menores no Brasil pelo mesmo preço por conta do governo Lula,Aos Fatos,https://www.aosfatos.org/noticias/coca-cola-embalagens-menores-lula/,Falso,2026-05-06 07:00:00,https://encrypted-tbn1.gstatic.com/images?q=tbn:ANd9GcSMnoHJojAPgxQv6_jGGvBaho2Fxxpscxd9NPX4vPU7MuIZGmcX,"['Coca-Cola', 'The Coca-Cola Company', 'Luiz Inácio Lula da Silva', 'Brasil', 'Governo', 'Produto', 'Preço']"
721,Lula debocha de endividados e diz que é bom que o povo possa se endividar,AFP Checamos,https://checamos.afp.com/doc.afp.com.B2339G3,Falso,2026-05-06 07:00:00,https://encrypted-tbn3.gstatic.com/images?q=tbn:ANd9GcQnU-ZK6nMoXVEHi2Z2aSzKplJneu0Yi4whDcrthKG9mtp01CG7,"['Luiz Inácio Lula da Silva', 'O Povo', 'e']"
722,Lula debochou de pessoas endividadas,Aos Fatos,https://www.aosfatos.org/noticias/discurso-lula-debochou-endividados/,Não_É_Bem_Assim,2026-05-05 07:00:00,https://encrypted-tbn0.gstatic.com/images?q=tbn:ANd9GcQgMttdhLmZHRPAWmP_8FHVw_oY84lxFXY8ywL0OZjc9BFjR28p,['Luiz Inácio Lula da Silva']
723,Lula sancionou lei que permitiu bets no país,Aos Fatos,https://www.aosfatos.org/noticias/temer-lula-bets/,Falso,2026-05-04 07:00:00,https://encrypted-tbn1.gstatic.com/images?q=tbn:ANd9GcTvAGlbdI3MNl9nACGaOUPhMvMzNpnr-fsXCbtEpmopM8k8csqp,"['Luiz Inácio Lula da Silva', 'Jogo de apostas', 'Lei']"
724,"Lula mais uma vez desafia Trump; ""Se ele invadir Cuba, o Brasil estará pronto para ajudar a proteger a soberania do país""",UOL Notícias,https://noticias.uol.com.br/confere/ultimas-noticias/2026/05/03/falso-lula-brasil-protecao-cuba-invasao-eua.ghtm,Falso,2026-05-03 07:00:00,https://encrypted-tbn3.gstatic.com/images?q=tbn:ANd9GcT67-Jr1xWu0ZKtFPAiKSleEOB1fWAfQbfAi0bBPc2zfWbLQd-0,"['Luiz Inácio Lula da Silva', 'Cuba', 'Brasil', 'Donald Trump', 'Soberania', 'País', 'Pará', 'Sergipe']"
725,Até quando vamos ser enganados? - imagem de Lula com 10 dedos,UOL Notícias,https://noticias.uol.com.br/confere/ultimas-noticias/2026/04/30/falso-imagem-lula-mala-dinheiro-ia.ghtm,Falso,2026-04-30 07:00:00,https://encrypted-tbn0.gstatic.com/images?q=tbn:ANd9GcQBCVeWShRlArs4xO4jRK-vWqy3MgBl318IL4d8zrzoVoECd8CS,"['Luiz Inácio Lula da Silva', 'Imagem', 'Dedo']"
726,Vídeo mostra Lula fugindo do Palácio após ser vaiado,Estadão,https://www.estadao.com.br/estadao-verifica/video-mostra-lula-saindo-de-palco-apos-problemas-com-microfone-e-nao-fugindo-de-vaias/,Falso,2026-04-30 07:00:00,https://encrypted-tbn0.gstatic.com/images?q=tbn:ANd9GcSbtdpvPzMQC8i-UHfKP1G03DqrT1EH0z6HoVyR_93aQ2IWNngz,"['Luiz Inácio Lula da Silva', 'Vaia', 'Vídeo']"
727,"""PERNAMBUCO SURPREENDE O BRASIL. Nova pesquisa mostra um cenário que muita gente não esperava ver no Nordeste. Flávio Bolsonaro: 50,5% Lula: 38,1% Aldo Rebelo: 5,8%.Se esses números se confirmarem, não é apenas uma pesquisa. É uma mudança de vento político""",BOL - UOL,https://www.bol.uol.com.br/noticias/2026/04/30/enganoso-pesquisa-pernambuco-flavio-bolsonaro-lider-lula.amp.htm,Falso,2026-04-30 07:00:00,https://encrypted-tbn3.gstatic.com/images?q=tbn:ANd9GcRGbHP_t-ht4BIHRTlHxPo1t3yUNBHE-9KSxbv3Ok-EVVfXcSxS,"['Flávio Bolsonaro', 'Luiz Inácio Lula da Silva', 'Político', 'Pesquisa', 'Aldo Rebelo', 'Pernambuco', 'Número', 'Brasil', 'Região Nordeste do Brasil']"
729,Lula disse que Brasil vai defender Cuba em caso de invasão norte-americana,AFP Checamos,https://checamos.afp.com/doc.afp.com.A9A769E,Falso,2026-04-28 07:00:00,https://encrypted-tbn2.gstatic.com/images?q=tbn:ANd9GcQatb1PxHFQYVADpDZqqeigLfPNklXTFuWRYfeL7b6kAivIsLVx,"['Luiz Inácio Lula da Silva', 'Cuba', 'Brasil', 'Invasão']"
730,Lula beija o dono da Choquei que foi preso pela PF,AFP Checamos,https://checamos.afp.com/doc.afp.com.A99R463,Falso,2026-04-28 07:00:00,https://encrypted-tbn3.gstatic.com/images?q=tbn:ANd9GcSHNWCL_zQgfnT1ILlttAMLHR1SjrcHTXJB7a-PtGX8j0xrWRxE,"['Luiz Inácio Lula da Silva', 'Choquei', 'Prisão', 'Polícia Federal', 'Departamento de Polícia Federal', 'Beijo']"
731,"""Lula endurece tom com Trump e diz que todo o brasileiro está disposto a defender a sua soberania e a de Cuba também.""",Observador,https://observador.pt/factchecks/fact-check-lula-da-silva-disse-que-brasil-esta-disposto-a-defender-soberania-de-cuba/,Errado,nan,https://encrypted-tbn3.gstatic.com/images?q=tbn:ANd9GcSPoSTekUtgc_77fQoKLZVgRXrfRC2VlIfGvKU-4cRTmZlv5x96,"['Cuba', 'Luiz Inácio Lula da Silva', 'Soberania', 'Brasil', 'Donald Trump']"
732,Trump diz que Lula tem sangue de ‘lampião a álcool’,Aos Fatos,https://www.aosfatos.org/noticias/trump-lula-sangue-lampiao-alcool/,Falso,2026-04-27 07:00:00,https://encrypted-tbn1.gstatic.com/images?q=tbn:ANd9GcRBkrN1sv00fM4mnR09Zc_zk_W1TAdZ8EXJ1vEbSZiiYJLVb-sk,"['Luiz Inácio Lula da Silva', 'Donald Trump', 'Sangue']"
733,"Se Flávio Bolsonaro vencer, eu vou embora para Cuba, diz Lula",UOL Notícias,https://noticias.uol.com.br/confere/ultimas-noticias/2026/04/27/falso-lula-mudanca-cuba-perder-eleicao-flavio-bolsonaro.ghtm,Falso,2026-04-27 07:00:00,https://encrypted-tbn3.gstatic.com/images?q=tbn:ANd9GcSfsMIvPSMXj6LukOorIFN9-t0GIuT-uB4jmjV4Kc_tpcsn5XCy,"['Flávio Bolsonaro', 'Luiz Inácio Lula da Silva', 'Cuba']"
734,Lula foi recebido com chuva de ovos em Portugal,Estadão,https://www.estadao.com.br/estadao-verifica/lula-ovada-em-portugal-falso-inteligencia-artificial/,Falso,2026-04-24 07:00:00,https://encrypted-tbn3.gstatic.com/images?q=tbn:ANd9GcS_DkrMipnxSE0YmARBZAZi6NX3Ndo9bF1F6V3roSNm6okoKRY0,"['Luiz Inácio Lula da Silva', 'Portugal', 'Chuva']"
735,"‘Se Flávio Bolsonaro vencer, eu vou embora para Cuba’, diz Lula",Aos Fatos,https://www.aosfatos.org/noticias/lula-cuba-flavio-bolsonaro/,Falso,2026-04-24 07:00:00,https://encrypted-tbn1.gstatic.com/images?q=tbn:ANd9GcS5EQAgpvqXYNuzl2XtHbWYSSln-FR8_hjbP41AwyAltE5bLTj_,"['Luiz Inácio Lula da Silva', 'Flávio Bolsonaro', 'Cuba']"
736,"Durante Lula, o país saiu de superávit de R$ 54 bi para rombo de R$ 1 tri",AFP Checamos,https://checamos.afp.com/doc.afp.com.A8WW263,Falso,2026-04-24 07:00:00,https://encrypted-tbn2.gstatic.com/images?q=tbn:ANd9GcTvC-VLRWIy_XMaMLP8_kncZgd8KJUH-ftPkQ8YRC2XuJboCY8r,"['Luiz Inácio Lula da Silva', 'Superávite', 'País']"
737,Urgente acontecendo em Portugal! Lula é expulso e jogado pra fora com chuva de ovos!,UOL Notícias,https://noticias.uol.com.br/confere/ultimas-noticias/2026/04/24/falso-video-lula-ovada-expulso-portugal.ghtm,Falso,2026-04-24 07:00:00,https://encrypted-tbn2.gstatic.com/images?q=tbn:ANd9GcSUKNGjCYySxuCf797f1AmytIXC_c4RK5P0FGmZHFUxx9KmkAZd,"['Luiz Inácio Lula da Silva', 'Portugal', 'Chuva']"
738,FAB de Lula fez 111 voos com 1 passageiro,AFP Checamos,https://checamos.afp.com/doc.afp.com.A8W94T3,Falso,2026-04-24 07:00:00,https://encrypted-tbn2.gstatic.com/images?q=tbn:ANd9GcRoCVsfDrHUzrCtM8dtrmQoYfX8g4TWxZoDd5dp7yzT8VFPuUnC,"['Luiz Inácio Lula da Silva', 'Força Aérea Brasileira', 'Voo', 'Passageiro']"
739,Lula rebate Trump e diz que o povo brasileiro está disposto a dar a vida por ele numa eventual guerra,UOL Notícias,https://noticias.uol.com.br/confere/ultimas-noticias/2026/04/23/falso-lula-brasileiros-dariam-vida-por-ele-guerra-eua.ghtm,Falso,2026-04-23 07:00:00,https://encrypted-tbn2.gstatic.com/images?q=tbn:ANd9GcR7kde8pIs3X29KAjKjuJGUpclFBM3y2Y0vFwJVg36CWNkJin1C,"['Luiz Inácio Lula da Silva', 'Guerra', 'Brasileiros', 'Brasil', 'Donald Trump', 'Vida']"
740,Lula é expulso de igreja após aparecer bêbado!?,UOL Notícias,https://noticias.uol.com.br/confere/ultimas-noticias/2026/04/23/falso-lula-expulso-igreja-espanha-bebado.ghtm,Falso,2026-04-23 07:00:00,https://encrypted-tbn0.gstatic.com/images?q=tbn:ANd9GcQh2RiYTz2c0HcwS99fQ8A9lXH2VyFewy22f4Re3xZyt0VryD6Y,['Luiz Inácio Lula da Silva']
741,Lula diz que brasileiros estão dispostos a dar a vida por ele em uma eventual guerra,Aos Fatos,https://www.aosfatos.org/noticias/lula-brasileiros-dispostos-vida/,Falso,2026-04-22 07:00:00,https://encrypted-tbn0.gstatic.com/images?q=tbn:ANd9GcRhFz8RfQYweJU2lEmwu6Lt1my_CV2LU45EQpmvEOyavpKXMOin,"['Luiz Inácio Lula da Silva', 'Brasil', 'Guerra']"
742,"Em evento na cidade de Porto Alegre (RS), o Senador Flávio Bolsonaro (PL-RJ) afirmou que pretende REVOGAR A ISENÇÃO DO IMPOSTO DE RENDA do Presidente Lula (PT-SP)",BOL - UOL,https://www.bol.uol.com.br/noticias/2026/04/22/falso-flavio-bolsonaro-revogar-isencao-ir.ghtm,Falso,2026-04-22 07:00:00,https://encrypted-tbn2.gstatic.com/images?q=tbn:ANd9GcTgZCbQEEl5pspt7Zs7QT7bUe2uDUNxK-saJuLXN7BWjBn_flan,"['Flávio Bolsonaro', 'Imposto de renda', 'Presidente', 'Partido Liberal', 'Luiz Inácio Lula da Silva', 'Partido dos Trabalhadores', 'Imposto', 'Renda', 'Rio Grande do Sul']"
743,Lula diz que o povo brasileiro daria a vida por ele em caso de guerra com os EUA,Estadão,https://www.estadao.com.br/estadao-verifica/lula-povo-brasileiro-daria-a-vida-por-ele-trump-falso/,Falso,2026-04-22 07:00:00,https://encrypted-tbn0.gstatic.com/images?q=tbn:ANd9GcR5BucM-b3jTiXEaIYQ709Tg9t2QptdaT_54WzWpZUrPpvfDmKA,"['Luiz Inácio Lula da Silva', 'Guerra', 'Estados Unidos', 'Brasileiros', 'Brasil', 'Vida']"
744,"Lula diz que, se Trump invadir Cuba, Brasil estará pronto para ajudar a proteger a ‘soberania’ do país",Aos Fatos,https://www.aosfatos.org/noticias/lula-brasil-cuba-eua/,Falso,2026-04-20 07:00:00,https://encrypted-tbn3.gstatic.com/images?q=tbn:ANd9GcTT-_T2m-ANbt9dETdLxWaR6lzK3iFKfYRfcrL-btNBq2v0BEJJ,"['Luiz Inácio Lula da Silva', 'Cuba', 'Brasil', 'Donald Trump', 'Soberania', 'País']"
745,"Lula questionou: “se a mulher entrar na política, quem é que vai fazer a janta?""",Aos Fatos,https://www.aosfatos.org/noticias/lula-quem-vai-fazer-a-janta-mulheres-politica/,Falso,2026-04-20 07:00:00,https://encrypted-tbn2.gstatic.com/images?q=tbn:ANd9GcS3VzD3mSiHtKV5IpLqTFtftJZXH5YnL5imQn1CD3-cAyOym-d9,"['Luiz Inácio Lula da Silva', 'Política', 'Mulher']"
746,"Foto mostra Lula beijando testa de dono da Choquei, preso pela PF",Aos Fatos,https://www.aosfatos.org/noticias/foto-lula-dono-choquei/,Falso,2026-04-17 07:00:00,https://encrypted-tbn3.gstatic.com/images?q=tbn:ANd9GcRJvdm9IoexuWSDez424jdbP68eXXSdeCU8nRJJM_jZkjE1SZLM,"['Luiz Inácio Lula da Silva', 'Choquei', 'Polícia Federal', 'Departamento de Polícia Federal', 'Fotografia', 'Prisão']"
747,Governo Lula vai pra cima dos pobres e pode confiscar FGTS de endividados,AFP Checamos,https://checamos.afp.com/doc.afp.com.A83T9WE,Falso,2026-04-16 07:00:00,https://encrypted-tbn1.gstatic.com/images?q=tbn:ANd9GcRGSUM4ORyjTAxvUV7NOuwjgbsqNi-HoMM5EC8HtxzTyO9Dbe1i,"['Fundo de Garantia do Tempo de Serviço', 'Governo', 'Confiscação', 'Luiz Inácio Lula da Silva', 'Governo Lula', 'Pobreza']"
748,Presidente Luiz Inácio Lula da Silva disse que a mulher tem que ficar em casa para dar banho e jantar para os filhos e marido.,Estadão,https://www.estadao.com.br/estadao-verifica/enganoso-lula-mulher-ficar-casa-jantar-filhos-marido/,Falso,2026-04-16 07:00:00,https://encrypted-tbn3.gstatic.com/images?q=tbn:ANd9GcTkhoOSkaMaRcJOd1JgYeooKa3Iri1VXspEJAzCxh97kSS8X2i3,"['Luiz Inácio Lula da Silva', 'Presidente', 'Mulher', 'Banho']"
749,Depois de 3 anos governo Lula libera água no Nordeste,AFP Checamos,https://checamos.afp.com/doc.afp.com.A7WX9NQ,Falso,2026-04-15 07:00:00,https://encrypted-tbn0.gstatic.com/images?q=tbn:ANd9GcSxUTRicpw5kyVgPv8C9zevV9rY8X3yNzqPoifyL786Zw-Sr43G,"['Região Nordeste do Brasil', 'Luiz Inácio Lula da Silva', 'Água']"
750,Governo Lula quer reduzir um litro de gasolina para 680 ml para baraterar combustível,Aos Fatos,https://www.aosfatos.org/noticias/proposta-aumentar-mistura-alcool-gasolina/,Não_É_Bem_Assim,2026-04-14 07:00:00,https://encrypted-tbn2.gstatic.com/images?q=tbn:ANd9GcS6ZTcg-8FCDQQuW0i0cFuUnC8MRIGnQwwjkZcZ6Wdw4OK-jQfl,"['Gasolina', 'Combustível', 'Luiz Inácio Lula da Silva', 'Governo', 'Governo Lula', 'Litro']"
753,Nova pesquisa mostra Flávio Bolsonaro à frente de Lula em Pernambuco,AFP Checamos,https://checamos.afp.com/doc.afp.com.A7MM963,Falso,2026-04-13 07:00:00,https://encrypted-tbn1.gstatic.com/images?q=tbn:ANd9GcSfdUjgOyK8tftUxF9ReSES5Zmhp6BQ-YxxX4dSwWovuCansWjG,"['Flávio Bolsonaro', 'Luiz Inácio Lula da Silva', 'Pernambuco', 'Pesquisa']"
754,"Vídeo mostra reabertura da transposição, que havia sido fechada pelo governo Lula",Aos Fatos,https://www.aosfatos.org/noticias/video-mostra-inundacao-iemen-nao-reabertura-transposicao/,Falso,2026-04-10 07:00:00,https://encrypted-tbn0.gstatic.com/images?q=tbn:ANd9GcRrqbCVswCybLfRGKz5hli0322Lw0fKem6_r20uxyYbKBae7Gp6,"['Vídeo', 'Luiz Inácio Lula da Silva']"
755,Lula destinou 15 milhões de reais a empresas do Oriente Médio afetadas pela guerra e esse dinheiro sai do bolso do povo brasileiro,BOL - UOL,https://www.bol.uol.com.br/noticias/2026/04/10/checagem-governo-lula-15-bilhoes-empresas-oriente-medio.amp.htm,Falso,2026-04-10 07:00:00,https://encrypted-tbn0.gstatic.com/images?q=tbn:ANd9GcSr6cB_GXHcqEezM79_XUuBqNSf4pghSdqvQQ7P6MQqm103ehOg,"['Luiz Inácio Lula da Silva', 'Médio Oriente', 'Empresa', 'Brasil', 'Guerra', 'Dinheiro', 'Brasileiros']"
757,Lula destino a 15 milhões de reais as empresas do oriente médio afetada pela guerra e esse dinheiro sai do bolso do povo brasileiro,Estadão,https://www.estadao.com.br/estadao-verifica/lula-15-bilhoes-empresas-oriente-medio/,Falso,nan,https://encrypted-tbn2.gstatic.com/images?q=tbn:ANd9GcSACF38ittAOARYhShT9CsX3ebTOhf1gOUCjQlSFwRduBSDvW0i,"['Luiz Inácio Lula da Silva', 'Médio Oriente', 'Empresa', 'Brasil', 'Guerra', 'Brasileiros', 'Dinheiro']"
758,Prisão de Lula é questão de tempo assim como foi com seu amigo Maduro,UOL Notícias,https://noticias.uol.com.br/confere/ultimas-noticias/2026/04/08/falso-video-trump-lula-presidiario-libertar-bolsonaro.ghtm,Falso,2026-04-08 07:00:00,https://encrypted-tbn2.gstatic.com/images?q=tbn:ANd9GcSgN9GDhKqrNmk3pv5DFFN6k0dZGsbIaNgW4tpIt0sXBxHc7-BB,"['Luiz Inácio Lula da Silva', 'Tempo', 'Nicolás Maduro', 'Prisão']"
759,Lula afirma que trabalhador nasceu para trabalhar e não precisa de folga,AFP Checamos,https://checamos.afp.com/doc.afp.com.A6VL6CQ,Falso,2026-04-06 07:00:00,https://encrypted-tbn2.gstatic.com/images?q=tbn:ANd9GcTwabXZg6CGUj_wGPXV7Ug3O33nNaHPXvXqwQhAgB_ibiGBKUgp,"['Luiz Inácio Lula da Silva', 'Trabalhador', 'Trabalho']"
760,Lula presenteou Janja com ovo de Páscoa de ouro,Aos Fatos,https://www.aosfatos.org/noticias/fotos-lula-janja-posam-ovo-pascoa-ouro-sao-ia/,Falso,2026-04-02 07:00:00,https://encrypted-tbn3.gstatic.com/images?q=tbn:ANd9GcQ7msEojfjzSncVfTPnPER2W6e-cTdUvb7rQlrZ2MhwL2WgmiWO,"['Janja Lula da Silva', 'Luiz Inácio Lula da Silva', 'Ovo de Páscoa', 'Páscoa']"
761,Trump manda a secretaria rasgar documento enviado por Lula,AFP Checamos,https://checamos.afp.com/doc.afp.com.A6MA6CQ,Falso,2026-04-02 07:00:00,https://encrypted-tbn2.gstatic.com/images?q=tbn:ANd9GcTIL6IEEJrZNl1reweypodIM1YMFYZuEr6-p_tgScNYtbURpbXk,"['Donald Trump', 'Luiz Inácio Lula da Silva', 'Documento']"
762,Vídeo mostra Lula recebendo refugiados muçulmanos no Brasil; cada um deles ganhará R$ 7.000 mensais por seis meses,Aos Fatos,https://www.aosfatos.org/noticias/falso-governo-lula-pagara-auxilios-7000-refugiados-muculmanos/,Falso,2026-04-01 07:00:00,https://encrypted-tbn1.gstatic.com/images?q=tbn:ANd9GcQfPXWVEkaQI7Sqfg2VmLwojAA2c-x6lIJH5xIdbaVFpqiL42qH,"['Luiz Inácio Lula da Silva', 'Refugiado', 'Islã', 'Brasil', 'Islamismo no Brasil', 'Mês', 'Vídeo']"
763,Vídeo mostra secretária de Trump rasgando documento enviado por Lula,Aos Fatos,https://www.aosfatos.org/noticias/video-nao-mostra-secretaria-trump-rasgando-documento-lula/,Falso,2026-04-01 07:00:00,https://encrypted-tbn0.gstatic.com/images?q=tbn:ANd9GcS8Pu85JyUHAGalO4h5ugonU0F9hDrYJw0YkLDOawgk_v1pWUe8,"['Donald Trump', 'Luiz Inácio Lula da Silva', 'Documento', 'Vídeo']"
764,"CGU apontou 35 mil irregularidades em processos licitatórios do governo Lula que são crimes de corrupção, fraude e lavagem de dinheiro.",Estadão,https://www.estadao.com.br/estadao-verifica/enganoso-cgu-35-mil-irregularidades-licitacoes-governo-lula/,Falso,2026-04-01 07:00:00,https://encrypted-tbn0.gstatic.com/images?q=tbn:ANd9GcQuie5_3crBhdieKsa6CNDbT79_8ijcCN5cPK6B2_6-IQX-68ZZ,"['Controladoria-Geral da União', 'Controladoria Geral da União', 'Licitações públicas', 'Fraude', 'Luiz Inácio Lula da Silva', 'Corrupção', 'Governo', 'Crime', 'Lavagem de dinheiro']"
765,Lula disse em discurso que ‘trabalhador é pra trabalhar’ e que ir ao teatro e ao cinema é ‘coisa de gente chique’,Aos Fatos,https://www.aosfatos.org/noticias/lula-trabalhadores-teatro-cinema/,Falso,2026-03-31 07:00:00,https://encrypted-tbn2.gstatic.com/images?q=tbn:ANd9GcR28C0jeESTj3aOxaFacNeDVJd87tj5-QH3X3BWIDCw_0jaESsA,"['Luiz Inácio Lula da Silva', 'Trabalhador', 'Trabalho', 'Teatro', 'Cinema', 'Imposto de renda', 'Discurso']"
767,"Lula recebe muçulmanos e a Operação Acolhida, do governo federal, está pagando R$ 7 mil por mês e dando moradia a refugiados da Palestina e de outros países.",Estadão,https://www.estadao.com.br/estadao-verifica/video-lula-recepcionando-brasileiros-libano-nao-muculmanos-palestinos/,Falso,2026-03-31 07:00:00,https://encrypted-tbn2.gstatic.com/images?q=tbn:ANd9GcTY97mEYzzZq-eN44V5ct10QeUOAiT30Me7YPQRcGJIfKYuRFg5,"['Luiz Inácio Lula da Silva', 'Refugiado', 'Palestinos', 'Islã', 'Refugiados palestinos', 'Governo', 'País', 'Mês', 'R7']"
768,Registro de aperto de mãos de Lula e Daniel Vorcaro,AFP Checamos,https://checamos.afp.com/doc.afp.com.A68P89E,Falso,2026-03-30 07:00:00,https://encrypted-tbn1.gstatic.com/images?q=tbn:ANd9GcQJb92s2aMrgXaxuXeXBkBQjM0iea9MglutQ7CpunEesM_tLRkY,"['Daniel Vorcaro', 'Luiz Inácio Lula da Silva', 'Mão', 'Aperto de mão']"
769,"Lula diz que ""trabalhador nasceu para trabalhar""",UOL Notícias,https://noticias.uol.com.br/confere/ultimas-noticias/2026/03/30/enganoso-video-lula-critica-lazer-trabalhador.ghtm,Falso,2026-03-30 07:00:00,https://encrypted-tbn3.gstatic.com/images?q=tbn:ANd9GcS_F-ILNdGrfgk80lPDzgvcFnGxAZWjBZGfj7xoQDnrOnZLDKs9,"['Luiz Inácio Lula da Silva', 'Trabalhador', 'Trabalho']"
770,Trump manda a secretaria dele rasgar o documento que o presidente Lula mandou pra ele assinar e foi aplaudido de pé pelo seu povo,UOL Notícias,https://noticias.uol.com.br/confere/ultimas-noticias/2026/03/30/falso-secretaria-trump-rasga-papel-lula-nancy-pelosi.ghtm,Falso,2026-03-30 07:00:00,https://encrypted-tbn3.gstatic.com/images?q=tbn:ANd9GcSLDdfgatGsXyyaW7K8TT7XhS5SvyrgueEgCibf7C5L_HkMoPwj,"['Donald Trump', 'Luiz Inácio Lula da Silva', 'Presidente', 'Documento']"
771,Lula aparece em foto apertando a mão de Vorcaro,Aos Fatos,https://www.aosfatos.org/noticias/foto-aperto-maos-lula-vorcaro-montagem/,Falso,2026-03-27 07:00:00,https://encrypted-tbn2.gstatic.com/images?q=tbn:ANd9GcTvTsm_xwh6WfJLCtBVLSnK_ZGYJKY7nW4H1BodssY-_V11leuH,"['Luiz Inácio Lula da Silva', 'Daniel Vorcaro', 'Fotografia', 'Mão']"
772,"Lula diz que trabalhador tem de trabalhar, não pensar em lazer",Estadão,https://www.estadao.com.br/estadao-verifica/lula-criticou-ideia-trabalhador-e-para-trabalhar/,Falso,2026-03-27 07:00:00,https://encrypted-tbn0.gstatic.com/images?q=tbn:ANd9GcQ72EVIX_DgCxAI93yMArmGvDD8SFaruWFtaz3ILkZkiY0qrDKJ,"['Luiz Inácio Lula da Silva', 'Trabalhador', 'Trabalho', 'Lazer', 'Pensamento']"
773,Lula e Janja foram citados em delação de Vorcaro,Estadão,https://www.estadao.com.br/estadao-verifica/video-ia-delacao-vorcaro-lula-janja-gustavo-gayer/,Falso,2026-03-27 07:00:00,https://encrypted-tbn0.gstatic.com/images?q=tbn:ANd9GcQKXOov7J8r6FhVyjv6DEC2RqhBEG7DTNBa4sDY9oe2zklHj_Hf,"['Daniel Vorcaro', 'Delação premiada', 'Janja Lula da Silva', 'Luiz Inácio Lula da Silva']"
774,"""Exclusivo. Nordeste solta a mão de Lula e abraça Flávio Bolsonaro como solução""",BOL - UOL,https://www.bol.uol.com.br/noticias/2026/03/26/falso-capa-revista-veja-nordeste-solta-lula-abraca-flavio-bolsonaro.ghtm,Falso,2026-03-26 07:00:00,https://encrypted-tbn3.gstatic.com/images?q=tbn:ANd9GcQYQR8Lkv1v4k2dEBmJl6aQRd8VtNBCkqHf-FXDWMYuxV6loubc,"['Flávio Bolsonaro', 'Luiz Inácio Lula da Silva']"
775,Trump humilha Lula em coletiva de imprensa na Casa Branca,UOL Notícias,https://noticias.uol.com.br/confere/ultimas-noticias/2026/03/25/falso-trump-humilhou-lula-casa-branca.ghtm,Falso,2026-03-25 07:00:00,https://encrypted-tbn0.gstatic.com/images?q=tbn:ANd9GcR1Yt_p-1ghRBI-ZXu0b3NwWHP5zYD20ucV585JF1Gnsd2J_zh6,"['Donald Trump', 'Luiz Inácio Lula da Silva', 'Casa Branca', 'Imprensa', 'Coletiva de imprensa']"
777,"Lula disse que, se for reeleito, não deixará que ninguém lave dinheiro no Brasil",Estadão,https://www.estadao.com.br/estadao-verifica/falso-declaracao-lula-fim-lavagem-de-dinheiro/,Falso,2026-03-24 07:00:00,https://encrypted-tbn0.gstatic.com/images?q=tbn:ANd9GcTnoUaWZ_g_9G4zL1dCK2Or7Kq3m4K8bhaignhbThxbEzCHL0lc,"['Luiz Inácio Lula da Silva', 'Dinheiro', 'Brasil', 'Reeleição']"
778,Daniel Vorcaro fez delação premiada e decidiu entregar os ministros do STF (Supremo Tribunal Federal) Alexandre de Moraes e Dias Toffoli e o presidente Lula (PT),Aos Fatos,https://www.aosfatos.org/noticias/video-ia-engana-vorcaro-delatou-moraes-toffoli-lula/,Falso,2026-03-23 07:00:00,https://encrypted-tbn2.gstatic.com/images?q=tbn:ANd9GcSmDk9_v2fYyXhJa8j72GneomxPdIGlmaLlZZK5r-HbmgZKTSzy,"['Daniel Vorcaro', 'Alexandre de Moraes', 'Luiz Inácio Lula da Silva', 'José Antonio Dias Toffoli', 'Delação premiada', 'Supremo Tribunal Federal', 'Ministro', 'Presidente', 'Partido dos Trabalhadores']"
779,Motoboys contra Lula se unem em todo o país para derrubar o regime,UOL Notícias,https://noticias.uol.com.br/confere/ultimas-noticias/2026/03/20/falso-protesto-motoboys-governo-lula.ghtm,Falso,2026-03-20 07:00:00,https://encrypted-tbn0.gstatic.com/images?q=tbn:ANd9GcRUfrTvVUCd9IGLu35f3Zp7mJrZIY4R8T5Bd62cHWmzfqapa4Lj,"['Luiz Inácio Lula da Silva', 'Motoboy', 'Regime político']"
781,"Gasolina está cara? Vá a pé, diz Lula",UOL Notícias,https://noticias.uol.com.br/confere/ultimas-noticias/2026/03/20/lula-falava-sobre-ozempic-quando-recomendou-andar-a-pe-e-nao-combustiveis.ghtm,Falso,2026-03-20 07:00:00,https://encrypted-tbn3.gstatic.com/images?q=tbn:ANd9GcS9SHi_7u8ykMht46VWrolUjjJBmLlEjZtoLfm-H7F7Flrl_tHh,"['Luiz Inácio Lula da Silva', 'Gasolina']"
782,Motoboys estão se manifestando contra o governo Lula.,Estadão,https://www.estadao.com.br/estadao-verifica/enganoso-videos-protestos-motoboys-governo-lula/,Falso,2026-03-19 07:00:00,https://encrypted-tbn2.gstatic.com/images?q=tbn:ANd9GcTYZ0jvzKN7xfFvAuYFyGP7cjGmQMYypiBzHrunkR5qMPfSkLD_,"['Motoboy', 'Luiz Inácio Lula da Silva', 'Governo']"
783,Governo Lula vai taxar os entregadores de aplicativo,Estadão,https://www.estadao.com.br/estadao-verifica/taxa-entregadores-aplicativos-valor-minimo-entrega/,Falso,2026-03-19 07:00:00,https://encrypted-tbn0.gstatic.com/images?q=tbn:ANd9GcRjgrHZ1egjOx-y9r4s2nqtFJhe_8VjpjiQQoiHHd7A2VwwZWep,"['Taxa', 'Entregador', 'Governo', 'Aplicativo móvel', 'Luiz Inácio Lula da Silva', 'Governo Lula']"
784,"Lula diz ""gasolina tá cara? Vá a pé""",AFP Checamos,https://checamos.afp.com/doc.afp.com.A3MD3NQ,Falso,2026-03-17 07:00:00,https://encrypted-tbn2.gstatic.com/images?q=tbn:ANd9GcSD_ZbRQlQQEnnvT75IGTHUAiHR0Xoy2o_fs7dsX44-tHqSZ27U,"['Luiz Inácio Lula da Silva', 'Gasolina', 'Pernambuco']"
785,Governo Lula quer taxar em R$ 10 por entrega motoboys de aplicativo de delivery,BOL - UOL,https://www.bol.uol.com.br/noticias/2026/03/17/governo-nao-propos-taxar-entregadores-de-aplicativo.ghtm,Falso,2026-03-17 07:00:00,https://encrypted-tbn1.gstatic.com/images?q=tbn:ANd9GcSmhH_S-tmOQ2Pk8M72548eiHdEYuQGtYwHDbqhf-rhWjPL_sbJ,"['Taxa', 'Governo Lula', 'Luiz Inácio Lula da Silva', 'Entrega ao cliente', 'Tele-entrega', 'Aplicativo móvel', 'Motoboy', 'Real brasileiro']"
786,Lula disse para as pessoas ‘irem a pé’ para contornar aumento do preço da gasolina,Aos Fatos,https://www.aosfatos.org/noticias/lula-nao-disse-vai-a-pe-resposta-aumento-preco-gasolina/,Falso,2026-03-16 07:00:00,https://encrypted-tbn2.gstatic.com/images?q=tbn:ANd9GcTvPCzCWuNISXHVm1ricymfBHW5yJaRNggXIkXwV8OfOuc7NMRz,"['Luiz Inácio Lula da Silva', 'Gasolina', 'Preço', 'Pernambuco']"
787,"Lula disse que se a gasolina está cara, as pessoas devem andar a pé",Estadão,https://www.estadao.com.br/estadao-verifica/lula-gasolina-cara-vai-pe-ozempic/,Falso,2026-03-16 07:00:00,https://encrypted-tbn1.gstatic.com/images?q=tbn:ANd9GcTLnHF_-KoY5VCz4vE8gErdEcfAxv6-5Yy4Kb3PhCnv9bKmD8v-,"['Luiz Inácio Lula da Silva', 'Gasolina']"
788,URGENTE: Lula diz que Brasil está sob ameaça real de invasão,UOL Notícias,https://noticias.uol.com.br/confere/ultimas-noticias/2026/03/13/enganoso-lula-discurso-brasil-ameaca-ser-invadido.htm,Falso,2026-03-13 07:00:00,https://encrypted-tbn2.gstatic.com/images?q=tbn:ANd9GcTu3SkNmf9tUFhSl2bcfuz4HbeLMi67AeOKj1FZNoDaFU1QFnuW,"['Luiz Inácio Lula da Silva', 'Brasil', 'Invasão', 'Crime de ameaça', 'Real brasileiro']"
789,Vorcaro surtou na prisão e admitiu pagamentos a ministros do STF e para o governo Lula,AFP Checamos,https://checamos.afp.com/doc.afp.com.A38E2G3,Falso,2026-03-13 07:00:00,https://encrypted-tbn2.gstatic.com/images?q=tbn:ANd9GcScwLG2WtXuKdc48AyMfrJN52y1I-Fop1z0jH3hbZZgvlqd14Pn,"['Daniel Vorcaro', 'Prisão', 'Luiz Inácio Lula da Silva', 'Ministro', 'Governo', 'Supremo Tribunal Federal']"
790,Lula disse que o Brasil está sob ameaça real de invasão durante visita de Cyril Ramaphosa,Aos Fatos,https://www.aosfatos.org/noticias/lula-nao-disse-que-brasil-esta-sob-ameaca-real-de-invasao-estrangeira/,Não_É_Bem_Assim,2026-03-11 07:00:00,https://encrypted-tbn1.gstatic.com/images?q=tbn:ANd9GcQxopPfNVdri7zR8L2wUoaChY6JJ6FoQcV27QKDRxXytf-TE1rn,"['Luiz Inácio Lula da Silva', 'Brasil', 'Invasão', 'Cyril Ramaphosa', 'Real brasileiro']"
791,"Daniel Vorcaro surtou na prisão e ""entregou tudo"". O nome de Lula e do STF na boca do banqueiro",UOL Notícias,https://noticias.uol.com.br/confere/ultimas-noticias/2026/03/11/falso-surto-vorcaro-prisao.htm,Falso,2026-03-11 07:00:00,https://encrypted-tbn1.gstatic.com/images?q=tbn:ANd9GcSzFdwV_VyMsG_S2WuavWAvNMe8Cfrij7DgLEhgqKLB_qOAnmkj,"['Daniel Vorcaro', 'Luiz Inácio Lula da Silva', 'Supremo Tribunal Federal', 'Prisão', 'Banqueiro']"
792,"Lula divulga nota em apoio ao ditador e assassino do Irã, Ali Khamenei, líder supremo desde 1989",BOL - UOL,https://www.bol.uol.com.br/noticias/2026/03/10/e-falso-que-lula-divulgou-nota-em-apoio-a-ali-khamenei.htm,Falso,2026-03-10 07:00:00,https://encrypted-tbn1.gstatic.com/images?q=tbn:ANd9GcSzzaB5Fb3Dj_Mfggt_zhsP3Fs2vyGIMzxdMyMuG0V2YYaNBviY,"['Ali Khamenei', 'Luiz Inácio Lula da Silva', 'Líder supremo do Irã', 'Irã', 'Ditador']"
793,"Em vídeo, jornalista diz que Vorcaro surtou na cadeia e confessou ter feito pagamentos a Lula e ao STF",Aos Fatos,https://www.aosfatos.org/noticias/falso-vorcaro-confessou-ter-feito-pagamentos-lula-ministros-stf/,Falso,2026-03-10 07:00:00,https://encrypted-tbn0.gstatic.com/images?q=tbn:ANd9GcQJg7XSXNQPfFkCUBDy7xodvQQi95UAs7C4t6wqskd8a4McRCKb,"['Daniel Vorcaro', 'Luiz Inácio Lula da Silva', 'Supremo Tribunal Federal', 'Jornalismo', 'Vídeo', 'Videojornalista']"
794,Daniel Vorcaro surta na prisão e delata Lula e membros do STF,Estadão,https://www.estadao.com.br/estadao-verifica/daniel-vorcaro-surto-prisao-delacao-lula-stf-falso/,Falso,2026-03-09 07:00:00,https://encrypted-tbn3.gstatic.com/images?q=tbn:ANd9GcQbLfnrjopgn4Qwrkh9yeFFdukzxcncYYHfAjF6KGdt4Kg4JXDv,"['Daniel Vorcaro', 'Luiz Inácio Lula da Silva', 'Prisão', 'Supremo Tribunal Federal']"
795,Trump solicitou uso da base aérea de Anápolis a Lula em meio a conflito com Irã,Aos Fatos,https://www.aosfatos.org/noticias/falso-trump-solicitou-uso-base-aerea-brasileira-lula-conflito-ira/,Falso,2026-03-04 08:00:00,https://encrypted-tbn2.gstatic.com/images?q=tbn:ANd9GcRGPSn83tGb_81i5bP7HcDHaF990d2rUhlYRdBLXMNbtcUZbuiQ,"['Luiz Inácio Lula da Silva', 'Donald Trump', 'Irã', 'Conflito', 'Base aérea']"
796,"Fora, canalha! Lula tomou ovada do povo de Minas Gerais",UOL Notícias,https://noticias.uol.com.br/confere/ultimas-noticias/2026/03/02/falso-lula-ovada-visita-uba-mg-chuvas-ia.htm,Falso,2026-03-02 08:00:00,https://encrypted-tbn2.gstatic.com/images?q=tbn:ANd9GcS_tZju-_w98Y-ROV8rohyVqAU3zAripFI19vrLeXa_auxbkrX0,"['Luiz Inácio Lula da Silva', 'Minas Gerais']"
797,"""Lula ladrão, seu lugar é na prisão”: público reage a homenagem na sapucaí""",Observador,https://observador.pt/factchecks/fact-check-publico-gritou-lula-ladrao-seu-lugar-e-na-prisao-durante-desfile-de-carnaval-no-rio-de-janeiro/,Errado,nan,https://encrypted-tbn0.gstatic.com/images?q=tbn:ANd9GcSYvVxwAAwj_dSjt09CD06gn7eVncwGEGWBoX1QYaBo_zMnTFph,"['Luiz Inácio Lula da Silva', 'Prisão', 'Sambódromo Marquês de Sapucaí', 'Público', 'Homenagem']"
798,"LULINHA & VEJA LANÇADA ONTEM EM SP VAI QUEBRAR O PAU: O desespero do presidiário Lula, seus filhos que nunca trabalharam , Haddad, Guilherme Boulos, Marina, Ciro, Suplicy e diversos amigos do Lula estão desesperados com a verdade que veio à tona. Vai ser publicada na VEJA desse final de semana a RIQUEZA do LULINHA. Sócio majoritário dos Frigoríficos JBS (Friboi), SÓCIO majoritário da Telefonia OI, Proprietário de SEIS Fazendas que somadas dão um total de 1.400.000 hectares . Criador de mais de 500.000 cabeças de GADO no Estado do PARÁ. Sócio majoritário da cooperativa de Frigoríficos em Gurupi-TO . Cooperfrigu, este Frigorifico exporta cocaína para toda Europa .",UOL Notícias,https://noticias.uol.com.br/confere/ultimas-noticias/2026/02/27/falso-lulinha-dono-jbs-oi-fazendas-500-mil-bois.htm,Falso,2026-02-27 08:00:00,https://encrypted-tbn0.gstatic.com/images?q=tbn:ANd9GcS7Sr-p4zsl0w_oU0cY2QUpzThHBC1gpcNa35dQHZ8XPCZqpZrd,"['Fábio Luís Lula da Silva', 'Veja', 'Luiz Inácio Lula da Silva', 'Fernando Haddad', 'Guilherme Boulos', 'São Paulo', 'Tocantins']"
800,Lula foi substitúído por sósia em homenagem no Carnaval do Rio,Estadão,https://www.estadao.com.br/estadao-verifica/foto-lula-carnaval-rio-cinco-dedos-falso/,Falso,2026-02-27 08:00:00,https://encrypted-tbn3.gstatic.com/images?q=tbn:ANd9GcSizgXC-vFEsOgNapUFwRbnihJFnehzm13guiGyAQrhS1Muo4U-,"['Luiz Inácio Lula da Silva', 'Sósia', 'Carnaval', 'Carnaval do Rio de Janeiro', 'Rio de Janeiro', 'Homenagem']"
803,"Lula mandou retirar por medo das vaias, e não resolveu...",BOL - UOL,https://www.bol.uol.com.br/noticias/2026/02/25/falso-lula-mandou-retirar-publico-carnaval-vaias.htm,Falso,2026-02-25 08:00:00,https://encrypted-tbn2.gstatic.com/images?q=tbn:ANd9GcTRZB72rX5dbO60l-ihFEX754QdHIfHExYC1N67r0Ghav-hCxSi,"['Luiz Inácio Lula da Silva', 'Vaia', 'Medo']"
805,Vazam áudios de Lula com ordem para barrar investigação do Banco Master,Estadão,https://www.estadao.com.br/estadao-verifica/revista-oeste-audio-lula-banco-master-falso/,Falso,2026-02-25 08:00:00,https://encrypted-tbn3.gstatic.com/images?q=tbn:ANd9GcRm6FG3NFcXMr5KzhhoDMoBqh34TmBxSmSaQmyFgNeVHJ3qEEl2,"['Luiz Inácio Lula da Silva', 'Pesquisa', 'Banco Master', 'Banco']"
807,Fila de pessoas em busca de gás no governo Lula,AFP Checamos,https://checamos.afp.com/doc.afp.com.98TX3T4,Falso,2026-02-24 08:00:00,https://encrypted-tbn0.gstatic.com/images?q=tbn:ANd9GcR-CJxyDgekxdCVUhto8pprzGiZbZYzKPTw1XtZibZC2QB75fT2,"['Gás', 'Governo', 'Luiz Inácio Lula da Silva', 'FILA', 'Fila']"
808,Lula da silva interrompido por estar totalmente confuso e bêbedo em público,Observador,https://observador.pt/factchecks/fact-check-lula-da-silva-discursou-embriagado-no-panama-e-acabou-a-ser-interrompido/,Errado,nan,nan,"['Luiz Inácio Lula da Silva', 'Público']"
809,Lula manda evacuar arquibancada com medo de vaias,AFP Checamos,https://checamos.afp.com/doc.afp.com.98NP2T3,Falso,2026-02-23 08:00:00,https://encrypted-tbn3.gstatic.com/images?q=tbn:ANd9GcQh3FoauRCPHiPu-7zmNAVUR0XA7eVAqxCzsro1zRwh1NacOBBU,"['Luiz Inácio Lula da Silva', 'Vaia', 'Arquibancada', 'Medo']"
810,Campos Neto vai para os EUA e entrega à CIA dossiê com 3.847 páginas sobre corrupção de Lula e Moares,UOL Notícias,https://noticias.uol.com.br/confere/ultimas-noticias/2026/02/20/falso-campos-neto-fuga-eua-dossie-lula-moraes-cia.htm,Falso,2026-02-20 08:00:00,https://encrypted-tbn3.gstatic.com/images?q=tbn:ANd9GcQMRlJhRm68QojsVlE9mEvp1VRMcN0_TtlujofZ0GBesZ-JnbKZ,"['Roberto Campos Neto', 'Luiz Inácio Lula da Silva', 'Estados Unidos', 'Corrupção']"
811,Lula mandou esvaziar arquibancada por medo de ser vaiado no carnaval,Estadão,https://www.estadao.com.br/estadao-verifica/video-mostra-festa-de-carnaval-suspensa-apos-arquibancada-ceder-na-paraiba-nao-ha-relacao-com-lula/,Falso,2026-02-20 08:00:00,https://encrypted-tbn0.gstatic.com/images?q=tbn:ANd9GcRsvPcw3xB5m0vXYB90rp-X7_XWPm-39ZgRFxOv7oeNWlrXFHQj,"['Carnaval', 'Luiz Inácio Lula da Silva', 'Vaia', 'Medo']"
812,Campos Neto fugiu para os EUA e entregou à CIA dossiê com provas contra Lula e Moraes,Estadão,https://www.estadao.com.br/estadao-verifica/campos-neto-entregou-dossie-cia-contra-lula-moraes-falso-ia/,Falso,2026-02-20 08:00:00,https://encrypted-tbn3.gstatic.com/images?q=tbn:ANd9GcSHmeDIrtNJ0LK2wQpE2C2Ttxw1lz5xH9eHSgRTGmKA2JGu57Cc,"['Roberto Campos Neto', 'Luiz Inácio Lula da Silva', 'Alexandre de Moraes', 'Estados Unidos']"
813,Protesto de nordestinos contra Lula,AFP Checamos,https://checamos.afp.com/doc.afp.com.988A29E,Falso,2026-02-19 08:00:00,https://encrypted-tbn2.gstatic.com/images?q=tbn:ANd9GcRm2dGX8z0EPAnPE98AlTIxE8QjGF2LMBEBkXvmUQ0PjOQOtQTH,"['Luiz Inácio Lula da Silva', 'Protesto']"
815,"Público grita ‘Lula ladrão, seu lugar é na prisão’ na Sapucaí",Aos Fatos,https://www.aosfatos.org/noticias/video-que-mostra-vaias-a-lula-na-sapucai-usa-audio-manipulado/,Falso,2026-02-19 08:00:00,https://encrypted-tbn0.gstatic.com/images?q=tbn:ANd9GcS3H_thNCyXiVU2qGlv1O1ODSJspI0gHAeN950ooVZ6FCeIIK8q,"['Luiz Inácio Lula da Silva', 'Sambódromo Marquês de Sapucaí', 'Espectador', 'Prisão']"
817,Vídeo mostra Lula sendo vaiado na arquibancada da Sapucaí,Estadão,https://www.estadao.com.br/estadao-verifica/lula-vaiado-sapucai-falso-video-editado/,Falso,2026-02-19 08:00:00,https://encrypted-tbn1.gstatic.com/images?q=tbn:ANd9GcTgch3_qEINhP_LbYcRcszS_ywHSykZWXpJetdoloIZ4qwxL-UW,"['Sambódromo Marquês de Sapucaí', 'Luiz Inácio Lula da Silva', 'Vaia', 'Vídeo']"
818,"Ministro do Supremo Tribunal Federal (STF) Flávio Dino é visto pulando o carnaval ""fazendo o L"", em apoio a Lula",Estadão,https://www.estadao.com.br/estadao-verifica/flavio-dino-fazendo-o-l-carnaval-video-antigo-2023/,Falso,2026-02-19 08:00:00,https://encrypted-tbn3.gstatic.com/images?q=tbn:ANd9GcREcbhVs2VSCrnz0hZ5UOrI7gn3PRKbsGNSjtWuR0nD0-89FE7U,"['Flávio Dino', 'Carnaval', 'Ministro do Supremo Tribunal Federal do Brasil', 'Faz o L', 'Supremo Tribunal Federal', 'Luiz Inácio Lula da Silva', 'Visto']"
819,Arquibancada na Sapucaí canta Lula Ladrão seu lugar é na prisão,AFP Checamos,https://checamos.afp.com/doc.afp.com.989T8KE,Falso,2026-02-19 08:00:00,https://encrypted-tbn1.gstatic.com/images?q=tbn:ANd9GcSPD6Oq5Wnw2fFXcuhkLyndTrDTVaUJIh8p9Tg-IX0H5JF-htRu,"['Luiz Inácio Lula da Silva', 'Sambódromo Marquês de Sapucaí', 'Arquibancada', 'Prisão']"
820,Lula mandou retirar público de arquibancada no Carnaval por medo de vaias,Aos Fatos,https://www.aosfatos.org/noticias/posts-mentem-lula-mandou-retirar-publico-arquibancada-carnaval-medo-de-vaias/,Falso,2026-02-19 08:00:00,https://encrypted-tbn2.gstatic.com/images?q=tbn:ANd9GcRS3ZJnO6jScRxTJ09TRcaqq8PzAGdy7TR77PyZlc9KzwxRP6ZK,"['Luiz Inácio Lula da Silva', 'Vaia', 'Carnaval', 'Medo']"
821,Milton Friedman criou Bolsa Família e Lula e FHC sequestraram programa e fizeram com que 50% da população dependa do Estado para sobreviver,Estadão,https://www.estadao.com.br/estadao-verifica/50-da-populacao-depende-do-estado-para-sobreviver-enganoso/,Falso,2026-02-19 08:00:00,https://encrypted-tbn0.gstatic.com/images?q=tbn:ANd9GcQO0PXwqThhCuvSWyjRPMJGitGWPQZD3oOidB0eKCrajJILRibG,"['Bolsa Família', 'População', 'Milton Friedman', 'Luiz Inácio Lula da Silva', 'Fernando Henrique Cardoso']"
823,"Atenção: em meio à guerra, governo brasileiro pede que além dos jovens, todas as mulheres também possam se alistar voluntariamente no exército brasileiro",UOL Notícias,https://noticias.uol.com.br/confere/ultimas-noticias/2026/03/10/governo-nao-pediu-alistamento-por-causa-da-guerra-no-oriente-medio.htm,Falso,2026-03-10 07:00:00,https://encrypted-tbn1.gstatic.com/images?q=tbn:ANd9GcS46IJsmGW2SYxPJUmgqQIwbnsXM9YXriH8o_RQXJqf_MQ6Nv-X,"['Guerra', 'Governo', 'Brasil', 'Forças armadas', 'Mulher']"
824,Lula sanciona lei que regulamenta função de criador de conteúdo e categoria passa a pagar imposto,BOL - UOL,https://www.bol.uol.com.br/noticias/2026/02/12/lei-do-profissional-multimidia-nao-preve-que-influenciadores-paguem-imposto.htm,Falso,2026-02-12 08:00:00,https://encrypted-tbn3.gstatic.com/images?q=tbn:ANd9GcTtajSmTeIwj7ma3KjNYQRGApV0eglH6HiAZHxCXzatwY717qfT,"['Imposto', 'Lei', 'Sanção jurídica', 'Pagamento', 'Luiz Inácio Lula da Silva', 'Criador de conteúdo']"
825,CNN desmente e desmascara Lula sobre empregos,UOL Notícias,https://noticias.uol.com.br/confere/ultimas-noticias/2026/02/11/cnn-nao-desmentiu-lula-sobre-desemprego-posts-comparam-dados-diferentes.htm,Falso,2026-02-11 08:00:00,https://encrypted-tbn2.gstatic.com/images?q=tbn:ANd9GcSWJxg8rUjvtjNHlZ98yUlWRpWpLKQUIE4v0vH-5o6dHdmdjhRW,"['Luiz Inácio Lula da Silva', 'CNN Brasil', 'Emprego']"
826,Lula diz que se estão roubando celular no carnaval é só não levar o aparelho para os bloquinhos,BOL - UOL,https://www.bol.uol.com.br/noticias/2026/02/11/falso-lula-conselho-roubo-celular-carnaval.htm,Falso,2026-02-11 08:00:00,https://encrypted-tbn0.gstatic.com/images?q=tbn:ANd9GcTCXhwp5oIJUudMOxm76h2gob6umYbgj7AyUoIECS1x-hogPkD6,"['Luiz Inácio Lula da Silva', 'Roubo', 'Telefone celular']"
827,Alfaiate de Lula recebeu R$ 31 milhões para fazer terno,AFP Checamos,https://checamos.afp.com/doc.afp.com.972K9CQ,Falso,2026-02-11 08:00:00,https://encrypted-tbn1.gstatic.com/images?q=tbn:ANd9GcRzBuRUgTp7Tpvv4fa_m2vnLHKCO0F8H3Ei-cWJ1-5BBq9ExrNb,"['Luiz Inácio Lula da Silva', 'Alfaiate', 'Terno']"
828,CNN desmente fala de Lula sobre mercado de trabalho,AFP Checamos,https://checamos.afp.com/doc.afp.com.96X93G3,Falso,2026-02-10 08:00:00,https://encrypted-tbn3.gstatic.com/images?q=tbn:ANd9GcTlr9PII1DeOHVJ-mEwQNIFJAR4zOBvNopYg9FbAiShe85Y83u-,"['Luiz Inácio Lula da Silva', 'CNN', 'Trabalho', 'Mercado', 'Mercado de trabalho']"
829,Vídeo mostra protesto de nordestinos contra Lula,Aos Fatos,https://www.aosfatos.org/noticias/video-mostra-protesto-de-cariocas-contra-claudio-castro-nao-de-nordestinos-contra-lula/,Falso,2026-02-10 08:00:00,https://encrypted-tbn2.gstatic.com/images?q=tbn:ANd9GcTia01brKpmM2PNNFgu-UF5cMoH64KzbNxbM-R72eRNDgxQ752B,"['Protesto', 'Luiz Inácio Lula da Silva', 'Vídeo', 'Região Nordeste do Brasil']"
830,Lula diz que foliões não devem levar celular no Carnaval para evitar roubos,Aos Fatos,https://www.aosfatos.org/noticias/lula-nao-aconselhou-populacao-deixe-celular-casa-evitar-roubo-carnaval/,Falso,2026-02-09 08:00:00,https://encrypted-tbn1.gstatic.com/images?q=tbn:ANd9GcTRGCajlA75xpC62nQCqp7roc8tK0bQaatqNk75dIQTfQP1xAHY,"['Luiz Inácio Lula da Silva', 'Roubo', 'Telefone celular', 'Carnaval']"
831,Lula e Janja pagaram R$ 31 milhões em ternos a alfaiate envolvido em fraude do INSS,Estadão,https://www.estadao.com.br/estadao-verifica/lula-e-janja-pagaram-r-31-milhoes-em-ternos-alfaiate-fraude-inss/,Falso,2026-02-09 08:00:00,https://encrypted-tbn3.gstatic.com/images?q=tbn:ANd9GcSUVwJhrrHiuUM8dDXFKMw2H-bd9kkFRttT_HZHyx3P2caXORTj,"['Luiz Inácio Lula da Silva', 'Janja Lula da Silva', 'Instituto Nacional do Seguro Social', 'Alfaiate', 'Terno', 'INSS', 'Esquema de fraudes no INSS', 'Fraude']"
832,Donald Trump endureceu o tom contra o Brasil,Estadão,https://www.estadao.com.br/estadao-verifica/fora-de-contexto-donald-trump-endureceu-tom-brasil/,Parcialmente verdadeiro,nan,https://encrypted-tbn3.gstatic.com/images?q=tbn:ANd9GcQLjTUgFsbQNxrs3X5ZFP649XLVBQsLawaBoQYcSTmQKsQHiWkg,"['Donald Trump', 'Brasil']"
833,Técnicos do IBGE estão sendo demitidos porque se recusam a maquiar números do PIB para favorecer o governo Lula,Estadão,https://www.estadao.com.br/estadao-verifica/enganoso-servidores-ibge-demitidos-recusarem-maquiar-pib/,Falso,2026-02-06 08:00:00,https://encrypted-tbn0.gstatic.com/images?q=tbn:ANd9GcQTxh_4FDNPN3LE2w3ThnnrOApX2J4VIZYs0DYtH0JwGNA1z44G,"['Instituto Brasileiro de Geografia e Estatística', 'IBGE', 'Produto interno bruto', 'Luiz Inácio Lula da Silva', 'Maquilhagem', 'Número']"
834,"""Bomba! Vazou tudo. Nova delação de Maduro cita Lula e Moraes""",Observador,https://observador.pt/factchecks/fact-check-nicolas-maduro-denunciou-envolvimento-de-lula-da-silva-e-alexandre-de-moraes-em-esquema-de-narcotrafico/,Errado,2026-02-05 08:00:00,https://encrypted-tbn3.gstatic.com/images?q=tbn:ANd9GcSPoSTekUtgc_77fQoKLZVgRXrfRC2VlIfGvKU-4cRTmZlv5x96,"['Nicolás Maduro', 'Luiz Inácio Lula da Silva', 'Alexandre de Moraes', 'Delação premiada']"
835,Caso do cachorro Orelha Lula ficou bravo: eles vão PAGAR,AFP Checamos,https://checamos.afp.com/doc.afp.com.96C83ZQ,Falso,2026-02-05 08:00:00,https://encrypted-tbn2.gstatic.com/images?q=tbn:ANd9GcRSCE6M5KqDSrqnBjtZVoxsefSR_XR37EnZQMLlGXqDkpHwPS-2,"['Luiz Inácio Lula da Silva', 'Orelha', 'Cachorro', 'Pagamento']"
836,"""Inacreditável! Lula afirma que 'pobre não nasceu para estudar' e causa uma onda de indignação sem precedentes.""",Observador,https://observador.pt/factchecks/fact-check-lula-diz-que-pobre-nao-nasceu-para-estudar/,Enganador,2026-02-05 08:00:00,https://encrypted-tbn1.gstatic.com/images?q=tbn:ANd9GcRQ19CN0G8oWSnRGSvRHYkwLcywkcgCtqPBTMwftS8_r-FmEfdy,"['Luiz Inácio Lula da Silva', 'Pobreza']"
837,Lula claramente bêbado em discurso oficial é interrompido por não dizer nada com nada,BOL - UOL,https://www.bol.uol.com.br/noticias/2026/02/04/falso-lula-bebado-interrompido-panama.htm?t={seek_to_second_number},Falso,2026-02-04 08:00:00,https://encrypted-tbn0.gstatic.com/images?q=tbn:ANd9GcRGC6JOeyPt3Zlob77s26E0BD6q3YL_gHsxDCHzZEdP0cbzX_Y6,"['Luiz Inácio Lula da Silva', 'Discurso']"
838,Caso do cachorro Orelha Lula ficou bravo: eles vão PAGAR!,BOL - UOL,https://www.bol.uol.com.br/noticias/2026/02/04/falso-video-lula-morte-cao-orelha-punicao-severa.htm,Falso,2026-02-04 08:00:00,https://encrypted-tbn3.gstatic.com/images?q=tbn:ANd9GcTYdUOUTh30JPPULZaqex0O3m6g18I8Nvuo-vbJS9oTwE00Zlk9,"['Luiz Inácio Lula da Silva', 'Cachorro', 'Orelha', 'Pagamento']"
839,Decreto assinado por Lula determina que todos os beneficiários do Bolsa Família deverão passar por visita de assistente social,Aos Fatos,https://www.aosfatos.org/noticias/regra-condiciona-bolsa-familia-visita-domiciliar-vale-so-familias-compostas-uma-pessoa/,Não_É_Bem_Assim,2026-02-03 08:00:00,https://encrypted-tbn1.gstatic.com/images?q=tbn:ANd9GcS5RzA00yrtETCO_rAMNf3GVochTR228EPK-ZTo5-KUsf5CFWuq,"['Bolsa Família', 'Luiz Inácio Lula da Silva', 'Decreto', 'Serviço social']"
840,"Em vídeo, Lula se pronuncia sobre a morte do cão Orelha",Aos Fatos,https://www.aosfatos.org/noticias/video-lula-se-pronuncia-sobre-morte-cao-orelha-gerado-por-ia/,Falso,2026-02-03 08:00:00,https://encrypted-tbn2.gstatic.com/images?q=tbn:ANd9GcRAsDFX6me1Evlm-fzwKw5xOw1gVGXDMFP-4-oYvSJfV1Nf5uUp,"['Luiz Inácio Lula da Silva', 'Cachorro', 'Orelha', 'Vídeo', 'Morte', 'Pronúncia']"
841,"Fotos mostram a primeira-dama, Janja da Silva, grávida ao lado do presidente Lula",BOL - UOL,https://www.bol.uol.com.br/noticias/2026/02/02/e-ia-imagens-de-janja-gravida.htm,Falso,2026-02-02 08:00:00,https://encrypted-tbn1.gstatic.com/images?q=tbn:ANd9GcQEP6i1iQxf6sw4LRaxYc_n0MU38ViElrAebzx9JfCpfRbf2lsx,"['Janja Lula da Silva', 'Luiz Inácio Lula da Silva', 'Presidente', 'Gravidez', 'Primeira-Dama/Primeiro-Cavalheiro do Brasil']"
842,Homem diz para Lula que o maior orgulho que já sentiu dele foi quando o petista foi preso,Estadão,https://www.estadao.com.br/estadao-verifica/lula-orgulho-prisao-enganoso/,Falso,2026-01-27 08:00:00,https://encrypted-tbn0.gstatic.com/images?q=tbn:ANd9GcRlzMZyUKO8G-lwfsO9riNVYA2JcowiFBvlyi3LEFIfF7yE_yBd,"['Luiz Inácio Lula da Silva', 'Prisão', 'Orgulho', 'Homem']"
843,The New York Times divulgou delação em que Maduro incrimina Lula e Moraes,Aos Fatos,https://www.aosfatos.org/noticias/e-falso-new-york-times-divulgou-delacao-em-que-maduro-incrimina-lula-e-moraes/,Falso,2026-01-21 08:00:00,https://encrypted-tbn3.gstatic.com/images?q=tbn:ANd9GcTaZxQZH-Fprc6MBgWy4Q5S7gy72zcSXKH_nPFZkjzE5NuRneid,"['Nicolás Maduro', 'Delação premiada', 'Alexandre de Moraes', 'Luiz Inácio Lula da Silva', 'The New York Times']"
844,"Lula chamou Erika Hilton de ""ele""",Estadão,https://www.estadao.com.br/estadao-verifica/lula-nao-chamou-erika-hilton-de-ele/,Falso,2026-01-19 08:00:00,https://encrypted-tbn0.gstatic.com/images?q=tbn:ANd9GcT1W8p-bF8q_jZocdPUwqBhS3Bu9eomRWmNF4eyb0_vxPb1FhuW,"['Erika Hilton', 'Luiz Inácio Lula da Silva']"
845,"Lula afirmou que pobres não devem estudar, só trabalhar",Aos Fatos,https://www.aosfatos.org/noticias/lula-nao-defendeu-pobres-nao-devem-estudar-trabalhar/,Falso,2026-01-19 08:00:00,https://encrypted-tbn1.gstatic.com/images?q=tbn:ANd9GcQ1odpC5qHjst6kvFNSCbzmdyoqzPRAjZC0Wux39fHCXIV1Fp0U,"['Luiz Inácio Lula da Silva', 'Pobreza', 'Trabalho']"
846,"Lula defendeu que ""pobre não precisa estudar""",Estadão,https://www.estadao.com.br/estadao-verifica/fala-lula-pobre-nao-precisa-estudar-fora-de-contexto/,Falso,2026-01-19 08:00:00,https://encrypted-tbn2.gstatic.com/images?q=tbn:ANd9GcRGrfx3oMyHU4_GDM3SHIPBWciXtzzjFtgWTdSZ3Fq98-yM-9VZ,"['Luiz Inácio Lula da Silva', 'Pobreza']"
847,Trump proibiu Lula e Moraes de saírem do Brasil por meio do protocolo “Veredito Final”.,Aos Fatos,https://www.aosfatos.org/noticias/falso-trump-proibiu-lula-moraes-deixarem-brasil/,Falso,2026-01-16 08:00:00,https://encrypted-tbn2.gstatic.com/images?q=tbn:ANd9GcRai3h5Ho9yLFx0Mff6cyAFmvVtnUtyL5TZZt4ZcDrXUGSNWm8F,"['Alexandre de Moraes', 'Luiz Inácio Lula da Silva', 'Donald Trump', 'Brasil', 'Veredicto']"
848,Embaixadora venezuelana expulsa Lula da ONU,Estadão,https://www.estadao.com.br/estadao-verifica/e-falso-que-embaixadora-da-venezuela-na-onu-tenha-expulsado-lula-de-reuniao-sobre-prisao-de-maduro/,Falso,2026-01-13 08:00:00,https://encrypted-tbn1.gstatic.com/images?q=tbn:ANd9GcSIdKWKN6pxBrewlKenkbjnMV_Afo_8T0qt7HhCzQL8s6gLoxCJ,"['Venezuela', 'Luiz Inácio Lula da Silva', 'Organização das Nações Unidas', 'Embaixador']"
849,Nicolás Maduro denuncia Lula e o Foro de São Paulo em audiência nos EUA,Estadão,https://www.estadao.com.br/estadao-verifica/nicolas-maduro-denuncia-lula-foro-sao-paulo-audiencia-eua-falso/,Falso,2026-01-13 08:00:00,https://encrypted-tbn0.gstatic.com/images?q=tbn:ANd9GcS54xzuTIP7zvl5RUlbmrIKGcOPlVv6TYJcVyaQ7J7Y5RXhjjKq,"['Nicolás Maduro', 'Luiz Inácio Lula da Silva', 'Foro de São Paulo', 'Estados Unidos']"
850,Lula musculoso aos 80 anos,Estadão,https://www.estadao.com.br/estadao-verifica/lula-musculoso-praia-foto-manipulada/,Falso,2026-01-12 08:00:00,https://encrypted-tbn1.gstatic.com/images?q=tbn:ANd9GcTPosJ1OcV5THeC88OjgQEMQx_E2VOP6LpiOgM-z2a8uW5aBY4j,"['Luiz Inácio Lula da Silva', 'Ano', 'Década de 1980']"
851,"Lei Rouanet vai pagar R$ 5,1 milhões para desfile de escola de samba em homenagem a Lula",Aos Fatos,https://www.aosfatos.org/noticias/lei-rouanet-nao-vai-pagar-r-51-milhoes-para-desfile-em-homenagem-a-lula/,Falso,2025-12-30 08:00:00,https://encrypted-tbn0.gstatic.com/images?q=tbn:ANd9GcS9ViowtedY8_8G3w2RQBlomORiNWt9PbFW-jZtm3PI7Er4bWYB,"['Lei Rouanet', 'Luiz Inácio Lula da Silva', 'Escola de samba', 'Homenagem', 'Samba', 'Desfile', 'Escola']"
853,Lula promete que não vai enganar o povo mais uma vez,Estadão,https://www.estadao.com.br/estadao-verifica/lula-enganar-o-povo-reeleito-fora-de-contexto/,Falso,2025-12-18 08:00:00,https://encrypted-tbn2.gstatic.com/images?q=tbn:ANd9GcQChataIoqlMuTvYEog0wheif6DaEPZwJoJSPhW3_WDE2VFncX8,"['Luiz Inácio Lula da Silva', 'O Povo']"
854,Lula diz que Brasil não pode permitir presidiário se elegendo,Estadão,https://www.estadao.com.br/estadao-verifica/falso-lula-chamou-bolsonaro-presidiario/,Falso,2025-12-18 08:00:00,https://encrypted-tbn2.gstatic.com/images?q=tbn:ANd9GcQvodFCcISZAWQC4YDI3VClFy6FNbJ9iVW0J5gxRfnLgqVt0JYM,"['Luiz Inácio Lula da Silva', 'Brasil']"
855,Governo Lula anunciou fim do Bolsa Família,Aos Fatos,https://www.aosfatos.org/noticias/governo-lula-nao-anunciou-fim-bolsa-familia/,Falso,2025-12-15 08:00:00,https://encrypted-tbn2.gstatic.com/images?q=tbn:ANd9GcShxD7Qxpa6lma-2udlqEGE_Wu23TWtaxggZMX6xwYkZ1mXxIpb,"['Bolsa Família', 'Luiz Inácio Lula da Silva', 'Governo Lula']"
856,Lula pede em áudio providências contra Flávio Bolsonaro,Aos Fatos,https://www.aosfatos.org/noticias/lula-nao-gravou-audio-pede-medidas-contra-candidatura-flavio-bolsonaro-2026/,Falso,2025-12-12 08:00:00,https://encrypted-tbn3.gstatic.com/images?q=tbn:ANd9GcRe3fsrv2O3oM4sSRRL5k9kOr0RZOcOqrW2MKDAYWWzMKQ1IRSU,"['Flávio Bolsonaro', 'Luiz Inácio Lula da Silva']"
857,Lula defende sacrificar pobres para conter crise causada pelo PT,AFP Checamos,https://checamos.afp.com/doc.afp.com.87TK7ZR,Falso,2025-12-11 08:00:00,https://encrypted-tbn3.gstatic.com/images?q=tbn:ANd9GcTKMDUTFdCsFQkGBisKgwflwoNMIjK-Bm1ANyTtYOWH2oAwNBtI,"['Luiz Inácio Lula da Silva', 'Partido dos Trabalhadores', 'Pobreza', 'Partido dos Trabalhadores']"
858,"Greve dos caminhoneiros ninguém passa, tudo caro e Lula tem que sair",UOL Notícias,https://noticias.uol.com.br/confere/ultimas-noticias/2025/12/08/falso-video-jornal-hoje-greve-caminhoneiros-dezembro.htm,Falso,2025-12-08 08:00:00,https://encrypted-tbn3.gstatic.com/images?q=tbn:ANd9GcQRXPN9w-et0ZmyDe7pA8Q5HHzLTN0zw0Du4GU6STgfQ_iL7P2y,"['Greve', 'Caminhoneiro', 'Greve dos caminhoneiros no Brasil em 2018', 'Luiz Inácio Lula da Silva']"
859,"Lula fala da situação econômica em 2025, em vídeo vazado",Estadão,https://www.estadao.com.br/estadao-verifica/lula-estados-quebrados-2016/,Falso,2025-12-04 08:00:00,https://encrypted-tbn2.gstatic.com/images?q=tbn:ANd9GcRCPZWFBiFxq4zHgUYX-AP59-hVc7bWBP0Ks0g1lYBu-oWTJTmA,"['Luiz Inácio Lula da Silva', 'Vídeo', 'Economia', '2025']"
860,"Em áudio, Lula parabeniza Moraes pela prisão de Bolsonaro",Aos Fatos,https://www.aosfatos.org/noticias/e-falso-audio-em-que-lula-parabeniza-moraes-pela-prisao-de-bolsonaro/,Falso,2025-12-02 08:00:00,https://encrypted-tbn1.gstatic.com/images?q=tbn:ANd9GcTHGW1yVN6eCTwwL-dF0TKTnKBifV7C94Dwso5FgDJyTJ1UXaAP,"['Luiz Inácio Lula da Silva', 'Alexandre de Moraes', 'Jair Bolsonaro', 'Prisão de Jair Bolsonaro']"
861,"Lula ladrão, seu lugar é na prisão, na inauguração de ponte construída por Bolsonaro",Estadão,https://www.estadao.com.br/estadao-verifica/lula-ladrao-ponte-tocantins-para-bolsonaro/,Falso,2025-11-24 08:00:00,https://encrypted-tbn1.gstatic.com/images?q=tbn:ANd9GcQKKQfNMnv02NBbrqKaoiwA03uHAoxja1zSDEZmtXuIXBTcpp37,"['Luiz Inácio Lula da Silva', 'Jair Bolsonaro', 'Inauguração', 'Prisão']"
862,STF descobriu que Lula foi o mandante da fraude no INSS,Aos Fatos,https://www.aosfatos.org/noticias/e-falso-que-lula-foi-apontado-como-mandante-do-esquema-de-descontos-ilegais-do-inss/,Falso,2025-11-18 08:00:00,https://encrypted-tbn2.gstatic.com/images?q=tbn:ANd9GcRaoG-Vn-D-9m0UoEqotKupaxbJpoj0Pw3USAxcIfBkJw3jGGzR,"['Luiz Inácio Lula da Silva', 'Instituto Nacional do Seguro Social', 'INSS', 'Supremo Tribunal Federal', 'Esquema de fraudes no INSS', 'Fraude']"
863,Lula chama Cláudio Castro de 'picareta' após operação no Rio,Estadão,https://www.estadao.com.br/estadao-verifica/lula-claudio-castro-picareta-witzel-operacao-rio-de-janeiro/,Falso,2025-11-06 08:00:00,https://encrypted-tbn0.gstatic.com/images?q=tbn:ANd9GcQkD3y5t_g6k9jREGXyRo3YzRSbug3wejWe6JkJ1u0s1c3pUd-y,"['Cláudio Castro', 'Luiz Inácio Lula da Silva', 'Rio de Janeiro']"
864,Lula chama Cláudio Castro de ‘picareta’ após operação no Rio,Aos Fatos,https://www.aosfatos.org/noticias/lula-chamou-witzel-e-nao-claudio-castro-de-picareta/,Falso,2025-11-03 08:00:00,https://encrypted-tbn0.gstatic.com/images?q=tbn:ANd9GcTKQC0_bbeYQotKgdLQm0HuqlLenedpo_yPFTXlSoeTuwaxUTsG,"['Cláudio Castro', 'Luiz Inácio Lula da Silva', 'Rio de Janeiro']"
865,Lula e Trump chegam a acordo para fim do tarifaço sobre produtos brasileiros,Aos Fatos,https://www.aosfatos.org/noticias/nao-e-verdade-que-lula-e-trump-chegaram-a-acordo-para-remover-tarifas/,Falso,2025-09-26 07:00:00,https://encrypted-tbn2.gstatic.com/images?q=tbn:ANd9GcSBkeCUY3CzzIvmy7uG0xZf1SCepVc3N8KOmswlNGLx3pVCMHT4,"['Luiz Inácio Lula da Silva', 'Donald Trump', 'Brasil', 'Pará']"
866,"Ivete Sangalo elogia Lula por ""peitar o império""",Projeto Comprova,https://projetocomprova.com.br/publica%C3%A7%C3%B5es/video-em-que-ivete-sangalo-elogia-lula-foi-criado-com-inteligencia-artificial/,Falso,2025-09-19 07:00:00,https://encrypted-tbn1.gstatic.com/images?q=tbn:ANd9GcRe7fphpDBVEFqHM_MOLdLGPnSYIFZ-zTNgGMiYl-FE9OTkH0Sb,"['Ivete Sangalo', 'Luiz Inácio Lula da Silva']"
867,Trump negou visto de Lula para ir a Assembleia da ONU,Aos Fatos,https://www.aosfatos.org/noticias/trump-nao-negou-visto-para-lula-ir-a-assembleia-geral-da-onu/,Falso,2025-09-18 07:00:00,https://encrypted-tbn3.gstatic.com/images?q=tbn:ANd9GcTQof5WQVoGCbBKC3YXFkBuTn1vV852JgLFwxOrlSPHji9k54rk,"['Luiz Inácio Lula da Silva', 'Donald Trump', 'Visto', 'Organização das Nações Unidas', 'Assembleia', 'Imposto de renda']"
868,Frases preconceituosas do presidente Lula,Estadão,https://www.estadao.com.br/estadao-verifica/frases-lula-preconceituoso-fora-de-contexto/,Falso,2025-09-09 07:00:00,https://encrypted-tbn1.gstatic.com/images?q=tbn:ANd9GcRAmxGsjv8yIQM9Pcniwim8LYebX3eeVQMgvOr2JVaZDKDIMlhL,"['Luiz Inácio Lula da Silva', 'Presidente']"
869,"Presidente dos Estados Unidos, Donald Trump, diz que o Supremo Tribunal Federal (STF) deu um golpe de estado no Brasil junto com o presidente Luiz Inácio Lula da Silva e com a cúpula das Forças Armadas.",Estadão,https://www.estadao.com.br/estadao-verifica/falso-trump-acusado-stf-lula-golpe-estado-brasil/,Falso,2025-09-03 07:00:00,https://encrypted-tbn1.gstatic.com/images?q=tbn:ANd9GcRAyUrhUByy4s09fdjdJztDguAxg68BN4BVuCnEr8mrHIScFBhr,"['Luiz Inácio Lula da Silva', 'Donald Trump', 'Supremo Tribunal Federal', 'Presidente dos Estados Unidos', 'Presidente', 'Brasil', 'Estados Unidos']"
870,Trump exibiu foto de Lula afirmando que ele está proibido de entrar nos EUA,Aos Fatos,https://www.aosfatos.org/noticias/trump-nao-proibiu-a-entrada-de-lula-nos-eua/,Falso,2025-08-27 07:00:00,https://encrypted-tbn2.gstatic.com/images?q=tbn:ANd9GcTEhATFuY0-8B5x_aX1cyxH3D9xujaFOgWbWKsuMaJp4WhK5LU6,"['Luiz Inácio Lula da Silva', 'Donald Trump', 'Estados Unidos', 'Fotografia']"
871,Lula e sua família sofreram sanções dos EUA e tiveram investimentos bloqueados,Aos Fatos,https://www.aosfatos.org/noticias/trump-nao-bloqueou-bens-e-contas-bancarias-de-lula-nos-eua/,Falso,2025-08-27 07:00:00,https://encrypted-tbn3.gstatic.com/images?q=tbn:ANd9GcQu5rHX8OIhe1TNuPqmnvBygrfkw-2GT9tEl4CxE3GvuJNDNXK5,"['Luiz Inácio Lula da Silva', 'Bloqueio', 'Estados Unidos', 'Investimento', 'Sanção jurídica']"
872,Lula anunciou que dará asilo político a Maduro,Aos Fatos,https://www.aosfatos.org/noticias/e-falso-que-lula-anunciou-asilo-politico-a-maduro-e-disse-que-o-protegera-a-qualquer-custo/,Falso,2025-08-22 07:00:00,https://encrypted-tbn2.gstatic.com/images?q=tbn:ANd9GcQthcSg6TxKtFoy_ivpsnVQPbs4tccUIXxT_mTX-rFxSShpBgyp,"['Luiz Inácio Lula da Silva', 'Nicolás Maduro', 'Político']"
873,Público não compareceu ao desfile de Sete de Setembro em Brasília,Estadão,https://www.estadao.com.br/estadao-verifica/lula-7-setembro-sozinho/,Falso,2025-09-09 07:00:00,https://encrypted-tbn3.gstatic.com/images?q=tbn:ANd9GcT14NbJhMcVMr5CO-lfZJsVnbpwXHIi6DVMcygBh5TpyaW5cfVC,"['Dia da Independência do Brasil', 'Desfile', 'Brasília']"
874,Vídeo mostra multidão gritando ‘sem anistia’ no desfile do 7 de Setembro deste ano,Aos Fatos,https://www.aosfatos.org/noticias/video-mostra-posse-de-lula-em-2023-nao-ato-contra-anistia-no-7-de-setembro/,Falso,2025-09-09 07:00:00,https://encrypted-tbn0.gstatic.com/images?q=tbn:ANd9GcQKSLztu18X4unnzbQYOsLT76ttEX_SG2duEHsR79KDiZmh4H7V,"['Setembro', 'Anistia', 'Ano', 'Vídeo', 'Desfile', 'Dia da Independência do Brasil']"
875,Lula está com desaprovação de 88%,Estadão,https://www.estadao.com.br/estadao-verifica/lula-desaprovado-por-88/,Falso,2025-08-14 07:00:00,https://encrypted-tbn1.gstatic.com/images?q=tbn:ANd9GcQkwHKJFW32UUBf_o5T7FoOA9x3o_Bq6xmtCZfPAnyxK9lA7zjT,['Luiz Inácio Lula da Silva']
876,Lula assume que quer implantar o socialismo e a CNN corta na hora,UOL Notícias,https://noticias.uol.com.br/confere/ultimas-noticias/2025/08/12/lula-nao-disse-que-quer-implementar-o-socialismo-no-brasil.htm,Falso,2025-08-12 07:00:00,https://encrypted-tbn1.gstatic.com/images?q=tbn:ANd9GcQkfll1xXqEgE4y6ss9XjnHqdSXOeC0ncZoT-bQArgwkbSiC0c2,"['Luiz Inácio Lula da Silva', 'Socialismo', 'CNN Brasil', 'Hora']"
877,"O presidente brasileiro Lula da Silva foi hospitalizado hoje após se sentir mal. Isso ocorre em meio de medidas tensas e crescentes dos EUA contra membros do regime, envolvendo censura, perseguição da oposição e comércio.",Observador,https://observador.pt/factchecks/fact-check-presidente-lula-da-silva-foi-hospitalizado-numa-altura-de-elevada-tensao-com-os-eua/,Enganador,2025-07-29 07:00:00,https://encrypted-tbn1.gstatic.com/images?q=tbn:ANd9GcRQ19CN0G8oWSnRGSvRHYkwLcywkcgCtqPBTMwftS8_r-FmEfdy,"['Luiz Inácio Lula da Silva', 'Presidente', 'Estados Unidos', 'Brasil', 'Comércio', 'Oposição']"
878,Lula disse que planeja estender o atual mandato presidencial,Aos Fatos,https://www.aosfatos.org/noticias/lula-nao-disse-planeja-estender-atual-mandato-presidencial/,Falso,2025-07-23 07:00:00,https://encrypted-tbn1.gstatic.com/images?q=tbn:ANd9GcSJ-XMLMONk0gyX6QbEvf0iFL2bvFYtNKOeDa8vQ-AtA64nx24x,"['Luiz Inácio Lula da Silva', 'Presidente', 'Mandato']"
879,Lula disse que não haverá eleições em 2026,Estadão,https://www.estadao.com.br/estadao-verifica/lula-chile-nao-tera-eleicoes-2026/,Falso,2025-07-23 07:00:00,https://encrypted-tbn0.gstatic.com/images?q=tbn:ANd9GcQubBjoNjgFrOQjwEm29ljl5YEpUfVYFJB6uZIV2Sf_y_rDrlLp,"['Luiz Inácio Lula da Silva', 'Eleição']"
880,Donald Trump ameaça prender Lula por envio de urânio ao Irã,Estadão,https://www.estadao.com.br/estadao-verifica/trump-ameacou-prender-lula-ira-uranio/,Falso,2025-07-21 07:00:00,https://encrypted-tbn0.gstatic.com/images?q=tbn:ANd9GcRvprS0B6Q7Kv4-t_M2ExjkgBpDrak7Im97Et2s8XdWOcCtZ9V9,"['Donald Trump', 'Luiz Inácio Lula da Silva', 'Irã', 'Urânio']"
881,Lula pede retratação ao Vaticano por críticas feitas pelo papa Leão 14 em homilia,Aos Fatos,https://www.aosfatos.org/noticias/lula-nao-pediu-retratacao-ao-vaticano-por-criticas-feitas-pelo-papa-leao-14/,Falso,2025-07-17 07:00:00,https://encrypted-tbn2.gstatic.com/images?q=tbn:ANd9GcSsPbaMGLAe7mRc0jdl6Nk8m2GfCQhqc-mS3Z76pXK5HP4dStCy,"['Papa Leão XIV', 'Papa', 'Luiz Inácio Lula da Silva', 'Vaticano', 'Homilia']"
882,Lula se irrita e se recusa a falar com morador de favela em SP,Aos Fatos,https://www.aosfatos.org/noticias/lula-nao-se-recusou-a-falar-com-morador-de-comunidade-em-sp/,Falso,2025-07-07 07:00:00,https://encrypted-tbn2.gstatic.com/images?q=tbn:ANd9GcRidxpHks4jsauV2BY5H7y3d8MNh8zWVlPn7m9jIZiPUdeQUeZQ,"['Luiz Inácio Lula da Silva', 'São Paulo', 'Favela']"
883,Lula morreu e foi substituído por um sósia,Estadão,https://www.estadao.com.br/estadao-verifica/lula-mudanca-drastica-rosto-falso/,Falso,2025-06-30 07:00:00,https://encrypted-tbn2.gstatic.com/images?q=tbn:ANd9GcRoCi-pRNcGxwPwycTMuvwvd2cYBkWMQMmgHqC2rr9En5bd-45p,"['Luiz Inácio Lula da Silva', 'Sósia', 'Morte']"
884,Vergonha no G7: Lula aparece embriagado e constrange delegação brasileira.,Observador,https://observador.pt/factchecks/fact-check-lula-da-silva-embriagou-se-na-cimeira-do-g7/,Errado,2025-06-25 07:00:00,https://encrypted-tbn3.gstatic.com/images?q=tbn:ANd9GcSPoSTekUtgc_77fQoKLZVgRXrfRC2VlIfGvKU-4cRTmZlv5x96,"['Luiz Inácio Lula da Silva', 'G7', 'Brasil']"
885,Lula declarou apoio ao Irã no G7,Estadão,https://www.estadao.com.br/estadao-verifica/lula-apoio-ira-cupula-g7/,Falso,2025-06-24 07:00:00,https://encrypted-tbn1.gstatic.com/images?q=tbn:ANd9GcTSVTMzPo0mTfsyPykP0uC_171ql57zUdpzG-Hb-G1EWNQ09l5Q,"['Luiz Inácio Lula da Silva', 'Irã', 'G7']"
886,Lula abraçou líderes mundiais e levou tombo na Cúpula do G7,Aos Fatos,https://www.aosfatos.org/noticias/video-lula-aparece-embriagado-durante-reuniao-do-g7-foi-gerado-por-ia/,Falso,2025-06-18 07:00:00,https://encrypted-tbn0.gstatic.com/images?q=tbn:ANd9GcTsMRE2P3qGFF1tWTBoWABPNoeXD1oFtDWzG_wJ3zCOe2EuJjSl,"['Luiz Inácio Lula da Silva', 'G7']"
887,Lula vai emprestar 5 bilhões para o Caribe,Estadão,https://www.estadao.com.br/estadao-verifica/enganoso-lula-emprestimo-15-bilhoes-caribe/,Falso,2025-06-18 07:00:00,https://encrypted-tbn0.gstatic.com/images?q=tbn:ANd9GcRrSDZKIR4qrWg8APAZhJ7meE5z83OQNyAPP11rLeaVcvbtGbNr,"['Luiz Inácio Lula da Silva', 'Caribe']"
888,Donald Trump disse que Lula é um 'escândalo ambulante',Estadão,https://www.estadao.com.br/estadao-verifica/trump-disse-que-lula-e-escandalo-ambulante-falso/,Falso,2025-06-17 07:00:00,https://encrypted-tbn1.gstatic.com/images?q=tbn:ANd9GcSV61bm6IkbL0iW6eNuLxRxIyWdtvf2BjhwSJQlBvjzd2oQIZeV,"['Luiz Inácio Lula da Silva', 'Donald Trump', 'Escândalo', 'Camelô']"
889,Lula é proibido por segurança de se aproximar de rei árabe que cumprimentou Donald Trump,Aos Fatos,https://www.aosfatos.org/noticias/video-nao-mostra-lula-sendo-expulso-de-evento-por-seguranca-de-rei-arabe/,Falso,2025-06-11 07:00:00,https://encrypted-tbn1.gstatic.com/images?q=tbn:ANd9GcRUaxNGXBufJ2FNAZoaqqgHYsmjUUBEtabG_ttjbKDxZw1kDgzS,"['Luiz Inácio Lula da Silva', 'Donald Trump']"
890,Foto exclusiva mostra governo Lula preparando reação militar caso Trump cancele os vistos de Ministros do STF,Estadão,https://www.estadao.com.br/estadao-verifica/lula-prepara-reacao-militar-contra-trump-ministros-stf-falso/,Falso,2025-06-09 07:00:00,https://encrypted-tbn2.gstatic.com/images?q=tbn:ANd9GcQv-sSYeDUhdy3e8o6SAb3j6DxzuGkidCIaxIdLkWjJmJbAKjEE,"['Luiz Inácio Lula da Silva', 'Ministro', 'Donald Trump', 'Supremo Tribunal Federal', 'Militar', 'Fotografia', 'Governo', 'Visto']"
891,Donald Trump criticou Lula e o chamou de ‘escândalo ambulante’,Aos Fatos,https://www.aosfatos.org/noticias/video-em-que-trump-chama-lula-de-escandalo-ambulante-foi-manipulado-por-ia/,Falso,2025-06-05 07:00:00,https://encrypted-tbn1.gstatic.com/images?q=tbn:ANd9GcTvSdlh9gxFomkUL8LOSBVWCrjfKittWBdQVptw5Pi8lQ3DUdXd,"['Donald Trump', 'Luiz Inácio Lula da Silva', 'Escândalo']"
892,Ibrahim Traoré fez discurso ameaçando e criticando Lula,Aos Fatos,https://www.aosfatos.org/noticias/video-em-que-presidente-de-burkina-fasso-ameaca-lula-foi-dublado-por-ia/,Falso,2025-05-21 07:00:00,https://encrypted-tbn1.gstatic.com/images?q=tbn:ANd9GcRAjfojcP0DLAqCQW9hEC84cByzDlJksai61AnGF7EEpyov9hXu,"['Luiz Inácio Lula da Silva', 'Ibrahim Traoré', 'Discurso']"
894,Grupo de assessores do PT ganhou prêmio de R$ 120 milhões na Mega da Virada de 2025,Estadão,https://www.estadao.com.br/estadao-verifica/assessores-pt-mega-sena-120-milhoes-2019-enganoso/,Falso,2026-01-07 08:00:00,https://encrypted-tbn2.gstatic.com/images?q=tbn:ANd9GcRZoXmZ1089EHlPxKy5EqD9TD1eSPiP4Rg6Dljeil0nNBMqBr5n,"['Mega-Sena', 'Partido dos Trabalhadores', 'Partido dos Trabalhadores', '2025']"
895,Grupo de assessores do PT ganhou R$ 120 milhões na Mega da Virada 2025,Aos Fatos,https://www.aosfatos.org/noticias/grupo-de-assessores-do-pt-nao-ganhou-premio-de-r-120-milhoes-na-ultima-mega-da-virada/,Falso,2026-01-02 08:00:00,https://encrypted-tbn2.gstatic.com/images?q=tbn:ANd9GcQqFgAhY1XPkAgLC5pO26NQXa_jrTZpajJ74HUhm4ci55T2fPpD,"['Mega-Sena', 'Partido dos Trabalhadores', 'Partido dos Trabalhadores', '2025']"
896,"O mesmo país que supostamente elegeu Lula escolheu prefeitos do PT em apenas 46 cidades, enquanto o PL de Bolsonaro elegeu 508 prefeitos",Estadão,https://www.estadao.com.br/estadao-verifica/pt-46-pl-508-prefeitos-eleitos-falso/,Falso,2024-10-08 07:00:00,https://encrypted-tbn3.gstatic.com/images?q=tbn:ANd9GcSqTcqY2EIt-FzyPF9zMnuvNP-S5luG46SZGD-Ot8y31MEV0ebf,"['Partido dos Trabalhadores', 'Partido dos Trabalhadores', 'Prefeito', 'Partido Liberal', 'Jair Bolsonaro', 'Luiz Inácio Lula da Silva', 'Cidade']"
897,PT comprou filiados com R$ 100 na quadra da Unidos da Vila Kennedy,Estadão,https://www.estadao.com.br/estadao-verifica/video-escola-de-samba-eleicoes-internas-compra-de-filiados-enganoso/,Falso,2025-07-24 07:00:00,https://encrypted-tbn1.gstatic.com/images?q=tbn:ANd9GcT2KRxIC6Nn7JkLv5PKkY8tXvUCYIs6lWOZNIpOC0ssRYxod5sb,"['Partido dos Trabalhadores', 'Partido dos Trabalhadores', 'Filiação', 'Unidos da Vila Kennedy', 'Vila Kennedy']"
898,Polícia Federal apreendeu malas de dinheiro em sede do PT na Bahia,Aos Fatos,https://www.aosfatos.org/noticias/pf-malas-dinheiro-vorcaro-pt/,Falso,2026-05-29 07:00:00,https://encrypted-tbn1.gstatic.com/images?q=tbn:ANd9GcRLhG99GL9p9vJlMNjd-eMkZaTGqZQn7QsifHhr9iLy4mixg9GA,"['Departamento de Polícia Federal', 'Polícia Federal', 'Partido dos Trabalhadores', 'Partido dos Trabalhadores', 'Dinheiro', 'Mala', 'Bahia', 'Polícia']"
899,PT tem plano de dominação comunista,UOL Notícias,https://noticias.uol.com.br/confere/ultimas-noticias/2022/10/17/mensagem-falsa-no-whatsapp-diz-que-pt-tem-plano-de-dominacao-comunista.htm,Falso,2022-10-17 07:00:00,https://encrypted-tbn2.gstatic.com/images?q=tbn:ANd9GcTyK2FRZCmK8N7ipo0W6xFEItNgwgG2e9tzwEbzdIyhnE-bEpZO,"['Partido dos Trabalhadores', 'Partido dos Trabalhadores', 'Comunismo']"
900,Assessores do PT ganharam R$ 120 milhões na Mega-Sena da virada de 2026,UOL Notícias,https://noticias.uol.com.br/confere/ultimas-noticias/2026/01/05/assessores-do-pt-ganharam-r-120-milhoes-na-mega-sena-em-2019.htm,Falso,2026-01-05 08:00:00,https://encrypted-tbn0.gstatic.com/images?q=tbn:ANd9GcQpP2SjQm_kr9B2BBQ4nKJPNGcAWiH6uj5eWsY7XYi4GkU_adxE,['Mega-Sena']
901,Mapas mostram onde esquerda venceu em eleições municipais desde 2004,Estadão,https://www.estadao.com.br/estadao-verifica/mapas-esquerda-eleicoes-municipais/,Falso,2024-11-04 08:00:00,https://encrypted-tbn0.gstatic.com/images?q=tbn:ANd9GcTYh7epsLgf_j3KB9DwHPx0VVcXqVqT3_JfvK0zD8dBWAb49D1X,"['Eleição', 'Esquerda', 'Eleições municipais no Brasil', 'Mapa', '2004']"
902,"José Augusto, líder do PT e MST no Rio Grande do Sul, fala em invadir terras e fazendas",Estadão,https://www.estadao.com.br/estadao-verifica/lider-pt-mst-rs-jose-augusto-invasao-terras-falso/,Falso,2024-10-23 07:00:00,https://encrypted-tbn1.gstatic.com/images?q=tbn:ANd9GcTMO93aJdW5ilMjbWlAuNUXwN9MB1pMGfqVX0ZjdGiEugBIH-sY,"['Movimento dos Trabalhadores Rurais sem Terra', 'Partido dos Trabalhadores', 'Liderança', 'Partido dos Trabalhadores', 'Rio Grande', 'Região Sul do Brasil']"
903,Ex-presidente Lula diz que PT é uma organização criminosa,Aos Fatos,https://www.aosfatos.org/noticias/lula-nao-disse-que-pt-e-organizacao-criminosa-video-traz-falas-editadas-e-fora-de-contexto/,Falso,2021-08-24 07:00:00,https://encrypted-tbn0.gstatic.com/images?q=tbn:ANd9GcTpWwEocnnkkG_uhPqrBcsPlIQdKUStQS15Xj0UliokCLankQXa,"['Luiz Inácio Lula da Silva', 'Partido dos Trabalhadores', 'Partido dos Trabalhadores', 'Crime organizado', 'Presidente', 'Organização', 'Criminoso']"
904,PT elegeu apenas 46 prefeitos na eleição municipal de 2024,Aos Fatos,https://www.aosfatos.org/noticias/pt-elegeu-248-prefeitos-nao-46/,Falso,2024-10-07 07:00:00,https://encrypted-tbn1.gstatic.com/images?q=tbn:ANd9GcQcalsqhjxXoFbqicTl_a-S_TL1L74T2Zb4BUbcMbf-AVwJVoZS,"['Eleição', 'Partido dos Trabalhadores', 'Partido dos Trabalhadores', 'Prefeito', 'Eleições municipais no Brasil em 2024', '2024', 'Eleição municipal']"
906,Lula afirma que está proibido criticar o presidente,Aos Fatos,https://www.aosfatos.org/noticias/falso-lula-pt-proibido-fazer-criticas/,Falso,2023-07-03 07:00:00,https://encrypted-tbn2.gstatic.com/images?q=tbn:ANd9GcRXLIYgmti4rjq_hBhgttwld_MXW5OemMkmj26eKozT5nCxNGr5,"['Luiz Inácio Lula da Silva', 'Presidente', 'Crítica']"
907,"A pedido do PT, STF decide que quem não quitar dúvidas não poderá mais dirigir e nem sair do país",Estadão,https://www.estadao.com.br/estadao-verifica/pt-pediu-cancelamento-cnh-passaporte-endividados/,Falso,2023-02-22 08:00:00,https://encrypted-tbn1.gstatic.com/images?q=tbn:ANd9GcQknHzJB8SQtHY_wFyL8ox-MwDfdH0bOAi0EJyw9BFq-qRjlvWi,"['Partido dos Trabalhadores', 'Supremo Tribunal Federal', 'Partido dos Trabalhadores']"
908,PT votou contra Auxílio Brasil,Aos Fatos,https://www.aosfatos.org/noticias/falso-pt-votou-contra-auxilio-brasil-congresso/,Falso,2022-10-21 07:00:00,https://encrypted-tbn3.gstatic.com/images?q=tbn:ANd9GcSQhpmnC8d_9RxgtYbdw2FCW-i_lEZVMB2RNLYp55i2LQrfCRIm,"['Auxílio Brasil', 'Partido dos Trabalhadores', 'Partido dos Trabalhadores']"
909,TSE admite que PT tem ligação com PCC,Aos Fatos,https://www.aosfatos.org/noticias/e-falso-que-tse-admitiu-ligacao-entre-pt-e-pcc/,Falso,2022-08-23 07:00:00,https://encrypted-tbn0.gstatic.com/images?q=tbn:ANd9GcSswiQZPsmDeQ9yTYcHBtOAw2TyAbnitJkP9k5lbfaf1QilgfcE,"['Primeiro Comando da Capital', 'Partido dos Trabalhadores', 'Partido dos Trabalhadores', 'Tribunal Superior Eleitoral']"
911,Empresa contratada pelo TSE para apuração dos votos tem ligação com o PT,Aos Fatos,https://www.aosfatos.org/noticias/e-falso-que-empresa-contratada-pelo-tse-tem-ligacao-com-o-pt/,Falso,2018-10-27 07:00:00,https://encrypted-tbn0.gstatic.com/images?q=tbn:ANd9GcRZraIaLkkh3d1guYUHSdArqKbXCDKubrnxSsfgtaMnfJQ9Tq0L,"['Partido dos Trabalhadores', 'Tribunal Superior Eleitoral', 'Partido dos Trabalhadores', 'Votação', 'Empresa']"
912,PT ofereceu R$ 50 bilhões para o TSE tornar integrantes do PL inelegíveis,Projeto Comprova,https://projetocomprova.com.br/publica%C3%A7%C3%B5es/video-engana-ao-informar-que-pt-ofereceu-r-50-bilhoes-para-tse-tornar-inelegiveis-integrantes-do-pl/,Falso,2023-08-25 07:00:00,https://encrypted-tbn3.gstatic.com/images?q=tbn:ANd9GcSiRcMuVnsCW5bQlLiaKnCJXsSGanfW212W7Ek_UvJap283ceql,"['Tribunal Superior Eleitoral', 'Partido dos Trabalhadores', 'Partido dos Trabalhadores', 'Partido Liberal']"
913,Plano de governo petista prevê nova Constituição e descriminalização das drogas,Aos Fatos,https://www.aosfatos.org/noticias/pt-nao-propos-em-2022-criar-assembleia-constituinte-e-descriminalizar-drogas/,Falso,2022-10-11 07:00:00,https://encrypted-tbn3.gstatic.com/images?q=tbn:ANd9GcS08DeBlKuGHx8dbskefSDX35Th4FJFtExfAUce_wgXt-c1IIpC,"['programa de governo', 'Constituição', 'Governo', 'Droga', 'Descriminalização']"
914,Vídeo mostra manifestação do PT a favor do aumento do IOF,Aos Fatos,https://www.aosfatos.org/noticias/video-mostra-torcida-de-time-marroquino-nao-protesto-do-pt-a-favor-do-aumento-do-iof/,Falso,2025-07-09 07:00:00,https://encrypted-tbn2.gstatic.com/images?q=tbn:ANd9GcQhd4A8qtoOcV_fOvwIFqFYHcpIrvdeN9Ex8bnAnMgO_y67cRF2,"['Imposto sobre Operações Financeiras', 'Manifestação', 'Vídeo']"
915,"O PT assinou a constituição de 88? O pessoal faz uma ronda agora sobre carta à democracia para tentar atingir a mim, mas a bancada toda do PT não assinou essa carta à democracia em 88",UOL Notícias,https://noticias.uol.com.br/confere/ultimas-noticias/2022/08/11/pt-assinou-constituicao-de-1988-ao-contrario-do-que-diz-bolsonaro.htm,Falso,2022-08-11 07:00:00,https://encrypted-tbn1.gstatic.com/images?q=tbn:ANd9GcSTXbkPwzBzBGNkDQTyl__Vj5Dw3aXfOfqoLow2cRCTwBWKFmxO,"['Partido dos Trabalhadores', 'Constituição', 'Partido dos Trabalhadores', 'Democracia', 'Carta']"
916,PT entrou com ação no TSE para cassar os mandatos de todos os deputados do PL,Aos Fatos,https://www.aosfatos.org/noticias/falso-pt-pediu-cassacao-deputados-pl/,Falso,2023-06-01 07:00:00,https://encrypted-tbn2.gstatic.com/images?q=tbn:ANd9GcSdJyvkb-jOOaSz5kJxE8JXVws-N2MqPbD-lxaGLwtYh9DvRbud,"['Partido dos Trabalhadores', 'Cassação de direitos políticos', 'Deputado', 'Partido dos Trabalhadores', 'Tribunal Superior Eleitoral', 'Partido Liberal', 'Mandato']"
917,El Pollo Carvajal tem provas de financiamento ilegal do governo da Venezuela ao PT,Estadão,https://www.estadao.com.br/estadao-verifica/carvajal-pollo-lula-pt-eua-venezuela-maduro-enganoso/,Falso,2023-07-26 07:00:00,https://encrypted-tbn3.gstatic.com/images?q=tbn:ANd9GcRsid6DksU6cLuFVnhh7aenZ3xGU9QK_Q9YpMswsDEWcKseKlOx,"['Hugo Carvajal', 'Venezuela', 'Partido dos Trabalhadores', 'Partido dos Trabalhadores', 'Prova', 'Financiamento']"
918,TSE admite que o PCC tem sim uma ligação com o PT de Lula,Projeto Comprova,https://projetocomprova.com.br/publica%C3%A7%C3%B5es/tse-nao-admitiu-ligacao-entre-pt-e-pcc-diferentemente-do-que-sugere-video/,Falso,2022-08-26 07:00:00,nan,"['Partido dos Trabalhadores', 'Primeiro Comando da Capital', 'Partido dos Trabalhadores', 'Tribunal Superior Eleitoral', 'Luiz Inácio Lula da Silva']"
919,O presidente Figueiredo disse em 1980 que o PT faria tudo para institucionalizar o comunismo,AFP Checamos,https://checamos.afp.com/doc.afp.com.9PJ33H,Sem Registro,2021-10-11 07:00:00,https://encrypted-tbn1.gstatic.com/images?q=tbn:ANd9GcTaQYhF5TXA9Ywz2pb8h_HrZ2SgXohiqGAJa1944F4Qv_6ID-o8,"['João Figueiredo', 'Partido dos Trabalhadores', 'Comunismo', 'Partido dos Trabalhadores', 'Presidente', 'Institucionalização']"
920,"CONFISCO DE BENS E DO SEU DINHEIRO, A MORADIA SOCIAL E A POUPANÇA FRATERNA, QUE PREVEEM COMPARTILHAR SUA RENDA E POUPANÇA E BENS PATRIMONIAIS, DURANTE 7 ANOS… OLHA A MERDA !!!",Aos Fatos,https://www.aosfatos.org/noticias/plano-de-governo-petista-nao-quer-confiscar-seus-bens-ou-entregar-quartos-de-sua-casa-para-desconhecidos/,Falso,2018-10-09 07:00:00,nan,"['Confiscação', 'Casa', 'Bem', 'Dinheiro', 'Poupança', 'Renda', 'Habitação social']"
921,Governo do PT vai acabar com o Bolsa Família,Estadão,https://www.estadao.com.br/estadao-verifica/video-distorce-reportagem-antiga-para-dizer-que-governo-do-pt-vai-acabar-com-bolsa-familia/,Falso,2023-05-05 07:00:00,https://encrypted-tbn0.gstatic.com/images?q=tbn:ANd9GcR2IwwCxrbHC_ZrBuw27bBQW5efPlIYWnSUCihH3gB8P2XQMHtN,"['Bolsa Família', 'Partido dos Trabalhadores', 'Partido dos Trabalhadores', 'Governo']"
922,Governo Federal dá prejuízo de R$ 16 bilhões nos mineiros,Estadão,https://www.estadao.com.br/estadao-verifica/governo-federal-16-bilhoes-mineiros/,Falso,2023-09-22 07:00:00,https://encrypted-tbn2.gstatic.com/images?q=tbn:ANd9GcQqprpSrAnwlpaatiz9q1TTlf3fggcwCq7BSVo32LoZGJrfRu8Y,"['Governo', 'Prejuízo']"
923,No ESTATUTO DO PT tem rachadinha como OBRIGAÇÃO PARA O FILIADO AO PARTIDO,AFP Checamos,https://checamos.afp.com/doc.afp.com.9E88ZH,Falso,2021-07-07 07:00:00,https://encrypted-tbn1.gstatic.com/images?q=tbn:ANd9GcRc27S9TtcED8OqoTg7egHkPzkzJ_v-Tn9cjtOPEhKpMa8Nq5gM,"['Desvio de salário de assessor', 'Partido dos Trabalhadores', 'Partido dos Trabalhadores', 'Partido político', 'Filiação', 'Estatuto']"
924,Coronel admite que PT mandou abrir Esplanada no dia 8 de janeiro,Estadão,https://www.estadao.com.br/estadao-verifica/coronel-nao-disse-que-pt-mandou-reabrir-esplanada-no-dia-8-de-janeiro/,Falso,2023-06-15 07:00:00,https://encrypted-tbn2.gstatic.com/images?q=tbn:ANd9GcQLloVmJrmPIOiDKHB2hviVad8zqX3kXOYkUxxRJjBQhFvfSKzX,"['Partido dos Trabalhadores', 'Partido dos Trabalhadores', 'Janeiro', 'Coronel', 'Dia', 'Ataques de 8 de janeiro em Brasília']"
925,Matéria do G1 diz que PT estabeleceu cronograma para recolhimento de armas de fogo registradas,Aos Fatos,https://www.aosfatos.org/noticias/g1-pt-cronograma-recolher-armas/,Falso,2022-02-23 08:00:00,https://encrypted-tbn0.gstatic.com/images?q=tbn:ANd9GcT5elh0qg5qau-RqFLLr5mol2k_OqIFktLMdSvGHnhWNiEGjBKF,"['Arma de fogo', 'Arma', 'Partido dos Trabalhadores', 'g1', 'Partido dos Trabalhadores', 'Fogo', 'Matéria', 'Armas de fogo registradas']"
926,Capa da Veja mostra Joaquim Barbosa pedindo para que a população não vote no PT.,Aos Fatos,https://www.aosfatos.org/noticias/e-falsa-capa-da-veja-em-que-joaquim-barbosa-pede-para-nao-votarem-no-pt/,Falso,2018-10-28 07:00:00,nan,"['Joaquim Barbosa', 'Partido dos Trabalhadores', 'Partido dos Trabalhadores', 'Veja', 'Votação']"
927,PT está pedindo para fechar Jovem Pan,Aos Fatos,https://www.aosfatos.org/noticias/falso-pt-pediu-para-fechar-jovem-pan/,Falso,2022-10-20 07:00:00,https://encrypted-tbn3.gstatic.com/images?q=tbn:ANd9GcTUjATHBehRJmPd0mgUDBGD5dhTJp4mcpmAjOc9NhvmMM_WkjHU,"['Partido dos Trabalhadores', 'Partido dos Trabalhadores', 'Jovem Pan']"
928,O PT propôs a diminuição da idade para estupro de vulnerável no Código Civil,Aos Fatos,https://www.aosfatos.org/noticias/falso-pt-propos-diminuir-idade-estupro-de-vulneravel/,Falso,2022-10-21 07:00:00,https://encrypted-tbn0.gstatic.com/images?q=tbn:ANd9GcSNxmPti4IBKQXpDzEEg1sIxh8JyYHdMu0X89LyDSLiT_y4geXp,"['Estupro de vulnerável', 'Estupro', 'Partido dos Trabalhadores', 'Partido dos Trabalhadores', 'Direito civil', 'Código civil']"
929,PT vai criar Movimento dos Sem Empresas e expropriar empresas,Projeto Comprova,https://projetocomprova.com.br/publica%C3%A7%C3%B5es/e-falso-que-pt-tenha-projeto-de-expropriar-empresas-privadas/,Falso,2022-11-28 08:00:00,https://encrypted-tbn2.gstatic.com/images?q=tbn:ANd9GcT_Ls2z-XiKjtEREdW1Ugbqf7Vud7OW2VQmhBgOnEn9Wi5Px7F5,"['Partido dos Trabalhadores', 'Partido dos Trabalhadores', 'Empresa']"
930,CNN admite derrota do PT,AFP Checamos,https://checamos.afp.com/doc.afp.com.32K98EL,Falso,2022-09-27 07:00:00,https://encrypted-tbn0.gstatic.com/images?q=tbn:ANd9GcT2D6P8Y54Y11sUdLOi6t6sjsnHEPsN9U55jR7mNtVbV8NGwsGw,"['Partido dos Trabalhadores', 'CNN Brasil', 'Partido dos Trabalhadores']"
931,"PT defende estatização da Canção Nova, TV Aparecida e outras emissoras religiosas",Aos Fatos,https://www.aosfatos.org/noticias/pt-nao-defende-estatizar-radios-e-emissoras-de-tv-religiosas/,Falso,2018-08-29 07:00:00,https://encrypted-tbn2.gstatic.com/images?q=tbn:ANd9GcTEgxC-YHOrRYxzqtw2hilhdKQ-5wJYyJkXcM_FIBWIBT5J_6zF,"['Religião', 'Nacionalização', 'TV Aparecida']"
932,Lula diz que PT defende fascismo e nazismo em vídeo entregue por Palocci,Aos Fatos,https://www.aosfatos.org/noticias/lula-nao-defendeu-fascismo-nem-nazismo-em-evento-do-pt-video-foi-editado/,Falso,2020-08-31 07:00:00,nan,"['Luiz Inácio Lula da Silva', 'Partido dos Trabalhadores', 'Partido dos Trabalhadores', 'Nazismo', 'Antonio Palocci', 'Fascismo', 'Vídeo']"
933,Lula em entrevista ao El País fala sobre mulheres no PT e economia,UOL Notícias,https://noticias.uol.com.br/confere/ultimas-noticias/2021/11/23/lula-infla-dados-de-candidaturas-femininas-pelo-pt-e-erra-sobre-economia.htm,Falso,2021-11-23 08:00:00,https://encrypted-tbn1.gstatic.com/images?q=tbn:ANd9GcScr5OrXzGl5Q2lSXtoDCbFJrhNXcxWQuqv6hLoGvTh4nOlv9FH,"['Luiz Inácio Lula da Silva', 'Partido dos Trabalhadores', 'Partido dos Trabalhadores', 'Economia', 'Entrevista', 'Mulher', 'El País', 'Fala']"
934,PT deve defender nazismo e racismo,Projeto Comprova,https://projetocomprova.com.br/publica%C3%A7%C3%B5es/e-falso-que-lula-defendeu-o-nazismo-e-o-fascismo-em-evento-do-pt-em-2017-como-afirma-video/,Parcialmente verdadeiro,2022-09-16 07:00:00,nan,"['Partido dos Trabalhadores', 'Partido dos Trabalhadores', 'Nazismo', 'Racismo']"
935,[O Brasil foi o último] a dar voto para mulher.,Aos Fatos,https://www.aosfatos.org/noticias/lula-flow-podcast-checamos/,Falso,2022-10-18 07:00:00,https://encrypted-tbn3.gstatic.com/images?q=tbn:ANd9GcRBvQhUGbnHpvO-qbaZWGl-SGsfIdM91rMiPe0bcXUNA3HEox8S,"['Brasil', 'Votação', 'Mulher']"
936,"O PT entrou com uma liminar, pedindo a anulação do Projeto do Bolsonaro com Israel para acabar com a seca do Nordeste, “a seca no Nordeste é cultural, quase um patrimônio, e não deve ser destruída”, disse Gleisi Hoffmann.",Aos Fatos,https://www.aosfatos.org/noticias/e-falso-que-pt-pediu-liminar-para-barrar-projeto-de-dessalinizacao-de-bolsonaro/,Falso,2018-12-31 08:00:00,nan,"['Jair Bolsonaro', 'Partido dos Trabalhadores', 'Partido dos Trabalhadores', 'Gleisi Hoffmann', 'Israel', 'Região Nordeste do Brasil', 'Liminar']"
937,Adélio Bispo de Oliveira é o nome do petista que tentou matar Jair Bolsonaro hoje em Juiz de Fora. Ele é filiado ao Partido dos Trabalhadores.,Aos Fatos,https://www.aosfatos.org/noticias/autor-de-ataque-jair-bolsonaro-nao-e-filiado-ao-pt/,Falso,2018-09-06 07:00:00,nan,"['Jair Bolsonaro', 'Adélio Bispo', 'Partido dos Trabalhadores', 'Partido dos Trabalhadores', 'Partido político', 'Filiação', 'Juiz de Fora']"
938,"Diferente de outros políticos, Lula não enriqueceu.",Aos Fatos,https://www.aosfatos.org/noticias/pt-e-psdb-travam-batalha-de-dados-errados-na-tv/,Verdadeiro,2017-10-16 07:00:00,https://encrypted-tbn3.gstatic.com/images?q=tbn:ANd9GcQSWUjO7Q7ybQfZfTnLZXFOzHPVNvT-w4agMks-hAhhYkArn8lg,"['Política', 'Luiz Inácio Lula da Silva']"
939,"Durante os 13 anos de PT, dobrou-se os gastos com a educação e a qualidade de ensino diminuiu",Aos Fatos,https://www.aosfatos.org/noticias/bolsonaro-erra-ao-citar-gastos-do-pt-na-educacao-e-exagera-juros-e-divida-sob-fhc/,Falso,2018-11-07 08:00:00,nan,"['Partido dos Trabalhadores', 'Gasto', 'Educação', 'Partido dos Trabalhadores', 'Ensino', 'Ano']"
940,"O Haddad já disse isso (...) no mesmo minuto da posse, ele assina o indulto de Lula e no momento seguinte o nomeia Chefe da Casa Civil.",Aos Fatos,https://www.aosfatos.org/noticias/em-video-gravado-no-hospital-bolsonaro-ataca-pt-com-informacoes-erradas/,Falso,2018-09-18 07:00:00,https://encrypted-tbn1.gstatic.com/images?q=tbn:ANd9GcRDB-CbuZ-Be-1y5uvz3oxi1hsUac6SomGDoIybZEsczRSkf8JZ,"['Fernando Haddad', 'Luiz Inácio Lula da Silva', 'Indulto', 'Casa Civil']"
941,Qual teria sido o acordo selado entre OEA e PT que não foi selado com a campanha de Jair Bolsonaro?,Aos Fatos,https://www.aosfatos.org/noticias/oea-nao-realizou-reuniao-secreta-com-pt-nao-e-comandada-por-venezuelanos-e-nem-fiscalizara-eleicoes/,Falso,2018-10-27 07:00:00,nan,"['Organização dos Estados Americanos', 'Partido dos Trabalhadores', 'Jair Bolsonaro', 'Partido dos Trabalhadores', 'Campanha presidencial de Jair Bolsonaro em 2018']"
942,Polícia Civil identificou que drone usado em ataque em MG é de empresa contratada pelo PT,Aos Fatos,https://www.aosfatos.org/noticias/policia-civil-nao-disse-que-pt-contratou-drone/,Falso,2022-06-23 07:00:00,https://encrypted-tbn1.gstatic.com/images?q=tbn:ANd9GcT79Tx3nrAdZwRZY6VWKVsrVlopvqSK3WIzZRb-txn8t0kIVDeD,"['Partido dos Trabalhadores', 'Partido dos Trabalhadores', 'Polícias civis do Brasil', 'Polícia', 'Drone', 'Civil', 'Minas Gerais']"
943,PT entra com uma ação para derrubar o decreto de Bolsonaro que permite que o pobre tenha acesso a um décimo terceiro salário no programa Bolsa Família.,Aos Fatos,https://www.aosfatos.org/noticias/pt-nao-entrou-com-acao-judicial-para-barrar-13-do-bolsa-familia/,Falso,2019-04-12 07:00:00,nan,"['Bolsa Família', 'Partido dos Trabalhadores', 'Partido dos Trabalhadores', 'Jair Bolsonaro', 'Ação', 'Decreto', 'Salário', 'Décimo terceiro salário', 'Pobreza']"
944,Alexandre de Moraes foi indicado ao STF pelo PT,UOL Notícias,https://noticias.uol.com.br/confere/ultimas-noticias/2022/11/09/moraes-indicado-stf-pt-falso.htm,Falso,2022-11-09 08:00:00,https://encrypted-tbn1.gstatic.com/images?q=tbn:ANd9GcTXTYhU7HU8YoyonmF77smHnqr8rBHvoTvbFQBHG2ddbqXX6DoZ,"['Alexandre de Moraes', 'Partido dos Trabalhadores', 'Supremo Tribunal Federal', 'Partido dos Trabalhadores']"
945,Vaza áudio em que Aldo Rebelo critica PT e Temer por causa dos combustíveis,Aos Fatos,https://www.aosfatos.org/noticias/nao-e-de-aldo-rebelo-audio-que-responsabiliza-governos-do-pt-por-alta-nos-combustiveis/,Falso,2022-06-06 07:00:00,https://encrypted-tbn2.gstatic.com/images?q=tbn:ANd9GcTEMepiU5ETXKJuubj1NuY_I552luMcglH2VDVP3Mq-fmbsd4du,"['Aldo Rebelo', 'Partido dos Trabalhadores', 'Partido dos Trabalhadores', 'Michel Temer', 'Combustível']"
946,"Prestem muita atenção! Esse é Frei Betto, irmão de Lula. Veja o que ele disse.",Aos Fatos,https://www.aosfatos.org/noticias/homem-que-critica-lula-no-roda-viva-e-chico-de-oliveira-nao-frei-betto/,Falso,2019-05-06 07:00:00,https://encrypted-tbn2.gstatic.com/images?q=tbn:ANd9GcQNuqBYsTZmFuR1cxnTOYmz8h8ZuL4wSlLzMYWgN3B3fUl9zG0w,"['Luiz Inácio Lula da Silva', 'Veja', 'Frei Betto']"
947,Roger Waters envolvido em esquema de corrupção do PT,Aos Fatos,https://www.aosfatos.org/noticias/roger-waters-nao-esta-envolvido-em-esquema-de-corrupcao-do-pt/,Falso,2018-10-22 07:00:00,https://encrypted-tbn0.gstatic.com/images?q=tbn:ANd9GcTSrtjbxk39Jp1_VykTmFNxkGOmnKblzXNaXnvMOWR1qtpbst1S,"['Roger Waters', 'Corrupção']"
948,Adélio confessa que lideranças do PT ordenaram ataque a Bolsonaro,Projeto Comprova,https://projetocomprova.com.br/publica%C3%A7%C3%B5es/e-falso-que-adelio-bispo-tenha-incriminado-o-pt-ou-prestado-novo-depoimento-sobre-facada-em-bolsonaro/,Falso,2024-02-06 08:00:00,nan,"['Adélio Bispo', 'Jair Bolsonaro', 'Partido dos Trabalhadores', 'Partido dos Trabalhadores', 'Liderança']"
949,OLHA O QUE O PT ESTÁ COLOCANDO NAS CRECHES MEU DEUS DO CÉU,Aos Fatos,https://www.aosfatos.org/noticias/mamadeiras-eroticas-nao-foram-distribuidas-em-creches-pelo-pt/,Falso,2018-09-28 07:00:00,https://encrypted-tbn3.gstatic.com/images?q=tbn:ANd9GcRr2tJs_YNwzR8rSVG1MSVUUAM9u4iFJg72JfS3WFTINF9qKIrT,"['Partido dos Trabalhadores', 'Partido dos Trabalhadores', 'Creche', 'Deus']"
950,Adélio disse em novo depoimento que a facada foi a mando do PT,Aos Fatos,https://www.aosfatos.org/noticias/falso-adelio-bispo-depoimento-pf-pt-atentado-bolsonaro/,Falso,2023-05-02 07:00:00,https://encrypted-tbn0.gstatic.com/images?q=tbn:ANd9GcQBZXGhk8CTny1tcsjilKY1daQzA69sZkDoXWPUiK1OkpF2Fy_Q,"['Adélio Bispo', 'Partido dos Trabalhadores', 'Partido dos Trabalhadores', 'Perfuração por arma branca']"
951,Militar preso da FAB. O militar detido por drogas é filiado ao PT. Pronto! Resolvido o mistério.,Aos Fatos,https://www.aosfatos.org/noticias/militar-preso-por-transportar-cocaina-em-aviao-da-fab-nao-e-filiado-ao-pt/,Falso,2019-06-27 07:00:00,nan,"['Força Aérea Brasileira', 'Prisão', 'Partido dos Trabalhadores', 'Forças armadas', 'Droga', 'Partido dos Trabalhadores', 'Filiação']"
952,"Funcionários do PT ganharam Mega da Virada de 2025 com prêmio acumulado de R$ 1,09 bilhão",UOL Notícias,https://noticias.uol.com.br/confere/ultimas-noticias/2026/01/07/assessores-do-pt-nao-ganharam-mega-da-virada-de-r-1-bi-noticia-e-de-2024.htm,Falso,2026-01-07 08:00:00,https://encrypted-tbn2.gstatic.com/images?q=tbn:ANd9GcTjUiSlv-eE27AR0nkX54t5T0RdUamW0s8a_1MIpdonoUk91D3A,"['Mega-Sena', 'Partido dos Trabalhadores', 'Partido dos Trabalhadores', '2025', 'Um bilhão']"
953,"Venezuela ""começou a dedurar"" após a prisão de Nicolás Maduro e Lula foi citado",Estadão,https://www.estadao.com.br/estadao-verifica/venezuela-comecou-a-dedurar-prisao-nicolas-maduro-hugo-carvajal-enganoso/,Falso,2026-01-09 08:00:00,https://encrypted-tbn0.gstatic.com/images?q=tbn:ANd9GcQDl9F8OwQl2bKphO4GZkVbRaJSTdFMCHJ2mJH58RBAb1OZSpyD,"['Venezuela', 'Nicolás Maduro', 'Luiz Inácio Lula da Silva', 'Prisão']"
954,Mulher reclama de preços de alimentos e mostra realidade para Lula,Estadão,https://www.estadao.com.br/estadao-verifica/mulher-reclama-precos-alimentos-lula-2022/,Falso,2024-04-29 07:00:00,https://encrypted-tbn0.gstatic.com/images?q=tbn:ANd9GcSxMgTXoEE5pAra4L2cfstAh7v9S-JYKlSASv-EqRWj85H0wNY-,"['Luiz Inácio Lula da Silva', 'Alimento', 'Mulher', 'Preço', 'Realidade']"
955,Deputado do PT afirma que governo não tem dinheiro para manter o básico,Aos Fatos,https://www.aosfatos.org/noticias/lindbergh-nao-disse-governo-esta-sem-dinheiro/,Falso,2024-07-11 07:00:00,https://encrypted-tbn1.gstatic.com/images?q=tbn:ANd9GcSHVG4ohdTy0TU_1iOKD2V-FB2V1S2QC6GRqRHxWsNoewUjhjro,"['Partido dos Trabalhadores', 'Partido dos Trabalhadores', 'Deputado', 'Governo', 'Dinheiro']"
956,Fábio Júnior critica roubalheira do PT,Estadão,https://www.estadao.com.br/estadao-verifica/fabio-junior-critica-pt-globo/,Parcialmente verdadeiro,2024-02-14 08:00:00,https://encrypted-tbn3.gstatic.com/images?q=tbn:ANd9GcSjagGdQnmONIZ65sakoIQbcmKIxe6U7MhGcL3OMj1-u8UZ_KQd,"['Fábio Jr.', 'Partido dos Trabalhadores', 'Partido dos Trabalhadores']"
957,Quebramos! Deputado do PT diz que o governo está sem dinheiro para manter o básico!,UOL Notícias,https://noticias.uol.com.br/confere/ultimas-noticias/2024/07/16/deputado-do-pt-nao-diz-em-entrevista-que-pais-esta-quebrado.htm,Falso,2024-07-16 07:00:00,https://encrypted-tbn2.gstatic.com/images?q=tbn:ANd9GcQq6JldG13Ohlp-tOJp6ws3xchjMkUrsKSeLEMwdq_iiDNBM5uw,"['Partido dos Trabalhadores', 'Deputado', 'Partido dos Trabalhadores', 'Governo', 'Dinheiro']"
958,PT só venceu a disputa para prefeitura em 46 municípios,UOL Notícias,https://noticias.uol.com.br/comprova/ultimas-noticias/2024/10/11/pt-conquistou-248-prefeituras-em-2024-e-nao-46-como-alega-post.htm,Falso,2024-10-11 07:00:00,https://encrypted-tbn2.gstatic.com/images?q=tbn:ANd9GcSc85o6HG6zNg-gq--dPveg1UlQ85z_jagsQUSOYdNy4w2ZiHxz,"['Partido dos Trabalhadores', 'Partido dos Trabalhadores', 'Prefeito no Brasil', 'Municípios do Brasil']"
959,PT está reinaugurando obras de Bolsonaro,Projeto Comprova,https://projetocomprova.com.br/publica%C3%A7%C3%B5es/e-falso-que-pt-ou-governadora-de-pe-reinauguraram-obra-de-bolsonaro-ligada-a-transposicao-do-sao-francisco/,Falso,2023-12-21 08:00:00,nan,"['Jair Bolsonaro', 'Partido dos Trabalhadores', 'Partido dos Trabalhadores']"
960,Candidato a prefeito em Olinda casou de véu e buquê,Aos Fatos,https://www.aosfatos.org/noticias/falso-candidato-pt-olinda-casamento/,Falso,2024-10-16 07:00:00,https://encrypted-tbn0.gstatic.com/images?q=tbn:ANd9GcQn7ezCX17cEiR0btUIRzBSMx5UXqkfSgLMM9vQKZwxGGlBY9YJ,"['Candidato', 'Casamento', 'Prefeito', 'Olinda', 'Véu', 'Buquê de noiva']"
961,"Lula e outros integrantes do PT tiraram foto com o ex-líder do Hamas, Khalid Meshal",Estadão,https://www.estadao.com.br/estadao-verifica/homem-ao-lado-de-lula-em-foto-nao-e-ex-lider-do-hamas/,Falso,2023-10-19 07:00:00,https://encrypted-tbn1.gstatic.com/images?q=tbn:ANd9GcRXXDkYggykjcXwCD_BOXzwqiUFqNlofOazr0dwGUqa-5DP6UuJ,"['Luiz Inácio Lula da Silva', 'Hamas', 'Partido dos Trabalhadores', 'Fotografia', 'Khalid Meshal', 'Partido dos Trabalhadores']"
962,PT pagou R$ 50 bilhões para tornar inelegíveis integrantes do PL,UOL Notícias,https://noticias.uol.com.br/comprova/ultimas-noticias/2023/08/25/e-enganoso-post-que-diz-que-pt-pagou-tse-para-tornar-politicos-inelegiveis.htm,Falso,2023-08-25 07:00:00,https://encrypted-tbn0.gstatic.com/images?q=tbn:ANd9GcTSP--F32kxRAqHTk7Sy3zjIqI_LJ-1WK-3ApAetGfmwMS7RY65,"['Partido dos Trabalhadores', 'Partido dos Trabalhadores', 'Partido Liberal', 'Um bilhão']"
963,"Lula falou que quem vota nele e no PT é ""desprovido de inteligência""",UOL Notícias,https://noticias.uol.com.br/confere/ultimas-noticias/2023/12/12/lula-nao-falou-que-eleitores-do-pt-sao-desprovidos-de-inteligencia.htm,Falso,2023-12-12 08:00:00,https://encrypted-tbn2.gstatic.com/images?q=tbn:ANd9GcTJPqefxqCwHH3og_9dQyNJnLeb5HCqMJ5ixjVzys5hf5emq7ku,"['Luiz Inácio Lula da Silva', 'Partido dos Trabalhadores', 'Partido dos Trabalhadores', 'Votação', 'Inteligência']"
964,Comando Vermelho e PT apoiam abertamente reeleição de Eduardo Paes,AFP Checamos,https://checamos.afp.com/doc.afp.com.36E74BH,Falso,2024-08-14 07:00:00,https://encrypted-tbn3.gstatic.com/images?q=tbn:ANd9GcTJ4jwxaCqGRK4vYalKvQ9vUZ9DesjLn29R4-P4V7N40zXN0Hn-,"['Eduardo Paes', 'Partido dos Trabalhadores', 'Partido dos Trabalhadores', 'Comando Vermelho', 'Reeleição']"
965,Brasil vira meme em Nova York em outdoor fixado em um dos prédios de Elon Musk,Estadão,https://www.estadao.com.br/estadao-verifica/brasil-meme-ny-predio-elon-musk/,Falso,2024-04-19 07:00:00,https://encrypted-tbn3.gstatic.com/images?q=tbn:ANd9GcQFbGvnreKrK5xxmH3Rz2aoV5lHwRqD4PSv8Ogj1SQBtRXmR9Ua,"['Elon Musk', 'Nova Iorque', 'Meme', 'Brasil', 'Edifício', 'Painel publicitário']"
966,João Pedro Stédile chama petistas de ‘burros e trouxas’ em vídeo,Aos Fatos,https://www.aosfatos.org/noticias/falso-video-lider-mst-apoiadores-pt-burros-trouxas/,Falso,2024-03-26 07:00:00,https://encrypted-tbn2.gstatic.com/images?q=tbn:ANd9GcQkfemK14mCchBFFP6yiC-UosZ3wi5VvHkLGI6Uzydb_mMkRn_z,"['João Pedro Stédile', 'Asno', 'Vídeo']"
967,"Os ?black blocs?, o MST, todos esses grupos terroristas foram convidados para a diplomação do Lula",UOL Notícias,https://noticias.uol.com.br/confere/ultimas-noticias/2022/12/16/e-falso-que-o-pt-tenha-convidado-black-blocs-para-diplomacao-de-lula.htm,Falso,2022-12-16 08:00:00,https://encrypted-tbn0.gstatic.com/images?q=tbn:ANd9GcTEVexwvh9icK1VKKPfcgdBAygx6zxGTnCktLniQfj9k9T8aUXS,"['Luiz Inácio Lula da Silva', 'Black bloc', 'Diplomação', 'Preto', 'Movimento dos Trabalhadores Rurais sem Terra', 'Terrorismo']"
968,​​PT usou ônibus escolares para levar partidários a um comício de Lula em Florianópolis,Projeto Comprova,https://projetocomprova.com.br/publica%C3%A7%C3%B5es/onibus-com-adesivo-escolar-em-evento-do-pt-pertence-a-empresa-privada-e-estava-autorizado-a-transportar-apoiadores-da-legenda/,Falso,2022-09-22 07:00:00,nan,"['Ônibus', 'Partido dos Trabalhadores', 'Luiz Inácio Lula da Silva', 'Eleição', 'Escola', 'Florianópolis', 'Autocarro escolar', 'Partido dos Trabalhadores']"
969,"Moradia Social, projeto de Lula, colocará outra família na sua casa",Projeto Comprova,https://projetocomprova.com.br/publica%C3%A7%C3%B5es/e-falso-que-pt-tenha-projeto-de-moradia-social-para-abrigar-familias-sem-teto-em-casas-que-ja-tem-dono/,Falso,2022-09-28 07:00:00,nan,"['Habitação social', 'Casa', 'Projeto', 'Luiz Inácio Lula da Silva']"
970,Estatuto do PT prevê tomada de dinheiro em aplicações e poupança,Projeto Comprova,https://projetocomprova.com.br/publica%C3%A7%C3%B5es/post-distorce-reportagem-e-mente-ao-dizer-que-estatuto-do-pt-preve-confisco-de-bens-dos-brasileiros/,"Estatuto Do Pt Não Prevê O Confisco De Bens Financeiros De Brasileiros. Proibida Pela Constituição, A Medida Também Não Consta Nas Diretrizes Da Pré-Candidatura De Lula À Presidência.",2022-07-13 07:00:00,https://encrypted-tbn3.gstatic.com/images?q=tbn:ANd9GcTpOcUgDl9xWtQE2630jio5XdynWrKKOAuDMwZer1-PzqcLh-At,"['Partido dos Trabalhadores', 'Estatuto', 'Partido dos Trabalhadores', 'Dinheiro', 'Poupança']"
971,"Então, eu peguei um passageiro no aeroporto que tinha acabado de chegar de São Paulo. E ele faz parte da cúpula da Mancha Vermelha, que é uma organização do PT, que participa de altas reuniões junto com o Lula, Zé Dirceu?",UOL Notícias,https://noticias.uol.com.br/confere/ultimas-noticias/2022/10/18/audio-inventa-grupo-secreto-do-pt-e-mente-sobre-controle-de-votos.htm,Falso,2022-10-18 07:00:00,https://encrypted-tbn3.gstatic.com/images?q=tbn:ANd9GcTonw-odEgN_W0SI-bJnrN0JLTZKP9jqG8hXdV63fh321j6gybi,"['Partido dos Trabalhadores', 'Partido dos Trabalhadores', 'Luiz Inácio Lula da Silva', 'José Dirceu', 'São Paulo', 'Organização', 'Reunião']"
972,PT enviou integrantes do MST para protestar contra Bolsonaro na Itália,Projeto Comprova,https://projetocomprova.com.br/publica%C3%A7%C3%B5es/protesto-anti-bolsonaro-na-italia-nao-teve-manifestantes-enviados-pelo-pt-ao-contrario-do-que-diz-post/,Falso,2022-06-30 07:00:00,https://encrypted-tbn1.gstatic.com/images?q=tbn:ANd9GcQpH729sKby0gapfKXxiA7xNcC9wg7uOGKcxVk7GBAmG-oqThiN,"['Jair Bolsonaro', 'Protesto', 'Partido dos Trabalhadores', 'Partido dos Trabalhadores', 'Movimento dos Trabalhadores Rurais sem Terra', 'Itália']"
974,"Polícia federal.Porto de Santos. 60 baús de medicamentos cheios de bilhões de dolares. Nosso dinheiro do mais médicos que vai para Cuba e agora volta para financiar guerrilha armada do PT. Mais de vinte petistas preso em flagrante. Repassem. Repassem para o Brasil Inteiro saber o que eles fizeram com o nosso Brasil, e o destino da maldade que seria usado esse dinheiro! Disfarçados de etiquetas de medicamentos. Cheios de Dólares para espanto dos policiais.",Aos Fatos,https://www.aosfatos.org/noticias/pf-nao-interceptou-remessa-de-dolares-de-cuba-ao-pt-em-caixas-de-medicamento/,Falso,2018-11-30 08:00:00,nan,"['Dinheiro', 'Medicamento', 'Brasil', 'Financiamento', 'Pará']"
975,PT pagou 50 bilhões pela inelegibilidade de todos os deputados do PL,Estadão,https://www.estadao.com.br/estadao-verifica/acao-pt-inelegibilidade-todos-deputados-pl-falso/,Falso,2023-08-21 07:00:00,https://encrypted-tbn3.gstatic.com/images?q=tbn:ANd9GcQBXUsafdCjvNUswYWedbameExQoaCiCDuQi8lZ6B0RiHFkRswd,"['Inelegibilidade', 'Partido dos Trabalhadores', 'Partido dos Trabalhadores', 'Partido Liberal', 'Deputado']"
976,Estados do Nordeste estão há 20 anos sendo administrados pelo PT,UOL Notícias,https://noticias.uol.com.br/confere/ultimas-noticias/2022/10/06/nordeste-nao-esta-sendo-governado-pelo-pt-ha-20-anos-como-disse-bolsonaro.htm,Falso,2022-10-06 07:00:00,https://encrypted-tbn2.gstatic.com/images?q=tbn:ANd9GcTk7wtNtuMK5MIh6r_15ZIY5zUHxjRL90gU86Dq5WBmF6fXXKPH,"['Partido dos Trabalhadores', 'Partido dos Trabalhadores', 'Região Nordeste do Brasil', 'Unidades federativas do Brasil']"
977,TSE admite que o PCC tem sim ligação com o PT de LULA,UOL Notícias,https://noticias.uol.com.br/confere/ultimas-noticias/2022/08/24/e-falso-que-tse-reconheceu-conexao-entre-pt-e-pcc-como-disse-bolsonaro.htm,Falso,2022-08-24 07:00:00,https://encrypted-tbn2.gstatic.com/images?q=tbn:ANd9GcQU8S0EDhBsR6asqXxldt0O8k1RGYBiZCNlzQJ9WCyZEkx11pXz,"['Partido dos Trabalhadores', 'Primeiro Comando da Capital', 'Partido dos Trabalhadores', 'Tribunal Superior Eleitoral', 'Luiz Inácio Lula da Silva']"
978,Apreensão de 7 toneladas de maconha na região de fronteira no MS. A frase nos tabletes da droga: 'Todo mundo merece uma xícara de café e LULA presidente',Projeto Comprova,https://projetocomprova.com.br/publica%C3%A7%C3%B5es/postagem-engana-ao-associar-o-pt-e-lula-a-apreensao-de-drogas-no-ms/,A Ligação Foi Descartada Pelas Autoridades. As Marcações Servem Apenas Como Código De Identificação E A Explicação Foi Omitida No Vídeo.,2022-07-22 07:00:00,nan,"['Luiz Inácio Lula da Silva', 'Droga', 'Mato Grosso do Sul', 'Presidente', 'Frase', 'Comprimido', 'Maconha', 'Café', 'Xícara de café', 'Tonelada métrica']"
979,"Bolsonaro agradou o mercado. Eu vou dizer uma coisa, meu filho. Se o Bolsonaro agrada o mercado, nós do PT temos que desagradar o mercado, porque nós não combinamos.",UOL Notícias,https://noticias.uol.com.br/confere/ultimas-noticias/2022/10/07/video-de-lula-dizendo-que-pt-tem-que-desagradar-mercado-e-de-2017.htm,Insustentável,2022-10-07 07:00:00,https://encrypted-tbn3.gstatic.com/images?q=tbn:ANd9GcTGwW6xS4WtlOB0f6cXwnKRyYsRVCDx8gl8pAB2WvnnYCdHtjnB,"['Partido dos Trabalhadores', 'Partido dos Trabalhadores', 'Jair Bolsonaro', 'Mercado']"
980,"Programa Cidade Alerta Sergipe: ex-tesoureiro do PT Paulo Ferreira incentiva que a esquerda ataque igrejas, apoiadoras de Bolsonaro, em defesa de Lula.",Projeto Comprova,https://projetocomprova.com.br/publica%C3%A7%C3%B5es/publicacao-que-atribui-a-ex-tesoureiro-do-pt-audio-contra-igrejas-e-montagem/,Falso,2022-05-12 07:00:00,nan,"['Partido dos Trabalhadores', 'Partido dos Trabalhadores', 'Luiz Inácio Lula da Silva', 'Paulo Adalberto Alves Ferreira', 'Jair Bolsonaro', 'Esquerda', 'Tesouraria', 'Cidade Alerta', 'Sergipe']"
982,"Lula esperava por agenda de Marcola, do PCC, para almoçarem juntos",Aos Fatos,https://www.aosfatos.org/noticias/lula-marcola-discurso-assessor-do-pt-nao-lider-do-pcc/,Falso,2022-10-20 07:00:00,https://encrypted-tbn0.gstatic.com/images?q=tbn:ANd9GcTQ5iRXotV4H6Pq4-wV_QJIzVRAgKUoy8vG9EAyoIaKZwxvUNAN,"['Luiz Inácio Lula da Silva', 'Marcola', 'Primeiro Comando da Capital']"
983,Líder dos advogados do PT é gravado falando em conspiração para fraudar pesquisas eleitorais e manipular votos nas urnas eletrônicas em favor de Lula,Projeto Comprova,https://projetocomprova.com.br/publica%C3%A7%C3%B5es/advogado-do-pt-em-video-do-kwai-e-personagem-de-humor/,"Sátira: O Conteúdo Foi Publicado Por Um Personagem Humorístico Criado Por Um Comediante Mineiro, E Não Um Advogado Real.",2022-04-22 07:00:00,nan,"['Partido dos Trabalhadores', 'Advogado', 'Eleição', 'Luiz Inácio Lula da Silva', 'Votação', 'Partido dos Trabalhadores', 'Urna eleitoral', 'Pesquisa', 'Liderança']"
984,Deputado do PT propôs projeto para descarregar armas de policiais,Aos Fatos,https://www.aosfatos.org/noticias/e-falso-que-deputado-do-pt-propos-obrigar-policiais-a-portar-armas-descarregadas/,Falso,2022-06-21 07:00:00,https://encrypted-tbn0.gstatic.com/images?q=tbn:ANd9GcRdYX62sN8j1vceZ_JZ5ymoolAk5WFCcPI7i1vDrGbGpHwtkj85,"['Deputado', 'Polícia', 'Arma', 'Projeto']"
985,"A pedido do PT, Justiça proibiu o plantio de soja em Mato Grosso até dezembro, prejudicando os produtores. MST vai fiscalizar o agronegócio caso Lula seja eleito.",Projeto Comprova,https://projetocomprova.com.br/publica%C3%A7%C3%B5es/video-engana-ao-atribuir-ao-pt-proibicao-de-plantio-de-soja-no-mato-grosso/,Falso,2022-09-22 07:00:00,nan,"['Soja', 'Plantio', 'Partido dos Trabalhadores', 'Eleição', 'Luiz Inácio Lula da Silva', 'Agronegócio', 'Partido dos Trabalhadores', 'Dezembro', 'Movimento dos Trabalhadores Rurais sem Terra']"
986,Isso tudo está no estatuto do PT. Lula vai tomar o seu dinheiro,UOL Notícias,https://noticias.uol.com.br/confere/ultimas-noticias/2022/06/28/e-falso-que-estatuto-do-pt-preve-confisco-de-bens.htm,Falso,2022-06-28 07:00:00,https://encrypted-tbn1.gstatic.com/images?q=tbn:ANd9GcQFm9Mzu8CIJHSdbEpTZSxPV5Uly8F1Ls3Ggbs8SgeR74BlF-Od,"['Partido dos Trabalhadores', 'Partido dos Trabalhadores', 'Estatuto', 'Luiz Inácio Lula da Silva', 'Dinheiro']"
987,"Por falta de público, ‘Posse simbólica de Lula’ é cancelada em Curitiba",Aos Fatos,https://www.aosfatos.org/noticias/pt-nao-convocou-posse-simbolica-de-lula-nem-cancelou-evento-por-falta-de-publico/,Falso,2019-01-01 08:00:00,nan,"['Luiz Inácio Lula da Silva', 'Curitiba']"
988,"""Tudo combinado. PT manda enterrar caixões vazios para causar pânico à população do Amazonas. Denunciaram hoje no jornal da Band""",Observador,https://observador.pt/factchecks/fact-check-politicos-do-pt-mandaram-enterrar-caixoes-vazios-para-causar-panico-no-amazonas/,Errado,2020-04-28 07:00:00,https://encrypted-tbn3.gstatic.com/images?q=tbn:ANd9GcSPoSTekUtgc_77fQoKLZVgRXrfRC2VlIfGvKU-4cRTmZlv5x96,"['Caixão', 'Amazonas', 'Jornal']"
989,"Tuíte alegando que o aplicativo de disque-denúncia do TSE, o Pardal, não aceita queixas contra o PT. A postagem inclui um vídeo de uma tentativa fracassada de denunciar a sigla.",Folha - UOL,https://www1.folha.uol.com.br/poder/2022/10/e-falso-que-aplicativo-do-tse-nao-permita-denuncias-contra-o-pt.shtml,Falso,2022-10-28 07:00:00,https://encrypted-tbn2.gstatic.com/images?q=tbn:ANd9GcQZ0CmCdpIibeD0LZpJgCprprqkLuQfMFB5kteknJgAMGWfEZ_f,"['Partido dos Trabalhadores', 'Partido dos Trabalhadores', 'Tribunal Superior Eleitoral', 'Pardal', 'Denúncia', 'Vídeo', 'Disque Denúncia']"
990,Drone em Uberlândia foi contratado pelo PT,Projeto Comprova,https://projetocomprova.com.br/publica%C3%A7%C3%B5es/e-falso-que-pt-seja-responsavel-por-drone-que-lancou-produtos-quimicos-em-minas-gerais/,"O Caso É Apurado Pelo Ministério Público Federal, Que Desmentiu A Alegação.",2022-06-28 07:00:00,nan,"['Partido dos Trabalhadores', 'Partido dos Trabalhadores', 'Drone', 'Uberlândia']"
991,PT entra com ação no STF para impedir que Bolsonaro reduza o preço do gás.,Aos Fatos,https://www.aosfatos.org/noticias/pt-nao-entrou-com-acao-no-stf-para-barrar-projeto-que-preve-reducao-do-preco-do-gas/,Falso,2019-08-06 07:00:00,nan,"['Supremo Tribunal Federal', 'Partido dos Trabalhadores', 'Jair Bolsonaro', 'Partido dos Trabalhadores', 'Ação']"
992,"Multidão que os petistas estão dizendo ser do PT é, na verdade, o desfile do bloco Galo da Madrugada.",Aos Fatos,https://www.aosfatos.org/noticias/pt-nao-publicou-foto-do-galo-da-madrugada-como-se-fosse-de-ato-pro-haddad/,Falso,2018-09-25 07:00:00,https://encrypted-tbn1.gstatic.com/images?q=tbn:ANd9GcTj3QH8fe_2RtvLWbtcd8fvr-Mqwm9Q5KtGorWKNwTKPFLXUezX,"['Galo da Madrugada', 'Partido dos Trabalhadores', 'Partido dos Trabalhadores', 'Verdade', 'Desfile']"
993,"Salário Mínimo: R$ 950,00. Bolsa Presidiário: R$ 1.319,18. Me convence que o PT sabe governar",Aos Fatos,https://www.aosfatos.org/noticias/bolsa-presidiario-nao-e-criacao-do-pt-nem-e-comparavel-a-salario-minimo-imagem-falseia-informacoes/,Falso,2018-10-27 07:00:00,nan,"['Salário mínimo', 'Salário']"
994,O primeiro partido a fazer uma nota contra a suspensão do mandato do Aécio foi o PT.,Aos Fatos,https://www.aosfatos.org/noticias/marina-diz-que-pt-defendeu-aecio-primeiro-mas-pc-do-b-foi-mais-rapido/,Exagerado,2018-02-23 08:00:00,nan,"['Partido dos Trabalhadores', 'Aécio Neves', 'Partido político', 'Partido dos Trabalhadores', 'Nota musical', 'Mandato']"
995,Ernesto Araújo disse que não é hora de combater a miséria e sim de combater o PT e o comunismo.,Aos Fatos,https://www.aosfatos.org/noticias/ernesto-araujo-nao-postou-que-combater-o-pt-e-mais-importante-que-erradicar-miseria-tweet-e-falso/,Falso,2019-01-14 08:00:00,https://encrypted-tbn1.gstatic.com/images?q=tbn:ANd9GcQQJv_8i0wFxKfK42sr_InzxXg8_jTg5AMD7RxV7I80_Lu-MC7P,"['Ernesto Araújo', 'Comunismo']"
996,Abuso! Deputado do PT do Rio de Janeiro visita escolas e oferece dinheiro para que as professoras façam um vídeo falso. Veja o que aconteceu,Aos Fatos,https://www.aosfatos.org/noticias/deputado-que-discute-com-mulher-em-video-nao-e-do-pt-e-nem-ofereceu-dinheiro-por-gravacao/,Falso,2018-10-17 07:00:00,nan,"['Deputado', 'Vídeo', 'Partido dos Trabalhadores', 'Dinheiro', 'Partido dos Trabalhadores', 'Professor', 'Rio de Janeiro', 'Escola', 'Veja']"
997,"Só para lembrar, o PT nomeou embaixador nos EUA o Aloísio Nunez. Ex motorista do terrorista assassino Marighella.",Aos Fatos,https://www.aosfatos.org/noticias/e-falso-que-pt-nomeou-aloysio-nunes-embaixador-nos-eua/,Falso,2019-07-15 07:00:00,https://encrypted-tbn0.gstatic.com/images?q=tbn:ANd9GcQPr3hJZpDHhs-QgppdUNr9ohb3hjApVl78OQQdNw_scxDA7Y4c,"['Embaixador', 'Partido dos Trabalhadores', 'Estados Unidos', 'Partido dos Trabalhadores', 'Carlos Marighella', 'Motorista', 'Terrorismo']"
998,Vídeo de Lindbergh Farias tem relação com assalto à casa da ex-esposa de Bolsonaro,Aos Fatos,https://www.aosfatos.org/noticias/video-de-deputado-do-pt-nao-tem-relacao-com-assalto-a-casa-de-ex-mulher-de-bolsonaro/,Falso,2025-08-29 07:00:00,https://encrypted-tbn3.gstatic.com/images?q=tbn:ANd9GcS1x9eezmK9303sZTjdyB7r1o5SLM-9SWIii_XRNC4KpxYia0F1,"['Jair Bolsonaro', 'Lindbergh Farias', 'Assalto', 'Casa', 'Vídeo']"
999,"O nosso programa [Dívida Zero], antes do registro do TSE, vazou para a Folha de S. Paulo (...), antes do Ciro sequer mencionar esse programa [Nome Limpo].",Aos Fatos,https://www.aosfatos.org/noticias/no-jornal-da-globo-haddad-erra-ao-dizer-que-PT-propos-limpar-nome-de-endividados-primeiro/,Falso,2018-09-20 07:00:00,https://encrypted-tbn1.gstatic.com/images?q=tbn:ANd9GcSHpazfUh-GSVu2HXGz7vmTuD2VVZJWEt-EvXWqvSuu7yqO5gNw,"['Ciro Gomes', 'Tribunal Superior Eleitoral', 'Débito', 'Folha de S.Paulo', 'Nome']"
1000,Eliane Cantanhêde critica o PT sem saber que estava sendo gravada,Aos Fatos,https://www.aosfatos.org/noticias/nao-e-verdade-que-video-em-que-eliane-cantanhede-critica-pt-foi-gravado-por-acidente/,Falso,2022-01-12 08:00:00,https://encrypted-tbn1.gstatic.com/images?q=tbn:ANd9GcQ8-9ZJJ-qxFukRpMK468iE-yMnRq2KO_drNIqo8tJI0l_ozZ5n,['Eliane Cantanhêde']
1001,O [PT é o] maior partido do país…,Aos Fatos,https://www.aosfatos.org/noticias/na-sabatina-do-uol-luiz-marinho-erra-dados-sobre-pt-petrobras-e-morte-de-policiais/,Falso,2018-05-28 07:00:00,https://encrypted-tbn0.gstatic.com/images?q=tbn:ANd9GcRetokNPA6D3J8jTdYfzypgPqmSBIek6DuScuNsMpMAWce8hMxN,"['Partido dos Trabalhadores', 'Partido dos Trabalhadores', 'Partido político']"
1002,PT acionou Justiça para impedir Bolsonaro de combater seca no Nordeste,UOL Notícias,https://noticias.uol.com.br/confere/ultimas-noticias/2019/02/11/pt-bolsonaro-combate-seca-nordeste.htm,Falso,2019-02-11 08:00:00,https://encrypted-tbn1.gstatic.com/images?q=tbn:ANd9GcT5X0wFLX-azE9KPZCaU4NxVCofDEUlHECzp8OyT_BYtcWMzLfv,"['Jair Bolsonaro', 'Partido dos Trabalhadores', 'Partido dos Trabalhadores', 'Região Nordeste do Brasil', 'Justiça']"
1003,Bolsonaro demitiu 13.710 ‘comunistas do PT’ que comandavam universidades,Aos Fatos,https://www.aosfatos.org/noticias/e-falso-que-bolsonaro-demitiu-13710-comunistas-do-pt-que-comandavam-universidades/,Falso,2021-12-16 08:00:00,https://encrypted-tbn3.gstatic.com/images?q=tbn:ANd9GcQgehMWe77t6Jd_UlhHXSLB5GRf-8nGmyB32d4sRtKlU7ZZzjOo,"['Jair Bolsonaro', 'Universidade', 'Comunismo']"
1004,Estatuto do PT prevê confisco de bens,UOL Notícias,https://noticias.uol.com.br/confere/ultimas-noticias/2022/10/05/e-falso-que-estatuto-do-pt-preve-confisco-de-bens.htm,Falso,2022-10-05 07:00:00,https://encrypted-tbn2.gstatic.com/images?q=tbn:ANd9GcRu1O0aRyCtUhCzGxgmaSpIwWgfG3G5nQ1tZz-9C2xEace7zJ-_,"['Partido dos Trabalhadores', 'Confiscação', 'Partido dos Trabalhadores', 'Bem', 'Estatuto']"
1005,Diretoria da Anvisa é a mesma desde os governos petistas,Aos Fatos,https://www.aosfatos.org/noticias/diretores-da-anvisa-hoje-nao-sao-os-mesmos-dos-governos-do-pt/,Falso,2020-10-29 07:00:00,nan,"['Anvisa', 'Agência Nacional de Vigilância Sanitária', 'Governo']"
1006,"João de Deus tem 20 anos de filiação ao PT, por isso as feministas estão caladas, santa hipocrisia…

O charlatão estuprador João de Deus gastou 10 milhões na campanha de seu amigo Bolsonaro. Em troca de que?",Aos Fatos,https://www.aosfatos.org/noticias/joao-de-deus-nao-era-filiado-ao-pt-nem-doou-para-campanha-de-bolsonaro/,Falso,2018-12-28 08:00:00,https://encrypted-tbn0.gstatic.com/images?q=tbn:ANd9GcTyp9uMB_3YCTnvwBvQ39vF_mMGk6WmsOPaN55ooc5V6aajGdzh,"['João de Deus', 'Jair Bolsonaro', 'Partido dos Trabalhadores', 'Partido dos Trabalhadores', 'Estupro', 'Filiação', 'Feminismo']"
1007,PT que implantar poupança fraterna e moradia popular,UOL Notícias,https://noticias.uol.com.br/confere/ultimas-noticias/2022/09/27/post-falso-diz-que-pt-propoe-poupanca-fraterna-e-moradia-social.htm,Falso,2022-09-27 07:00:00,https://encrypted-tbn3.gstatic.com/images?q=tbn:ANd9GcTxo4Nig3mLvbCuuLXeeDrHQhf9ruMaPQsxkeaFo2CiB9AhH2ei,"['Habitação social', 'Partido dos Trabalhadores', 'Poupança', 'Casa', 'Partido dos Trabalhadores']"
1008,"Em vídeo escondido pelo PT, Lula revela a verdadeira ideologia do partido",UOL Notícias,https://noticias.uol.com.br/comprova/ultimas-noticias/2018/10/02/video-manipulado-deturpa-fala-de-lula-sobre-o-pt.htm,Falso,2018-10-02 07:00:00,https://encrypted-tbn3.gstatic.com/images?q=tbn:ANd9GcSmH4O7EN3EsBztuOjg2SYkRSKhFMd_15eitKo4T3xzyWwqlzev,"['Luiz Inácio Lula da Silva', 'Partido dos Trabalhadores', 'Partido dos Trabalhadores', 'Vídeo', 'Partido político', 'Ideologia']"
1009,"PT contrata ""manifestantes"" por R$ 20,00 para protestar contra BOLSONARO na inauguração do aeroporto na Bahia, mas não paga, veja a revolta dos militantes. Kkkkkkk",Aos Fatos,https://www.aosfatos.org/noticias/mulher-em-video-nao-foi-contratada-pelo-pt-para-protestar-contra-bolsonaro-na-bahia/,Falso,2019-07-29 07:00:00,https://encrypted-tbn3.gstatic.com/images?q=tbn:ANd9GcSL5Fqq_hhaXNu_71iwfGgRVdsqBZBbJhgKLDBBT65Y_lJjVwf3,"['Jair Bolsonaro', 'Bahia', 'Protesto', 'Manifestação', 'Veja', 'Aeroporto', 'Rebelião']"
1010,Manifestantes na Bahia se revoltam contra PT,Aos Fatos,https://www.aosfatos.org/noticias/video-mostra-bandeira-do-pt-sendo-queimada-em-2013-nao-recentemente/,Falso,2022-09-28 07:00:00,https://encrypted-tbn0.gstatic.com/images?q=tbn:ANd9GcSXsfUVqg8kLTG_j8WQAU7vVNZa5NuorGyKhGIgVgT2tDeADBar,"['Manifestação', 'Bahia']"
1011,PT e PSOL entraram com interpelação para tirar da PRF o poder de combater o tráfico de drogas e a pirataria tornando a PRF mais um órgão para aplicar multas de trânsito.,Aos Fatos,https://www.aosfatos.org/noticias/pt-e-psol-nao-entraram-na-justica-para-limitar-trabalho-da-policia-rodoviaria-federal/,Falso,2020-08-21 07:00:00,https://encrypted-tbn1.gstatic.com/images?q=tbn:ANd9GcTED_pmc9rWW7qWeuxf50B9U1hug5248jPItWDEPxc3yUsmXT7P,"['Polícia Rodoviária Federal', 'Polícia Rodoviária', 'Narcotráfico', 'Multa', 'Trânsito', 'Interpelação']"
1012,Hoje 50% de todos os cargos de direção no partido são ocupados por mulheres.,Aos Fatos,https://www.aosfatos.org/noticias/pt-diz-que-50-de-seus-cargos-sao-ocupados-por-mulheres-mas-numero-real-e-de-38/,Falso,2016-02-22 08:00:00,https://encrypted-tbn0.gstatic.com/images?q=tbn:ANd9GcSLh_8bWHL4I7-n38e0qkKYiK61II49V4VVO0Hg6jYEJ1obEaPK,"['Mulher', 'Partido político', 'Título do cargo']"
1013,"Está sendo preparada uma festa em Curitiba, sem precedentes para o final do mês, quando o STF vota as solturas dos condenados em segunda instância. Imediatamente após a votação, haverá o encaminhamento do pedido de liberdade imediata do Sr. Lula, onde está sendo organizada uma marcha de 1 milhão de pessoas, COM REPRESENTANTES OFICIAIS DOS GOVERNOS DA AMÉRICA LATINA E CENTRAL, + DELEGAÇÕES DO CONTINENTE AFRICANO!",Aos Fatos,https://www.aosfatos.org/noticias/video-nao-mostra-preparacao-de-festa-pelo-pt-para-comemorar-soltura-de-lula/,Falso,2019-11-06 08:00:00,nan,"['Luiz Inácio Lula da Silva', 'Festa', 'Supremo Tribunal Federal', 'Governo', 'América Latina', 'Votação', 'América', 'Curitiba']"
1014,Vídeo mostra caravana de Lula sendo atacada com ovadas em julho de 2021,Aos Fatos,https://www.aosfatos.org/noticias/video-que-mostra-ovos-sendo-atirados-em-comicio-do-pt-nao-e-atual-mas-de-2018/,Falso,2021-07-09 07:00:00,https://encrypted-tbn2.gstatic.com/images?q=tbn:ANd9GcSHGzW69Wq07r-JCEEbnECsqplpCKi6hGRqfEGTf8Bf_WBLFwTB,"['Luiz Inácio Lula da Silva', 'Vídeo', 'Julho', '2021']"
1015,"Fábio Porchat, o criador do filme falando que Jesus seria gay, não é nada mais que um PTista atuante e filiado. Você ainda acredita nesse partido?",Aos Fatos,https://www.aosfatos.org/noticias/porchat-nao-e-filiado-ao-PT-imagem-usada-em-posts-e-de-video-do-porta-dos-fundos/,Falso,2019-12-20 08:00:00,https://encrypted-tbn0.gstatic.com/images?q=tbn:ANd9GcR4H-WpE_gcBzlkwXHwb-pK5AUeM6ouQ8VeFDxeiyg1MBPPKjG3,"['Fábio Porchat', 'Filme', 'Partido político', 'Gay']"
1016,"Adélio confessou que PT, PSOL e MDB ordenaram morte de Bolsonaro",Aos Fatos,https://www.aosfatos.org/noticias/falso-adelio-confessou-pt-psol-mdb-mandaram-matar-bolsonaro/,Falso,2023-09-20 07:00:00,https://encrypted-tbn3.gstatic.com/images?q=tbn:ANd9GcSQBB-3Qk-NWs1j_BU6kuUW01Uu_p9-2xjFS25fpx0LbtI5wueS,"['Adélio Bispo', 'Jair Bolsonaro', 'Partido dos Trabalhadores', 'Partido dos Trabalhadores', 'PMDB', 'Partido Socialismo e Liberdade', 'Movimento Democrático Brasileiro', 'Morte']"
1017,Maduro convocou políticos do PT à Venezuela para o apoiarem,UOL Notícias,https://noticias.uol.com.br/confere/ultimas-noticias/2019/05/19/maduro-nao-pediu-ida-de-politicos-do-pt-a-venezuela-para-o-apoiarem.htm,Falso,2019-05-19 07:00:00,https://encrypted-tbn0.gstatic.com/images?q=tbn:ANd9GcQpbPZGjKo82F042MUrq7pAEgLhkiII5nsd-bWSRsmtny3-mcbG,"['Partido dos Trabalhadores', 'Nicolás Maduro', 'Venezuela', 'Partido dos Trabalhadores', 'Político']"
1018,"FACADA NO JAIR BOLSONARO. Já sabíamos, mas precisava da confissão desse vagabund@",UOL Notícias,https://noticias.uol.com.br/confere/ultimas-noticias/2023/09/19/adelio-nao-confessou-envolvimento-do-pt-psol-e-mdb-na-facada-em-bolsonaro.htm,Falso,2023-09-19 07:00:00,https://encrypted-tbn3.gstatic.com/images?q=tbn:ANd9GcQJA9RcfFgY978hIx3HWdaRWYpt5WRQm4NkMvcTciGPpRnERxNo,"['Jair Bolsonaro', 'Perfuração por arma branca']"
1019,"""Quem tem dinheiro no banco, na poupança, na previdência privada, nos investimentos, nos imóveis, nas empresas, nos negócios e nas aplicações em geral é melhor ficar de olho. Isso tudo está no estatuto do PT. Lula vai tomar o seu dinheiro para bancar o projeto de poder dele pela América Latina.""",Observador,https://observador.pt/factchecks/fact-check-cnn-divulgou-plano-do-partido-de-lula-da-silva-para-confiscar-poupancas-e-investimentos-da-populacao-brasileira/,Errado,2022-09-29 07:00:00,https://encrypted-tbn3.gstatic.com/images?q=tbn:ANd9GcSPoSTekUtgc_77fQoKLZVgRXrfRC2VlIfGvKU-4cRTmZlv5x96,"['Luiz Inácio Lula da Silva', 'Partido dos Trabalhadores', 'Partido dos Trabalhadores', 'Poupança', 'Investimento', 'América Latina', 'Dinheiro']"
1020,Adélio Bispo confessou que o PT mandou matar o ex-presidente Jair Bolsonaro (PL),Estadão,https://www.estadao.com.br/estadao-verifica/falso-adelio-bispo-pt-novo-depoimento-facada-bolsonaro/,Falso,2024-02-08 08:00:00,https://encrypted-tbn2.gstatic.com/images?q=tbn:ANd9GcTpwoQdAlpMpsVMgwRSDs6mznj2Wp7aaQI3LiynuXfwaONFzlkz,"['Adélio Bispo', 'Jair Bolsonaro', 'Partido dos Trabalhadores', 'Partido dos Trabalhadores', 'Presidente', 'Partido Liberal']"
1021,Élcio de Queiroz trabalhou para o PT,Estadão,https://www.estadao.com.br/estadao-verifica/elcio-de-queiroz-trabalho-prefeitura-pt/,Parcialmente verdadeiro,2023-07-31 07:00:00,https://encrypted-tbn2.gstatic.com/images?q=tbn:ANd9GcQktAnjGKB09_nxymjximc78oVnfsu5JkWmYlrjFyz1kNyGr218,"['Partido dos Trabalhadores', 'Partido dos Trabalhadores']"
1022,"Em entrevista recente, advogado diz que PT mandou matar Bolsonaro",Aos Fatos,https://www.aosfatos.org/noticias/falso-wassef-provou-pt-ordenou-atentado-bolsonaro/,Falso,2023-09-25 07:00:00,https://encrypted-tbn3.gstatic.com/images?q=tbn:ANd9GcTHrV09GLasD5M8uMmbxC4h_NESsDo8du4G4WJQA2O8S-BF1Co7,"['Jair Bolsonaro', 'Partido dos Trabalhadores', 'Partido dos Trabalhadores', 'Advogado', 'Entrevista']"
1023,Vídeo mostra diretrizes de segurança pública do plano de governo do PT,Aos Fatos,https://www.aosfatos.org/noticias/video-mostra-resolucoes-encontro-pt-nao-plano-governo/,Não_É_Bem_Assim,2022-10-27 07:00:00,https://encrypted-tbn1.gstatic.com/images?q=tbn:ANd9GcQkeo5Mp4b74cV-E2JBjoE2r-hh_6qCUDcAWCAudCbkDvKI24d3,"['Partido dos Trabalhadores', 'Partido dos Trabalhadores', 'Governo', 'Vídeo', 'Segurança pública']"
1024,"Lula elogiou Marcola, membro do PCC, durante discurso",UOL Notícias,https://noticias.uol.com.br/confere/ultimas-noticias/2019/11/19/marcola-citado-por-lula-e-sociologo-e-assessor-do-pt-nao-o-lider-do-pcc.htm,Falso,2019-11-19 08:00:00,https://encrypted-tbn1.gstatic.com/images?q=tbn:ANd9GcRimhV8ayhPzVgO59JgrYo47BntHzZHkHutDdSpv3OndA5KtIim,"['Luiz Inácio Lula da Silva', 'Marcola', 'Primeiro Comando da Capital', 'Discurso']"
1025,"Em entrevista a rádio, Lula afirma que PT é organização criminosa",Aos Fatos,https://www.aosfatos.org/noticias/editado-video-viraliza-como-se-lula-tivesse-dito-que-pt-e-organizacao-criminosa/,Falso,2019-10-31 07:00:00,https://encrypted-tbn0.gstatic.com/images?q=tbn:ANd9GcQIw0WkBI6fRUjh7yjSLyz08ZSS2vNq3ksW469ExgsfaEwX8omx,"['Luiz Inácio Lula da Silva', 'Partido dos Trabalhadores', 'Partido dos Trabalhadores', 'Organização', 'Crime organizado', 'Criminoso', 'Entrevista', 'RADIO LULA']"
1026,"Vídeo mostra a invasão dos sem terra, apoiado pelo Lula",AFP Checamos,https://checamos.afp.com/doc.afp.com.32MG6FJ,Falso,2022-10-30 07:00:00,https://encrypted-tbn3.gstatic.com/images?q=tbn:ANd9GcSl_EZWxqSTIMn9P_NSzBMwKZwPMxNSZ3ruxDUZSYS4BcFTb8Aa,"['Vídeo', 'Luiz Inácio Lula da Silva']"
1027,PT doou R$ 14 bilhões do BNDES para governo de Angola,Aos Fatos,https://www.aosfatos.org/noticias/e-falso-que-pt-doou-r-14-bilhoes-do-bndes-para-governo-de-angola/,Falso,2021-10-08 07:00:00,https://encrypted-tbn1.gstatic.com/images?q=tbn:ANd9GcSOt0O8CBxIoN_IS6ijQkTQ6WwMFVYPEcuCNRPGg8AkYCyOnqh_,"['Angola', 'Banco Nacional de Desenvolvimento Econômico e Social', 'Partido dos Trabalhadores', 'Governo', 'Partido dos Trabalhadores', 'Real brasileiro', 'Governo da República de Angola', 'Um bilhão']"
1028,"Lula pergunta por que petistas não entram na Havan, e Luciano Hang responde",Aos Fatos,https://www.aosfatos.org/noticias/lula-hang-twitter/,Falso,2022-03-17 07:00:00,https://encrypted-tbn2.gstatic.com/images?q=tbn:ANd9GcQrV5dh2CyYqgURicBwp4X0WXUNHYfGgDKAjrV44jHjyQyjfnRp,"['Luciano Hang', 'Luiz Inácio Lula da Silva', 'Havan', 'Havan']"
1029,Retrospectiva dos escândalos petistas,Estadão,https://www.estadao.com.br/estadao-verifica/video-engana-ao-listar-crimes-de-corrupcao-atribuidos-aos-governos-petistas/,Falso,2023-07-27 07:00:00,https://encrypted-tbn0.gstatic.com/images?q=tbn:ANd9GcSIb3-pLt7PJ2Atl3eTc44UeEqRXWdu6L47VSU2NlBT7G1buDmX,['Escândalo']
1030,Não é possível fazer denúncia de crime eleitoral contra o PT no aplicativo Pardal do TSE,AFP Checamos,https://checamos.afp.com/doc.afp.com.32M82DN,Falso,2022-10-26 07:00:00,https://encrypted-tbn3.gstatic.com/images?q=tbn:ANd9GcSdH8vZtNVL-HXmLrShGlrQT7ZWsB6qHazWZjYKcqGu2psGTcrF,"['Partido dos Trabalhadores', 'Partido dos Trabalhadores', 'Tribunal Superior Eleitoral', 'Denúncia', 'Eleição', 'Pardal', 'Fraude eleitoral']"
1031,"Élcio Queiroz, executor de Marielle, trabalhava para Lindbergh Farias. Mas o PT não quer tocar nesse assunto",UOL Notícias,https://noticias.uol.com.br/comprova/ultimas-noticias/2023/07/31/fala-de-elcio-de-queiroz-sobre-ter-sido-assessor-do-pt-e-tirada-de-contexto.htm,Falso,2023-07-31 07:00:00,https://encrypted-tbn1.gstatic.com/images?q=tbn:ANd9GcRx1hGT2UMCi-kiO95RNnOlfrqwAkiuvA3art2RG8uLhqYSqLai,"['Lindbergh Farias', 'Partido dos Trabalhadores', 'Partido dos Trabalhadores', 'Marielle Franco']"
1032,"Absurdo. Lula agradecendo o voto do Marcola, líder da organização criminosa PCC",UOL Notícias,https://noticias.uol.com.br/confere/ultimas-noticias/2022/11/01/marcola-assessor-do-pt.htm,Falso,2022-11-01 07:00:00,https://encrypted-tbn0.gstatic.com/images?q=tbn:ANd9GcROM1VE56dFGIWNVsVElZN6d7AsKBMesdhaDNWGiNdaYnkTcq-j,"['Marcola', 'Primeiro Comando da Capital', 'Crime organizado', 'Criminoso', 'Luiz Inácio Lula da Silva', 'Votação', 'Organização']"
1033,Adélio Bispo incriminou PT no caso da facada em Bolsonaro,UOL Notícias,https://noticias.uol.com.br/comprova/ultimas-noticias/2024/02/06/e-falso-que-adelio-bispo-incriminou-o-pt-no-caso-da-facada-em-bolsonaro.htm,Falso,2024-02-06 08:00:00,https://encrypted-tbn0.gstatic.com/images?q=tbn:ANd9GcTl9PkWdgMy1SHQUs67D_HQGkNlEJAmLNlvYxobI86D88oUcmSk,"['Adélio Bispo', 'Jair Bolsonaro', 'Partido dos Trabalhadores', 'Partido dos Trabalhadores', 'Perfuração por arma branca']"
1034,Adélio disse em novo depoimento à PF que foi contratado pelo PT para esfaquear Bolsonaro,Aos Fatos,https://www.aosfatos.org/noticias/pf-novo-depoimento-adelio-pt-facada-bolsonaro/,Falso,2022-02-14 08:00:00,https://encrypted-tbn2.gstatic.com/images?q=tbn:ANd9GcRj00uviANJdx3Yx-Sa_NyDQ8aThFbp2vU4miAFzdZgYBdaFfu5,"['Adélio Bispo', 'Jair Bolsonaro', 'Departamento de Polícia Federal', 'Polícia Federal', 'Partido dos Trabalhadores', 'Partido dos Trabalhadores', 'Depoimento']"
1035,Vídeo mostra sobrinho do Zeca do PT participando dos atos golpistas em Brasília no domingo (8),Aos Fatos,https://www.aosfatos.org/noticias/falso-sobrinho-zeca-do-pt-atos-terroristas-brasilia/,Falso,2023-01-09 08:00:00,https://encrypted-tbn1.gstatic.com/images?q=tbn:ANd9GcSbniVF32Z55hLqdr7SR3DzIv7UM5sZwy6TtJVMRB8JuDbha4mf,"['José Orcírio Miranda dos Santos', 'Brasília', 'Vídeo']"
1036,Fotos mostram presos por atos recentes de vandalismo no DF,Aos Fatos,https://www.aosfatos.org/noticias/pm-df-vandalos-infiltrados-pt-protesto-bolsonarista/,Falso,2022-12-15 08:00:00,https://encrypted-tbn2.gstatic.com/images?q=tbn:ANd9GcTl_wIpSZGpCaYr6mrphCoOFOARj6aeIulW8GUw4xQFBSb-2cp3,"['Vandalismo', 'Brasília']"
1037,Suzane von Richthofen é candidata a deputada federal pelo PT,UOL Notícias,https://noticias.uol.com.br/confere/ultimas-noticias/2022/09/12/montagem-falsa-de-richthofen-como-candidata-pelo-pt-volta-a-circular.htm,Falso,2022-09-12 07:00:00,https://encrypted-tbn0.gstatic.com/images?q=tbn:ANd9GcQUK8qXJFoQmJrjM-7W55dGud6IFl71QYGWU34Id9-cefpLwvzJ,"['Partido dos Trabalhadores', 'Partido dos Trabalhadores', 'Candidato', 'Deputado', 'Deputado Federal do Brasil']"
1038,Suzane Von Richthofen será candidata a vereadora pelo PT,Aos Fatos,https://www.aosfatos.org/noticias/e-falso-que-suzane-von-richthofen-sera-candidata-a-vereadora-pelo-pt/,Falso,2021-10-15 07:00:00,https://encrypted-tbn0.gstatic.com/images?q=tbn:ANd9GcRwqMUon1rWI6x7gHdPQYrX6tftcYsXOXpuYP9bhJL9bUv6WhzI,"['Suzane von Richthofen', 'Candidato', 'Partido dos Trabalhadores', 'Partido dos Trabalhadores', 'Vereador']"
1039,"""Militar preso da FAB. O militar detido por drogas é filiado ao PT. Pronto! Resolvido o mistério""",Observador,https://observador.pt/factchecks/militar-que-transportava-cocaina-na-comitiva-de-bolsonaro-e-militante-do-pt/,Errado,2019-06-30 07:00:00,https://encrypted-tbn3.gstatic.com/images?q=tbn:ANd9GcSPoSTekUtgc_77fQoKLZVgRXrfRC2VlIfGvKU-4cRTmZlv5x96,"['Partido dos Trabalhadores', 'Partido dos Trabalhadores', 'Militar', 'Prisão', 'Força Aérea Brasileira', 'Droga']"
1040,Acusados de matar vereadora Marielle Franco eram filiados ao PT,UOL Notícias,https://noticias.uol.com.br/confere/ultimas-noticias/2019/04/05/acusados-de-matar-vereadora-marielle-franco-nao-eram-filiados-ao-pt.htm,Falso,2019-04-05 07:00:00,https://encrypted-tbn3.gstatic.com/images?q=tbn:ANd9GcQ_NLIszzi7POLLa5HSEVXFmZPRrHdLpAtxpuOIc7yv2Evoutvf,"['Marielle Franco', 'Partido dos Trabalhadores', 'Partido dos Trabalhadores', 'Vereador']"
1041,Petista atira e mata cristãos! Isto a imprensa comunista não fala!!!,Aos Fatos,https://www.aosfatos.org/noticias/atirador-de-campinas-nao-era-filiado-ao-pt/,Falso,2018-12-14 08:00:00,nan,"['Imprensa', 'Comunismo']"
1042,"Engraçado, depois que foi descoberto que o assassino de Marielle era do PT, finalmente ela morreu… Ninguém fala mais nada…",Aos Fatos,https://www.aosfatos.org/noticias/acusados-de-matar-marielle-nao-sao-filiados-ao-pt/,Falso,2019-03-28 07:00:00,nan,"['Marielle Franco', 'Partido dos Trabalhadores', 'Partido dos Trabalhadores', 'Assassínio', 'Assassinato de Marielle Franco', 'Morte']"
1043,O PT apareceu em segundo lugar na lista de 10 maiores organizações criminosas no mundo pelo desvio de dinheiro público na ordem de R$ 42 bilhões,Aos Fatos,https://www.aosfatos.org/noticias/e-falsa-a-lista-que-poe-o-PT-como-2-maior-organizacao-criminosa-do-mundo/,Falso,2018-11-23 08:00:00,nan,"['Crime organizado', 'Criminoso', 'Organização', 'Mundo', 'Público']"
1044,Suzane Von Richthofen será candidata a deputada federal pelo PT?,UOL Notícias,https://noticias.uol.com.br/confere/ultimas-noticias/2018/04/14/suzane-von-richthofen-sera-candidata-a-deputada-federal-pelo-pt.htm,Falso,2018-04-14 07:00:00,https://encrypted-tbn1.gstatic.com/images?q=tbn:ANd9GcRv_EWXByMS6yXTM---l9EM8IKeOE7CyV4RlGCghW06PZEgn0lL,"['Candidato', 'Deputado', 'Partido dos Trabalhadores', 'Deputado Federal do Brasil', 'Partido dos Trabalhadores']"
1046,"Eleitora diz que votaram em seu lugar nas eleições de 2022, quando estava fora do país.",Aos Fatos,https://www.aosfatos.org/noticias/nao-e-verdade-tse-contabilizou-voto-eleitora-ausente-2022/,Falso,2026-01-16 08:00:00,https://encrypted-tbn2.gstatic.com/images?q=tbn:ANd9GcQioBcwD_3vB-l3eQK_KR5uOUWMfqS02YqWfMpwi-p3pFruXL7a,"['Eleitor', 'Eleição', '2022', 'Eleições presidenciais brasileiras, 2022', 'País']"
1048,2022: Ministros do TSE consideram crime diminuir preço de combustível em ano eleitoral. 2026: Entenda o pacote de Lula para reduzir o preço do diesel,UOL Notícias,https://noticias.uol.com.br/confere/ultimas-noticias/2026/03/20/tse-nao-decidiu-que-reduzir-combustivel-em-ano-eleitoral-e-crime.ghtm,Falso,2026-03-20 07:00:00,https://encrypted-tbn0.gstatic.com/images?q=tbn:ANd9GcRb87IvWN8DnvuAC4z5Q2xtKgfPD7madTRd08JeeLqjguQsnb0t,"['Combustível', 'Crime', 'Eleição', 'Ministro', 'Luiz Inácio Lula da Silva', 'Ministro do Tribunal Superior Eleitoral do Brasil', 'Diesel', 'Preço', '2022']"
1050,Votos de 2022 serão recontados por erros e falhas no processo eleitoral,Aos Fatos,https://www.aosfatos.org/noticias/tse-nao-decidiu-retotalizar-votos-de-deputados-por-erros-ou-falhas-nas-eleicoes-de-2022/,Não_É_Bem_Assim,2025-06-05 07:00:00,https://encrypted-tbn2.gstatic.com/images?q=tbn:ANd9GcSrnZScp-rrmGKXX2sPbfsWV6UO-ayT1f-kDM7xOnCXMyU5BDGq,"['Eleição', 'Votação', '2022', 'Processo judicial']"
1051,TSE vai destruir 195 mil urnas para esconder provas de fraude,Aos Fatos,https://www.aosfatos.org/noticias/tse-destruir-urnas-provas-fraude/,Falso,2025-02-27 08:00:00,nan,"['Urna eleitoral', 'Tribunal Superior Eleitoral', 'Fraude', 'Prova']"
1052,"Foto mostra a mascote ""Pilili"", do TSE, fazendo o L",AFP Checamos,https://checamos.afp.com/doc.afp.com.B2A88ZQ,Falso,2026-05-08 07:00:00,https://encrypted-tbn0.gstatic.com/images?q=tbn:ANd9GcRqwAmxUYTTLvWbyFP-8AoIPXICT6bSyImLR5HyPRAJ_1p9J8xT,"['Tribunal Superior Eleitoral', 'Mascote', 'Faz o L', 'Fotografia']"
1053,TSE descarta 195 mil urnas após denúncia de golpe por Mike Benz,Estadão,https://www.estadao.com.br/estadao-verifica/tse-descarta-195-mil-urnas-apos-denuncias-mike-benz/,Falso,2025-02-28 08:00:00,https://encrypted-tbn2.gstatic.com/images?q=tbn:ANd9GcRHlldEusu9hOwSe3ANS1gVAjDNDc6eriEBdxSGht4BOyQTjACC,"['Urna eleitoral', 'Tribunal Superior Eleitoral']"
1054,Lula pediu ao TSE que retirasse das redes o vídeo em que Moro defende a Lava Jato,Aos Fatos,https://www.aosfatos.org/noticias/lula-nao-pediu-tse-derrubasse-video-moro-defendendo-lava-jato/,Falso,2024-11-01 07:00:00,https://encrypted-tbn1.gstatic.com/images?q=tbn:ANd9GcTMf8nWCs7LFQl1JmmF0yBkyQkKXchlJKiAJlggJsw83t6zqoG1,"['Luiz Inácio Lula da Silva', 'Sergio Moro', 'Tribunal Superior Eleitoral', 'Operação Lava Jato', 'Vídeo', 'Rede de computadores']"
1055,Mike Benz afirmou em entrevista que funcionários do governo americano trabalharam no TSE em 2022,Aos Fatos,https://www.aosfatos.org/noticias/nao-ha-provas-funcionarios-governo-americano-trabalharam-tse-2022/,Falso,2025-02-20 08:00:00,https://encrypted-tbn2.gstatic.com/images?q=tbn:ANd9GcS8Xv7ra5pySwRJIDa5l1SAcq_HQgVGeumlusCNR_xaXIdYTEmh,"['Tribunal Superior Eleitoral', 'Estados Unidos', 'Governo', '2022', 'Entrevista', 'Funcionário']"
1056,Site do TSE mostra o total de doações recentes feitas por apoiadores para Bolsonaro via Pix,Aos Fatos,https://www.aosfatos.org/noticias/video-dados-tse-nao-doacoes-pix-para-bolsonaro/,Falso,2023-06-27 07:00:00,https://encrypted-tbn1.gstatic.com/images?q=tbn:ANd9GcRW_5BUwJSnSVuYERk39ZFHxA4Flx7JNi03NZ-sKOagOywF7Nbj,"['Jair Bolsonaro', 'Tribunal Superior Eleitoral', 'PIX', 'Doação']"
1057,Ministro Kassio Nunes Marques mudou opinião dos ministros do TSE sobre o voto impresso,Estadão,https://www.estadao.com.br/estadao-verifica/nunes-marques-mudou-opiniao-do-tse-sobre-voto-impresso-enganoso/,Falso,2024-12-12 08:00:00,https://encrypted-tbn3.gstatic.com/images?q=tbn:ANd9GcQtStg8pl3BfoprIMHzZWYEbqM-H8TloOA1slKL7GNHjnLA9kWa,"['Nunes Marques', 'Comprovante de votação verificado pelo eleitor', 'Votação', 'Tribunal Superior Eleitoral', 'Ministro', 'Ministro do Tribunal Superior Eleitoral do Brasil', 'Opinião']"
1058,"TSE rejeitou processo de inelegibilidade de Bolsonaro, que poderá concorrer às eleições de 2026",Aos Fatos,https://www.aosfatos.org/noticias/falso-tse-bolsonaro-elegivel-2026/,Falso,2024-05-20 07:00:00,https://encrypted-tbn3.gstatic.com/images?q=tbn:ANd9GcRGvXVlGHJdT9h1hWh2P2UTRqTzf7jwwglqTOm1uDj1f5OKLoeX,"['Jair Bolsonaro', 'Tribunal Superior Eleitoral', 'Inelegibilidade', 'Eleição', 'Inelegibilidade de Jair Bolsonaro', 'Processo judicial', '2026']"
1059,Alexandre de Moraes trocou 48 urnas em cima da hora em SP para derrubar Marçal e favorecer Boulos,Estadão,https://www.estadao.com.br/estadao-verifica/alexandre-de-moraes-trcou-48-urnas-ultima-hora-sao-paulo-falso/,Falso,2024-10-16 07:00:00,https://encrypted-tbn2.gstatic.com/images?q=tbn:ANd9GcTbguzouODkxy6_l9VG0O0fHGEfaeBgFpWJGkSpXC-OR4xVoNcz,"['Alexandre de Moraes', 'Urna eleitoral', 'Guilherme Boulos', 'São Paulo', 'Pablo Marçal']"
1060,"Quatro vídeos que circulam nas redes sociais mostram eleitores tentando acessar os dados da votação de suas respectivas seções eleitorais no site do TSE. No entanto, o número de nenhuma das seções aparece na plataforma. Os casos são de dois eleitores que votaram no exterior (em Toronto, no Canadá, e em Miami, nos Estados Unidos) e dois que votaram no Brasil (em Colíder, em Mato Grosso, e Passos, em Minas Gerais). Nos vídeos, os cidadãos alegam que os votos não foram computados e que, portanto, teria havido fraude no pleito.",Folha - UOL,https://www1.folha.uol.com.br/poder/2022/11/secoes-eleitorais-que-nao-aparecem-em-site-do-tse-foram-agregadas-a-outras.shtml,Falso,2022-11-16 08:00:00,https://encrypted-tbn3.gstatic.com/images?q=tbn:ANd9GcQXryy4ngOJvR4RuMn5AJzuMg2ZHsp-ufjcld_Y-CttIb2FxvET,"['Eleição', 'Tribunal Superior Eleitoral', 'Votação', 'Mato Grosso', 'Brasil', 'Estados Unidos', 'Passos']"
1061,TSE entregou códigos de segurança das urnas eletrônicas para a Venezuela e negou acesso para auditores brasileiros,Aos Fatos,https://www.aosfatos.org/noticias/tse-nao-entregou-codigos-de-seguranca-das-urnas-venezuelanos-licitacao-citada-sequer-ocorreu/,Falso,2018-09-18 07:00:00,nan,"['Tribunal Superior Eleitoral', 'Urna eleitoral', 'Urna eletrônica', 'Brasil', 'Venezuela', 'Auditoria']"
1062,TSE mandou retirar todos os vídeos do 7 de Setembro da internet,Aos Fatos,https://www.aosfatos.org/noticias/e-falso-que-tse-ordenou-que-todos-os-videos-dos-atos-de-7-de-setembro-sejam-excluidos-da-internet/,Falso,2022-09-22 07:00:00,https://encrypted-tbn3.gstatic.com/images?q=tbn:ANd9GcSsi5gyOJ9WbucfCupbzYYyCtJvj2byNEVo9B2ZoNTwUC5R8or2,"['Tribunal Superior Eleitoral', 'Vídeo', 'Dia da Independência do Brasil', 'Setembro', 'Internet']"
1063,Modelos anteriores à UE2020 apresentam código incorreto que inviabilizam conferência dos boletins das urnas,Aos Fatos,https://www.aosfatos.org/noticias/relatorio-pl-tse-bolsonaro-segundo-turno/,Falso,2022-11-22 08:00:00,https://encrypted-tbn3.gstatic.com/images?q=tbn:ANd9GcQ5QL53Qc9P8QiWYHAhWWH87N8lqrW9jswLueTr355FUX5ejD7m,['Urna eleitoral']
1064,"Logs apresentaram nomes de eleitores, o que violou sigilo do voto",Aos Fatos,https://www.aosfatos.org/noticias/relatorio-pl-tse-bolsonaro-segundo-turno/,Falso,2022-11-22 08:00:00,https://encrypted-tbn3.gstatic.com/images?q=tbn:ANd9GcQ5QL53Qc9P8QiWYHAhWWH87N8lqrW9jswLueTr355FUX5ejD7m,"['Eleição', 'Votação', 'Nome']"
1066,TSE anulou a eleição de deputado federal Nikolas Ferreira por fraude em BH,Aos Fatos,https://www.aosfatos.org/noticias/falso-tse-anulou-eleicao-nikolas-ferreira-deputado-federal/,Falso,2023-04-05 07:00:00,https://encrypted-tbn0.gstatic.com/images?q=tbn:ANd9GcSTrURZGIuw9iSLOhPFDj4fyNPEmuqLgUckqEbbxAm8vEq2tTfe,"['Nikolas Ferreira', 'Tribunal Superior Eleitoral', 'Eleição', 'Deputado Federal do Brasil', 'Deputado', 'Fraude', 'Belo Horizonte']"
1067,TSE admite que o PCC tem sim uma ligação com o PT de Lula,Projeto Comprova,https://projetocomprova.com.br/publica%C3%A7%C3%B5es/tse-nao-admitiu-ligacao-entre-pt-e-pcc-diferentemente-do-que-sugere-video/,Falso,2022-08-26 07:00:00,nan,"['Partido dos Trabalhadores', 'Partido dos Trabalhadores', 'Primeiro Comando da Capital', 'Tribunal Superior Eleitoral', 'Luiz Inácio Lula da Silva']"
1068,TSE reduziu urnas no Exterior e aumentou nos presídios,Aos Fatos,https://www.aosfatos.org/noticias/tse-urnas-exterior-presidios/,Falso,2022-10-01 07:00:00,https://encrypted-tbn3.gstatic.com/images?q=tbn:ANd9GcRhKYr820zo0v1DCxB7cVOt6yuB0EPWGA3BWhkD9HgN4yRzS5oM,"['Tribunal Superior Eleitoral', 'Urna eleitoral']"
1070,Hackers invadiram o sistema do TSE durante a totalização de votos do primeiro turno das Eleições 2022,Aos Fatos,https://www.aosfatos.org/noticias/falso-hackers-russos-tse/,Falso,2022-10-18 07:00:00,https://encrypted-tbn0.gstatic.com/images?q=tbn:ANd9GcQY2Rb-lDr_HPfW-TcWGyLZ_rCmAlw6YRmU6BZM2Y0DAoBZ3ZF8,"['Tribunal Superior Eleitoral', 'Eleição', 'Votação', 'Hacker', 'Sistema', '2022']"
1071,Servidor do TSE que totaliza os votos fica nos Estados Unidos,Aos Fatos,https://www.aosfatos.org/noticias/falso-hackers-russos-tse/,Falso,2022-10-18 07:00:00,https://encrypted-tbn0.gstatic.com/images?q=tbn:ANd9GcQY2Rb-lDr_HPfW-TcWGyLZ_rCmAlw6YRmU6BZM2Y0DAoBZ3ZF8,"['Tribunal Superior Eleitoral', 'Votação', 'Servidor', 'Estados Unidos']"
1072,"Militares brasileiros ordenaram ao presidente do TSE, Alexandre de Moraes, que houvesse segundo turno",Aos Fatos,https://www.aosfatos.org/noticias/falso-hackers-russos-tse/,Falso,2022-10-18 07:00:00,https://encrypted-tbn0.gstatic.com/images?q=tbn:ANd9GcQY2Rb-lDr_HPfW-TcWGyLZ_rCmAlw6YRmU6BZM2Y0DAoBZ3ZF8,"['Tribunal Superior Eleitoral', 'Alexandre de Moraes', 'Brasil', 'Presidente', 'Presidente do Tribunal Superior Eleitoral do Brasil']"
1074,Bolsonaro ficou sem nenhum voto durante uma hora no primeiro turno das Eleiçòes 2022,Aos Fatos,https://www.aosfatos.org/noticias/falso-hackers-russos-tse/,Falso,2022-10-18 07:00:00,https://encrypted-tbn0.gstatic.com/images?q=tbn:ANd9GcQY2Rb-lDr_HPfW-TcWGyLZ_rCmAlw6YRmU6BZM2Y0DAoBZ3ZF8,"['Eleição', 'Votação', 'Jair Bolsonaro', '2022']"
1075,Alexandre de Moraes intimou André Valadão para se retratar sobre Lula,Aos Fatos,https://www.aosfatos.org/noticias/tse-nao-obrigou-pastor-andre-valadao-a-se-retratar-nas-redes-sociais/,Falso,2022-10-20 07:00:00,https://encrypted-tbn0.gstatic.com/images?q=tbn:ANd9GcSXGyugW5ricTsiV8Mscrgjvsq9kEXoQRPahWbs8aGfUaR1kgq_,"['André Valadão', 'Alexandre de Moraes', 'Luiz Inácio Lula da Silva']"
1076,Supercomputador do TSE não é físico e tribunal não controla equipamento,Aos Fatos,https://www.aosfatos.org/noticias/e-falso-que-tse-nao-controle-supercomputador-responsavel-por-somar-votos/,Falso,2020-11-28 08:00:00,https://encrypted-tbn2.gstatic.com/images?q=tbn:ANd9GcReTLroj451hZAx6Y1UhyEbAXwIEo_5SqUxwJ35W84M8M1PVO-l,"['Tribunal Superior Eleitoral', 'Supercomputador', 'Tribunal']"
1077,TSE foi hackeado por uma criança de 14 anos que filiou Lula ao PL,Estadão,https://www.estadao.com.br/estadao-verifica/sistema-tse-hackeado-crianca-14-anos/,Falso,2024-11-01 07:00:00,https://encrypted-tbn1.gstatic.com/images?q=tbn:ANd9GcSXlSdkNEdjfuAAarzkQVfFXAkuCi9OksdPhJgAPGC56G4DVjnq,"['Tribunal Superior Eleitoral', 'Luiz Inácio Lula da Silva', 'Partido Liberal', 'Criança']"
1078,Ministros do TSE levaram apenas um minuto e seis segundos para cassar Deltan Dallagnol,Aos Fatos,https://www.aosfatos.org/noticias/falso-julgamento-tse-deltan-dallagnol-dois-minutos/,Falso,2023-05-22 07:00:00,https://encrypted-tbn3.gstatic.com/images?q=tbn:ANd9GcRPlM3m8su47nEkcSeXj_QgMU6K9vLpERxo48mltEKe6T1BmHLU,"['Deltan Dallagnol', 'Tribunal Superior Eleitoral', 'Ministro', 'Segundo', 'Ministro do Tribunal Superior Eleitoral do Brasil', 'Cassação de direitos políticos', 'Minuto']"
1080,Queixas sobre urnas devem ser reportadas pelo aplicativo Pardal,Aos Fatos,https://www.aosfatos.org/noticias/queixas-sobre-urnas-nao-serao-feitas-pelo-app-pardal-do-tse-em-2022/,Não_É_Bem_Assim,2022-10-01 07:00:00,https://encrypted-tbn1.gstatic.com/images?q=tbn:ANd9GcRTmHbcZJkkzNaK3RW2TMNbIjmInL7DIudiA6eVHrXxSkO7tFzN,"['Urna eleitoral', 'Aplicativo móvel']"
1081,"Nos EUA, na conferência Defcon, comprovaram a existência de falhas de segurança nas urnas eletrônicas",Aos Fatos,https://www.aosfatos.org/noticias/nao-e-verdade-que-urnas-eletronicas-do-tse-podem-ser-invadidas-pela-internet/,Falso,2021-07-23 07:00:00,nan,"['Urna eletrônica', 'Urna eleitoral', 'Eletrônica', 'Estados Unidos', 'DEFCON', 'Existência']"
1082,Urnas eletrônicas são conectadas à internet no momento da totalização dos votos,Aos Fatos,https://www.aosfatos.org/noticias/nao-e-verdade-que-urnas-eletronicas-do-tse-podem-ser-invadidas-pela-internet/,Falso,2021-07-23 07:00:00,nan,"['Urna eletrônica', 'Votação', 'Internet', 'Eletrônica']"
1083,"O ataque hacker ao TSE em 2020 vazou nome, CPF, foto, RG e dados biométricos",Aos Fatos,https://www.aosfatos.org/noticias/nao-e-verdade-que-urnas-eletronicas-do-tse-podem-ser-invadidas-pela-internet/,Falso,2021-07-23 07:00:00,nan,"['Tribunal Superior Eleitoral', 'Dados', 'Carteira de Identidade Nacional', 'Cadastro de Pessoas Físicas', 'Biometria', '2020', 'Hacker', 'Vazamento']"
1084,TSE terceirizou monitoramento de redes a empresa que doou para o PT,Projeto Comprova,https://projetocomprova.com.br/publica%C3%A7%C3%B5es/monitoramento-de-redes-sociais-e-de-noticias-pelo-tse-nao-significa-terceirizacao-da-censura-como-foi-expresso-em-posts/,Falso,2022-12-07 08:00:00,nan,"['Tribunal Superior Eleitoral', 'Terceirização', 'Partido dos Trabalhadores', 'Empresa', 'Partido dos Trabalhadores']"
1086,"Barroso afirma que quem conta os votos por ocasião das eleições é um supercomputador de uma empresa terceirizada, contratada pelo TSE",Projeto Comprova,https://projetocomprova.com.br/publica%C3%A7%C3%B5es/contagem-de-votos-e-feita-pelo-tse-e-nao-por-empresa-terceirizada-como-afirma-post/,"Apesar De Haver Um Prestador De Serviço De Suporte E Manutenção Dos Computadores Do Tribunal, Quem Controla Os Equipamentos São Os Próprios Servidores Do Tse.",2022-07-07 07:00:00,nan,"['Votação', 'Tribunal Superior Eleitoral', 'Eleição', 'Terceirização', 'Luís Roberto Barroso', 'Empresa', 'Supercomputador']"
1088,TSE anunciou voto online para as eleições de 2020 e quebra de sigilo do voto,UOL Notícias,https://noticias.uol.com.br/confere/ultimas-noticias/2020/10/20/tse-nao-anunciou-voto-online-para-as-eleicoes-de-2020.htm,Falso,2020-10-20 07:00:00,https://encrypted-tbn3.gstatic.com/images?q=tbn:ANd9GcQaiYA_1cSKWIvlTrVMkiV0GFhkgp9Iso7KeVzD3P2nRQiMud88,"['Eleição', 'Votação', 'Tribunal Superior Eleitoral', 'Eleições municipais no Brasil, 2020', '2020']"
1089,Homem que aparece no programa Pânico é censor do TSE,Aos Fatos,https://www.aosfatos.org/noticias/falso-censor-tse-jovem-pan/,Falso,2022-10-20 07:00:00,https://encrypted-tbn3.gstatic.com/images?q=tbn:ANd9GcRkbzRmW9E9W23_9HtPXeiOiFfwredDTEyzj6ksDKpWMEIiZL6T,"['Tribunal Superior Eleitoral', 'Pânico na TV', 'Pânico']"
1090,"Totalização travou e Bolsonaro perdeu 0,10% a 0,15% de votos a cada 2 ou 3 de minutos por uma hora, o que prova que houve fraude",Aos Fatos,https://www.aosfatos.org/noticias/falso-bolsonaro-perdeu-votos-totalizacao-apos-aplicativo-tse-travar/,Falso,2022-10-25 07:00:00,nan,"['Jair Bolsonaro', 'Votação', 'Minuto', 'Fraude']"
1091,"Ao mesmo tempo que entra voto do Nordeste, entra do Sudeste, do Sul, entra voto de tudo que é lugar",Aos Fatos,https://www.aosfatos.org/noticias/falso-bolsonaro-perdeu-votos-totalizacao-apos-aplicativo-tse-travar/,Não_É_Bem_Assim,2022-10-25 07:00:00,nan,"['Votação', 'Tempo', 'Região Sudeste do Brasil', 'Região Sul do Brasil', 'Região Nordeste do Brasil']"
1092,Apuração foi baseada em portal de notícias,UOL Notícias,https://noticias.uol.com.br/comprova/ultimas-noticias/2020/11/24/e-falso-que-o-tse-atualizou-apuracao-da-votacao-baseado-em-site-de-noticias.htm,Falso,2020-11-24 08:00:00,https://encrypted-tbn1.gstatic.com/images?q=tbn:ANd9GcR-Aa6Pab3rTZ1_NZE0n6BPvGGa75u3OJaX7uvzQxj2OYrfuzsN,"['Notícia', 'Portal']"
1093,TSE admite falhas na contagem de votos,UOL Notícias,https://noticias.uol.com.br/confere/ultimas-noticias/2022/11/08/tse-barroso-falha-votos-falso.htm,Falso,2022-11-08 08:00:00,https://encrypted-tbn1.gstatic.com/images?q=tbn:ANd9GcQXheTBjLdul07BNFd7gbvH7FLLo5MDo8P08dE681c4zUXShj9w,"['Tribunal Superior Eleitoral', 'Votação']"
1094,TSE entregou código-fonte das urnas eletrônicas à Smartmatic,Aos Fatos,https://www.aosfatos.org/noticias/e-falso-que-tse-entregou-codigo-fonte-das-urnas-eletronicas-smartmatic/,Falso,2021-08-12 07:00:00,https://encrypted-tbn1.gstatic.com/images?q=tbn:ANd9GcT4VLOd91Ncw8hA5apsK_bVqbzNr9rxzpLumuGRpv7OUIDAdjv7,"['Urna eletrônica', 'Smartmatic', 'Tribunal Superior Eleitoral', 'Código-fonte']"
1095,Alexandre de Moraes passou a presidência do TSE para Dias Toffoli,Aos Fatos,https://www.aosfatos.org/noticias/falso-dias-toffoli-presidencia-tse-alexandre-de-moraes/,Falso,2022-10-10 07:00:00,https://encrypted-tbn1.gstatic.com/images?q=tbn:ANd9GcSfvzaBNL2loKJmSNKzkatlhHBPkI-plL88kwGhfmg_pdjT3su9,"['José Antonio Dias Toffoli', 'Alexandre de Moraes', 'Tribunal Superior Eleitoral', 'Presidente do Brasil']"
1097,Seção de eleitora de São Pedro da Aldeia sumiu e voto não foi contabilizado,Aos Fatos,https://www.aosfatos.org/noticias/falso-tse-nao-contabilizou-voto-sao-pedro-da-aldeia/,Falso,2022-11-08 08:00:00,https://encrypted-tbn3.gstatic.com/images?q=tbn:ANd9GcSDtU1SppMEcCerInb2MURIEiMsg7XL5ZcuIg4X724TiyLsMniX,"['Votação', 'Eleitor', 'São Pedro da Aldeia']"
1098,Como denunciar a urna em caso de erro,Projeto Comprova,https://projetocomprova.com.br/publica%C3%A7%C3%B5es/queixas-sobre-urnas-devem-ser-registradas-com-o-presidente-da-mesa-nao-em-aplicativo-do-tse/,Falso,2022-09-30 07:00:00,nan,"['Urna eleitoral', 'Denúncia']"
1099,"TSE foi hackeado por um adolescente de 14 anos, que filiou Lula (PT) ao PL, partido de Jair Bolsonaro.",Aos Fatos,https://www.aosfatos.org/noticias/falso-adolescente-hackeou-sistema-filiacao-tse/,Falso,2024-11-04 08:00:00,https://encrypted-tbn1.gstatic.com/images?q=tbn:ANd9GcSGzOm9gP1JOkDPPodt6wtK2GFKgj_os65qB-79oxDzT5OzbVok,"['Tribunal Superior Eleitoral', 'Luiz Inácio Lula da Silva', 'Partido Liberal', 'Partido dos Trabalhadores', 'Jair Bolsonaro', 'Partido político', 'Adolescência', 'Partido dos Trabalhadores']"
1100,Ministro Benedito Gonçalves aparece em foto com camiseta de Lula,Aos Fatos,https://www.aosfatos.org/noticias/e-montagem-foto-de-ministro-do-tse-com-blusa-de-lula/,Falso,2022-09-16 07:00:00,https://encrypted-tbn0.gstatic.com/images?q=tbn:ANd9GcT3XRntC8KnLzaZ7oNEIFkR3gcTJYIy_LjK1snGRxLbeWuZv9Nv,"['Luiz Inácio Lula da Silva', 'Ministro', 'Fotografia', 'Benedito Gonçalves']"
1101,Empresa contratada pelo TSE tem ligação com o PT,UOL Notícias,https://noticias.uol.com.br/comprova/ultimas-noticias/2018/10/26/empresa-contratada-pelo-tse-nao-tem-ligacao-com-o-pt.htm,Falso,2018-10-26 07:00:00,https://encrypted-tbn2.gstatic.com/images?q=tbn:ANd9GcRzJm_cwNavvDGjjQGYNCF6Zbp5BL2ZR78rK0k0ZM-dfyqRmi5q,"['Tribunal Superior Eleitoral', 'Partido dos Trabalhadores', 'Partido dos Trabalhadores']"
1102,CyberArmy vaza dados do TSE no dia da eleição,Projeto Comprova,https://projetocomprova.com.br/publica%C3%A7%C3%B5es/ataque-de-hackers-no-sistema-do-tse-nao-viola-seguranca-da-eleicao/,Falso,2020-11-15 08:00:00,nan,"['Tribunal Superior Eleitoral', 'Eleição', 'Dia da eleição', 'Dados', 'Dia']"
1104,O sistema de votos do TCE é invadido por rapaz de 19 anos,Projeto Comprova,https://projetocomprova.com.br/publica%C3%A7%C3%B5es/e-falso-que-hacker-tenha-atacado-sistema-de-votos-do-tse/,Falso,2020-11-29 08:00:00,https://encrypted-tbn0.gstatic.com/images?q=tbn:ANd9GcQAkEj_i_47m4ueiUSGra4QLLFa-JoAU5LfZx75kMT74PJJsDR5,"['Votação', 'Sistema de votação', 'Sistema']"
1105,"ITA e IME, institutos militares, fizeram protótipo de urnas para voto impresso, mas foram vetados pelo TSE (Tribunal Superior Eleitoral)",UOL Notícias,https://noticias.uol.com.br/confere/ultimas-noticias/2020/10/22/ita-ime-urnas-voto-impresso-tse.htm,Falso,2020-10-22 07:00:00,https://encrypted-tbn3.gstatic.com/images?q=tbn:ANd9GcRxNlQJpC50ByOxLNYW9mbLZOIr8qBHz4-G6Wk7pH3NWDY6wz-N,"['Comprovante de votação verificado pelo eleitor', 'Urna eleitoral', 'Tribunal Superior Eleitoral', 'Votação', 'Veto', 'Eleição', 'Instituto Militar de Engenharia', 'Instituto Tecnológico de Aeronáutica', 'Tribunal', 'Protótipo']"
1106,TSE derrubou site e mudou tarja nas redes sociais após live argentina,UOL Notícias,https://noticias.uol.com.br/confere/ultimas-noticias/2022/11/07/live-apuracao-argentina-fraude-tse-facebook-instagram.htm,Falso,2022-11-07 08:00:00,https://encrypted-tbn3.gstatic.com/images?q=tbn:ANd9GcTms7LXiVm43NiQg24WAzCgEQyK0WdTP2x2VZaQEZK-et1dib_L,"['Tribunal Superior Eleitoral', 'Rede de computadores', 'Live streaming', 'Rede social']"
1107,TSE probiu pessoas com febre ou diagnosticadas com Covid-19 de votar nas eleições do próximo domingo.,Aos Fatos,https://www.aosfatos.org/noticias/tse-nao-impede-votacao-de-diagnosticados-com-covid-19-apenas-orienta-o-nao-comparecimento/,Falso,2020-11-12 08:00:00,https://encrypted-tbn1.gstatic.com/images?q=tbn:ANd9GcTBvZdPqR5Ugs-kPh9iK8dP4-K04ActvEYmVYIolQkJKBG-A3qI,"['Tribunal Superior Eleitoral', 'COVID-19', 'Votação', 'Eleição', 'Febre']"
1109,Chefe do servidor do TSE exonerado que apontou falhas na fiscalização das inserções também faz o L,Projeto Comprova,https://projetocomprova.com.br/publica%C3%A7%C3%B5es/e-falso-que-mulher-que-faz-o-l-em-video-e-servidora-do-tse/,Falso,2022-11-01 07:00:00,nan,"['Tribunal Superior Eleitoral', 'Faz o L', 'Exoneração', 'Servidor']"
1110,Hacker foi preso por invadir o sistema do TSE,Aos Fatos,https://www.aosfatos.org/noticias/hacker-foi-preso-por-vazar-dados-de-milhoes-de-brasileiros-nao-por-invadir-tse/,Falso,2022-07-21 07:00:00,https://encrypted-tbn0.gstatic.com/images?q=tbn:ANd9GcSmdThpxg1EpEQMd4ry7s9NAmPGJ_2plt3iuF076pCSw3T2UjEa,"['Hacker', 'Tribunal Superior Eleitoral', 'Prisão', 'Sistema']"
1111,TSE comprou 32 mil urnas grampeadas para definir as eleições,Projeto Comprova,https://projetocomprova.com.br/publica%C3%A7%C3%B5es/e-falso-que-tse-tem-32-mil-urnas-grampeadas-com-o-objetivo-de-fraudar-a-eleicao/,Urnas Têm Segurança Desenvolvida Pelo Próprio Tse E Passam Por Rigorosos Processos De Acompanhamento E Auditoria Por Diversas Entidades.,2022-08-01 07:00:00,nan,"['Tribunal Superior Eleitoral', 'Urna eleitoral', 'Eleição', 'Definição']"
1113,TSE destruiu 200 mil urnas para apagar rastros de fraude e enterrar chances de autoria nas eleições,Estadão,https://www.estadao.com.br/estadao-verifica/tse-detona-200-mil-urnas-para-apagar-rastro-fraude-enganoso/,Falso,2025-03-12 07:00:00,https://encrypted-tbn3.gstatic.com/images?q=tbn:ANd9GcRL6dWo2X-Lk0houLLDXWQAvWSkSJUODpxb6ihgLnhRyjx2zC6j,"['Urna eleitoral', 'Tribunal Superior Eleitoral', 'Eleição', 'Fraude']"
1117,Vídeo mostra chegada de caminhões em Brasília após Bolsonaro se tornar inelegível em junho de 2023,Aos Fatos,https://www.aosfatos.org/noticias/video-caminhoes-brasilia-nao-tem-relacao-decisao-tse-bolsonaro-inelegivel/,Falso,2023-07-03 07:00:00,https://encrypted-tbn1.gstatic.com/images?q=tbn:ANd9GcTyyxjNQdEb8WrQ84aR9HfeAHkfDWyi1-TDGNXCvk0zW41xxDO3,"['Jair Bolsonaro', 'Brasília', 'Caminhão', 'Vídeo', '2023', 'Junho']"
1119,Efeito Trump coloca elegibilidade de Bolsonaro em pauta no TSE,Estadão,https://www.estadao.com.br/estadao-verifica/efeito-trump-apos-mudancas-elegibilidade-de-bolsonaro-e-pauta-falso/,Falso,2025-01-29 08:00:00,https://encrypted-tbn1.gstatic.com/images?q=tbn:ANd9GcTr2vjao3zyY_P6AkELSh3S-sgDnZ-hm4guTF4Lc9Icqes4nYPy,"['Jair Bolsonaro', 'Tribunal Superior Eleitoral', 'Donald Trump', 'Inelegibilidade de Jair Bolsonaro']"
1120,Mesários podem ver em quem o eleitor está votando,Estadão,https://www.estadao.com.br/estadao-verifica/mesario-pode-ver-voto-eleitor-falso/,Falso,2023-11-09 08:00:00,https://encrypted-tbn1.gstatic.com/images?q=tbn:ANd9GcS6V23bY2g5mDMHJb82AklWtwEydZ3-98O9rEZJtLbhbEtyjHBD,"['Eleitor', 'Mesário']"
1121,saiu o relatório que confirma podridão do stf e tse via Moraes e companhia,UOL Notícias,https://noticias.uol.com.br/confere/ultimas-noticias/2024/07/03/e-falso-que-relatorio-comprove-podridao-do-stf-e-tse.htm,Falso,2024-07-03 07:00:00,https://encrypted-tbn3.gstatic.com/images?q=tbn:ANd9GcT_AQxcmXl9duM-eD73qhpfhda0kpcVNmH1moKdTCQW9Ud7yppQ,"['Supremo Tribunal Federal', 'Relatório', 'Alexandre de Moraes', 'Tribunal Superior Eleitoral', 'Sociedade anónima']"
1122,Moraes trocou 48 urnas para derrubar Marçal e favorecer Boulos,Projeto Comprova,https://projetocomprova.com.br/publica%C3%A7%C3%B5es/alexandre-de-moraes-nao-e-mais-do-tse-e-nao-trocou-urnas-video-mostra-ministro-votando-em-sp/,É Mentirosa A Afirmação De Que Moraes Ordenou A Troca De 48 Urnas Em São Paulo De Última Hora Para Prejudicar Marçal E Favorecer Boulos. O Magistrado Deixou O Tse Em Maio E Não Tem Mais Nenhuma Ligação Com A Corte.,2024-10-15 07:00:00,nan,"['Alexandre de Moraes', 'Urna eleitoral', 'Guilherme Boulos', 'Pablo Marçal']"
1123,Redes sociais cogitam sair do Brasil após Resolução do TSE.,Estadão,https://www.estadao.com.br/estadao-verifica/deputado-distorce-sentido-de-resolucao-do-tse-e-desinforma-sobre-regulacao-de-redes-sociais/,Falso,2024-03-08 08:00:00,https://encrypted-tbn3.gstatic.com/images?q=tbn:ANd9GcTTC2O895qenjt1B2Nka-U1sSGAs0ojgT7w08hvmTlgPCAmjXQT,"['Tribunal Superior Eleitoral', 'Rede social', 'Brasil']"
1126,TSE considera crime baixar preço dos combustíveis em ano eleitoral,UOL Notícias,https://noticias.uol.com.br/confere/ultimas-noticias/2022/09/16/post-distorce-materia-antiga-sobre-acao-ja-arquivada-pelo-tse.htm,Insustentável,2022-09-16 07:00:00,https://encrypted-tbn1.gstatic.com/images?q=tbn:ANd9GcSFvOK-ktl8PyI_WPp64SXcrfqc0rNRBrmzfrlJBsCb2KA4ULnp,"['Tribunal Superior Eleitoral', 'Eleição', 'Combustível', 'Preço', 'Crime']"
1127,"Em 2022, o TSE proibiu diminuir o preço dos combustiveis",AFP Checamos,https://checamos.afp.com/doc.afp.com.A3WV3T4,Falso,2026-03-19 07:00:00,https://encrypted-tbn1.gstatic.com/images?q=tbn:ANd9GcQtmiETqEmiSYB4uAJ957JNWge3JkJaYX5pTh_UhT1GRDPXMNCF,"['Tribunal Superior Eleitoral', 'Combustível', 'Preço', '2022']"
1129,Jair Bolsonaro foi absolvido em ações que poderiam torná-lo inelegível e poderá disputar as eleições de 2026,Estadão,https://www.estadao.com.br/estadao-verifica/bolsonaro-absolvido-eleicoes-2026/,Falso,2023-09-26 07:00:00,https://encrypted-tbn1.gstatic.com/images?q=tbn:ANd9GcRGF_Roofrd6Wi56U-zfN68jcl2SAl4zNdLVaiGf2xYHr5Rz2_W,"['Jair Bolsonaro', 'Eleição', 'Ação', 'Absolvição', '2026']"
1130,Código em título de eleitor é propaganda pró-Lula do TSE,UOL Notícias,https://noticias.uol.com.br/confere/ultimas-noticias/2022/08/19/tse-nao-faz-propaganda-de-lula-em-codigo-de-autenticacao.htm,Falso,2022-08-19 07:00:00,https://encrypted-tbn0.gstatic.com/images?q=tbn:ANd9GcQyDgpB1JwkpnB6MtpxstgqpF-l19IjOzvzFJGvkkZkCYKJZafQ,"['Luiz Inácio Lula da Silva', 'Tribunal Superior Eleitoral', 'Título de eleitor', 'Propaganda']"
1131,Terminal do mesário mostra votos de eleitores,UOL Notícias,https://noticias.uol.com.br/comprova/ultimas-noticias/2023/11/10/terminal-do-mesario-nao-mostra-votos-de-eleitores-tse-esclareceu-o-boato.htm,Falso,2023-11-10 08:00:00,https://encrypted-tbn1.gstatic.com/images?q=tbn:ANd9GcTEL0C4HUd3JI29OZRxbZgLWkThv3T8YZf-jDeszy6_h1UGDtkC,"['Terminal do mesário', 'Mesário', 'Votação', 'Eleição']"
1132,"O TSE respondeu ao Ministério da Defesa dizendo que não existe sala secreta de apuração. Mas, não é o que diz esta reportagem do Jornal Nacional de 2014. Ela mostra os detalhes dessa sala, onde 'um seleto grupo de 23 pessoas testemunhou o que a população brasileira inteira queria ver'",UOL Notícias,https://noticias.uol.com.br/confere/ultimas-noticias/2022/05/11/votos-nao-sao-apurados-em-sala-secreta-do-tse-boletins-permitem-contagem.htm,Falso,2022-05-11 07:00:00,https://encrypted-tbn1.gstatic.com/images?q=tbn:ANd9GcRU6URP4cSaoEuJyc3hnhYQ04f-286Zctp1HEbWiTt0D4J8fDNY,"['Tribunal Superior Eleitoral', 'Brasil', 'Jornal Nacional', 'Reportagem', 'Ministério da Defesa', '2014']"
1133,Alerta! Aplicativo e-Título do TSE é espião,UOL Notícias,https://noticias.uol.com.br/confere/ultimas-noticias/2022/04/13/aplicativo-e-titulo-do-tse-nao-e-espiao-entenda-permissoes.htm,Falso,2022-04-13 07:00:00,https://encrypted-tbn0.gstatic.com/images?q=tbn:ANd9GcQ6PQgp-K0jgX8spGB2NUfUAlxu0pXqGK4k0Ji_5uKT5Y0-Q16o,"['e-Título', 'Tribunal Superior Eleitoral', 'Aplicativo móvel', 'Espião']"
1134,T5E (TSE) divulgou que vai apurar os votos no Nordeste POR ÚLTIMO,UOL Notícias,https://noticias.uol.com.br/confere/ultimas-noticias/2022/10/30/tse-nao-disse-que-apuracao-terminara-no-nordeste-ordem-independe-de-estado.htm,Falso,2022-10-30 07:00:00,https://encrypted-tbn2.gstatic.com/images?q=tbn:ANd9GcQsyOIHXXs7yRK8lP4rl93zB3m-QX97qxgqNVZ3GW9KjttrLwDr,"['Tribunal Superior Eleitoral', 'Região Nordeste do Brasil', 'Votação']"
1135,ALEXANDRE DE MORAES PASSA O CARGO PARA DIAS TÓFOLLI,UOL Notícias,https://noticias.uol.com.br/confere/ultimas-noticias/2022/10/07/moraes-nao-passou-cargo-no-tse-toffoli-assume-como-ministro-substituto.htm,Falso,2022-10-07 07:00:00,https://encrypted-tbn0.gstatic.com/images?q=tbn:ANd9GcR47zDqhh5DiXTrke-vWrJl3Qa9W9NIlBAePwnytOpoUvZeooGw,['Alexandre de Moraes']
1137,STF e TSE vão cassar todos os políticos cristãos,Aos Fatos,https://www.aosfatos.org/noticias/e-falso-que-stf-e-tse-criaram-lei-para-cassar-cristaos-eleitos/,Falso,2022-07-29 07:00:00,https://encrypted-tbn3.gstatic.com/images?q=tbn:ANd9GcSozO3K-h9zPqjFrN9v0qjYlRvonHr43UBGjgOibCzIlS0s18kf,"['Cassação de direitos políticos', 'Tribunal Superior Eleitoral', 'Supremo Tribunal Federal', 'Cristianismo', 'Política']"
1138,Fiscal do TSE circula pelo Programa Pânico ao vivo,AFP Checamos,https://checamos.afp.com/doc.afp.com.32LV8DF,Falso,2022-10-21 07:00:00,https://encrypted-tbn2.gstatic.com/images?q=tbn:ANd9GcT1WMMTz-_KbkMi_7-WYYRRBrdic3r3jBDu5T3cwChHEt211nJN,"['Pânico', 'Tribunal Superior Eleitoral']"
1139,"""O TRIBUNAL ELEITORAL REJEITOU O PROCESSO DE INEGILIBIDADE DO BOLSONARO! BOLSONARO DE VOLTA EM 2026!""",UOL Notícias,https://noticias.uol.com.br/confere/ultimas-noticias/2024/05/27/e-falso-que-tse-tenha-tornado-jair-bolsonaro-elegivel-para-2026.htm,Falso,2024-05-27 07:00:00,https://encrypted-tbn1.gstatic.com/images?q=tbn:ANd9GcRPOJFmlk7jz4fjRXHyEBFLzPDscBfNRD7DSswYVBgOrJTPDWXR,"['Jair Bolsonaro', 'Tribunal Superior Eleitoral', 'Eleição', 'Processo judicial', 'Tribunal']"
1140,TSE envia censor aos estúdios do Pânico,UOL Notícias,https://noticias.uol.com.br/confere/ultimas-noticias/2022/10/20/tse-jovem-pan-censura-censor-falso.htm,Falso,2022-10-20 07:00:00,https://encrypted-tbn2.gstatic.com/images?q=tbn:ANd9GcRdJ6fRkUGZvWdT2HDylOHXzQb2475lE3DRETFrsK4hxbQnvA_p,"['Censura', 'Tribunal Superior Eleitoral', 'Pânico na TV']"
1141,TSE proíbe comemoração pelo Dia do Médico,UOL Notícias,https://noticias.uol.com.br/confere/ultimas-noticias/2022/10/21/tse-campanha-dia-do-medico-cfm-falso.htm,Falso,2022-10-21 07:00:00,https://encrypted-tbn0.gstatic.com/images?q=tbn:ANd9GcQrBTPi8uMghr9idiYg8rTqlkFiSq4SDBw8ZWKfF0Zy441BOIB5,"['Dia do Médico', 'Tribunal Superior Eleitoral']"
1142,Urna eletrônica pode ser hackeada,UOL Notícias,https://noticias.uol.com.br/confere/ultimas-noticias/2022/07/18/em-teste-do-tse-nenhum-ataque-foi-capaz-de-hackear-urnas.htm,Falso,2022-07-18 07:00:00,https://encrypted-tbn0.gstatic.com/images?q=tbn:ANd9GcR90oQ0R4orrfsCBox_9aC6__EgVNilFIoRKuICKXU1I09kFLhA,"['Urna eleitoral', 'Urna eletrônica', 'Eletrônica']"
1143,Suposta fraude em pesquisa eleitoral por telefone. Não se pode escolher a opção referente ao presidente Jair Bolsonaro.,Projeto Comprova,https://projetocomprova.com.br/publica%C3%A7%C3%B5es/nao-ha-registro-no-tse-de-suposta-pesquisa-que-impede-entrevistado-de-votar-em-bolsonaro/,"São Enganosas Postagens Que Procuram Desacreditar As Pesquisas Eleitorais Ao Mostrar, Em Vídeo, Uma Suposta Consulta Sendo Feita Por Telefone Que Não Permite O Voto Em Jair Bolsonaro. Mesmo Que A Pesquisa Seja Real, Ela Não É Oficial E Nem Pode Ser Divulgada Ao Público, Sob Pena De Multa E Prisão.",2022-08-15 07:00:00,nan,"['Jair Bolsonaro', 'Pesquisa', 'Eleição', 'Presidente', 'Telefone', 'Fraude']"
1144,"Tuíte alegando que o aplicativo de disque-denúncia do TSE, o Pardal, não aceita queixas contra o PT. A postagem inclui um vídeo de uma tentativa fracassada de denunciar a sigla.",Folha - UOL,https://www1.folha.uol.com.br/poder/2022/10/e-falso-que-aplicativo-do-tse-nao-permita-denuncias-contra-o-pt.shtml,Falso,2022-10-28 07:00:00,https://encrypted-tbn2.gstatic.com/images?q=tbn:ANd9GcQZ0CmCdpIibeD0LZpJgCprprqkLuQfMFB5kteknJgAMGWfEZ_f,"['Tribunal Superior Eleitoral', 'Partido dos Trabalhadores', 'Partido dos Trabalhadores', 'Pardal', 'Denúncia', 'Vídeo', 'Disque Denúncia']"
1145,O Tribunal Superior Eleitoral (TSE) publicou um vídeo em 2017 defendendo o voto impresso,AFP Checamos,https://checamos.afp.com/doc.afp.com.9EE7U2,Parcialmente verdadeiro,2021-07-08 07:00:00,https://encrypted-tbn0.gstatic.com/images?q=tbn:ANd9GcS4PO8zP14mvs_Xemq9aCedkt52SBi0rC3FjE9LXG4yacybhz6d,"['Comprovante de votação verificado pelo eleitor', 'Tribunal Superior Eleitoral', 'Votação', 'Eleição', 'Vídeo', '2017', 'Tribunal']"
1146,Imprensa internacional aponta início de ditadura do TSE e do STF,Projeto Comprova,https://projetocomprova.com.br/publica%C3%A7%C3%B5es/nao-ha-registros-que-imprensa-internacional-repercutiu-suposta-ditadura-do-stf-e-do-tse/,Falso,2022-11-11 08:00:00,nan,"['Tribunal Superior Eleitoral', 'Supremo Tribunal Federal', 'Imprensa', 'Ditadura']"
1147,Giuseppe Dutra Janino fraudou as urnas eletrônicas,Estadão,https://www.estadao.com.br/estadao-verifica/janino-fraude-urnas-barroso-tse-falso/,Falso,2024-05-03 07:00:00,https://encrypted-tbn2.gstatic.com/images?q=tbn:ANd9GcTs_l4439-CwXDUrQypOCdWAU2qqzY3qazYhY_Lw_kv22yGEdBR,"['Giuseppe Janino', 'Urna eletrônica', 'Urna eleitoral', 'Eletrônica']"
1148,"Foi este travestido de magistrado, que com uma só canetada proibiu Bolsonaro de mostrar as imagens do dia sete de setembro na sua propaganda eleitoral gratuita na televisão... mais uma PTralhada de toga",UOL Notícias,https://noticias.uol.com.br/confere/ultimas-noticias/2022/09/19/e-falsa-foto-de-ministro-do-tse-vestindo-roupa-com-foto-de-lula.htm,Falso,2022-09-19 07:00:00,https://encrypted-tbn0.gstatic.com/images?q=tbn:ANd9GcQRn42yTzfMW0nv9HkppcUBmImBeQxawL1N3ITvHzQiI1dTv-lt,"['Jair Bolsonaro', 'Eleição', 'Imagem', 'Magistrado', 'Campanha eleitoral', 'Dia da Independência do Brasil', 'Toga', 'Propaganda', 'Televisão']"
1150,'TSE foi HAQUEADO por criança de 14 anos',UOL Notícias,https://noticias.uol.com.br/confere/ultimas-noticias/2024/11/05/adolescente-nao-hackeou-tse-filiacao-lula-pl.htm,Falso,2024-11-05 08:00:00,https://encrypted-tbn1.gstatic.com/images?q=tbn:ANd9GcQo-NMNn_BapsdOb2vv8uokX3bJK0wTUyGQB4Fr_kTBYjCUc_BE,"['Tribunal Superior Eleitoral', 'Criança']"
1152,"Como é competente esse STF, apenas 1 minuto e 6 segundos! Dona Carmen deu até uma risadinha. Um primor de profissionalismo!",UOL Notícias,https://noticias.uol.com.br/confere/ultimas-noticias/2023/05/26/e-falso-que-julgamento-de-deltan-dallagnol-no-tse-durou-apenas-1min6seg.htm,Falso,2023-05-26 07:00:00,https://encrypted-tbn1.gstatic.com/images?q=tbn:ANd9GcQavKomzNUQuciNUy-9ot0GqrgxDLrB7gYOGmShqQD-REqZkNgu,"['Cármen Lúcia Antunes Rocha', 'Competência', 'Supremo Tribunal Federal', 'Segundo', 'Minuto']"
1154,"O aplicativo do TSE , denominado de Pardal, criado para denúncias de propaganda eleitoral irregular e outras afrontas a lei eleitoral não permite denúncias contra o PT.",Projeto Comprova,https://projetocomprova.com.br/publica%C3%A7%C3%B5es/e-falso-que-aplicativo-do-tse-nao-permita-denuncias-contra-o-pt-eleitor-deve-selecionar-federacao-partidaria/,Falso,2022-10-26 07:00:00,https://encrypted-tbn0.gstatic.com/images?q=tbn:ANd9GcQHgJUqSahjTZ33dSTL-Xe19r4tmfjzgRFS3W5znT7OKrfnXsOu,"['Tribunal Superior Eleitoral', 'Partido dos Trabalhadores', 'Eleição', 'Denúncia', 'Partido dos Trabalhadores', 'Campanha eleitoral', 'Lei']"
1155,"Exército fez questionamentos ao TSE sobre a segurança das urnas, mas o órgão não respondeu a esses pedidos.",Projeto Comprova,https://projetocomprova.com.br/publica%C3%A7%C3%B5es/e-enganoso-que-tse-descumpriu-prazos-para-responder-as-forcas-armadas-sobre-urnas-eletronicas/,Falso,2022-02-21 08:00:00,https://encrypted-tbn0.gstatic.com/images?q=tbn:ANd9GcQ13HRy1MDGzFV3ylYRyBo-_UddCUweHRzN1TLuRLWZLvNqTDs6,"['Tribunal Superior Eleitoral', 'Urna eleitoral', 'Exército']"
1156,Comandante do Exército cobra contraprovas do TSE sobre fraude nas urnas,UOL Notícias,https://noticias.uol.com.br/confere/ultimas-noticias/2022/11/04/e-falso-oficio-com-nome-do-comandante-do-exercito-ao-tse-sobre-fraude.htm,Falso,2022-11-04 07:00:00,https://encrypted-tbn3.gstatic.com/images?q=tbn:ANd9GcTMrBvmCf0tc-ai5uLc3yE9p6VficT4kgCjF1UKDvSj9ttZAj7s,"['Tribunal Superior Eleitoral', 'Fraude', 'Exército', 'Comandante', 'Fraude nas urnas eletrônicas', 'Urna eleitoral']"
1157,"Essa alma é JIUSEPPE DUTRA JANINO, chefe do setor de T.I do SUP TRIBUNAL ELEITORAL?. Atolado até os cabelos na fraude das urnas?. Vamos deixar ele famoso?! Pediu demissão e hoje é assessor de Luís Roberto Barroso. Só isso",UOL Notícias,https://noticias.uol.com.br/confere/ultimas-noticias/2023/04/22/e-falso-que-ex-diretor-de-ti-do-tse-trabalhe-como-assessor-de-barroso.htm,Falso,2023-04-22 07:00:00,https://encrypted-tbn0.gstatic.com/images?q=tbn:ANd9GcSS2WBO-9VRlNQ6QI75_-g9UBLdAJBKeg8PtVFvl5MaS5Hkqc2T,"['Luís Roberto Barroso', 'Giuseppe Janino', 'Tribunal Superior Eleitoral', 'Fraude nas urnas eletrônicas', 'Tecnologia da informação', 'Eleição', 'Conselheiro', 'Urna eleitoral', 'Tribunal', 'Fraude']"
1158,Forças Armadas encurralaram TSE e exigiram perícias em urnas eletrônicas,UOL Notícias,https://noticias.uol.com.br/comprova/ultimas-noticias/2018/09/28/forcas-armadas-nao-exigiriam-que-tse-fizesse-pericias-em-urnas-eletronicas.htm,Falso,2018-09-28 07:00:00,https://encrypted-tbn3.gstatic.com/images?q=tbn:ANd9GcRjshypzyio36nXONN6XbMgH3xIs2qrQUCwDoVGxqUK3QWZ2yWe,"['Urna eletrônica', 'Tribunal Superior Eleitoral', 'Forças armadas']"
1159,"Em vídeo, ministro do TSE admite que urnas foram fraudadas",AFP Checamos,https://checamos.afp.com/doc.afp.com.33P649W,Parcialmente verdadeiro,2023-07-14 07:00:00,https://encrypted-tbn0.gstatic.com/images?q=tbn:ANd9GcRPLG3DyhyLzUaLuFTp7wipW4bGSg2Cimot1oZyDsqt28FSEO7O,"['Tribunal Superior Eleitoral', 'Ministro do Tribunal Superior Eleitoral do Brasil', 'Urna eleitoral', 'Ministro', 'Vídeo']"
1160,Dias Toffoli assumiu o TSE no lugar de Alexandre de Moraes em 4 de outubro de 2022,AFP Checamos,https://checamos.afp.com/doc.afp.com.32L46LP,Falso,2022-10-10 07:00:00,https://encrypted-tbn1.gstatic.com/images?q=tbn:ANd9GcSSTlXg9l9hUVMxgv3G_LuUDpJYmBlxofMSGWq9l-dHQB9YRDE8,"['José Antonio Dias Toffoli', 'Tribunal Superior Eleitoral', 'Alexandre de Moraes', 'Outubro', '2022']"
1161,Ataque hacker compromete segurança das eleições municipais de 2020.,AFP Checamos,https://checamos.afp.com/ataque-de-hackers-no-sistema-do-tse-nao-afeta-seguranca-da-eleicao-dizem-especialistas-e-barroso,Falso,2020-11-16 08:00:00,https://encrypted-tbn2.gstatic.com/images?q=tbn:ANd9GcT9DOI1gU9-w7I5Tr7X9zD-NFGav-k07vjJQrebv0xoT_I-MqdA,"['Eleição', 'Hacker', 'Eleições municipais no Brasil', '2020', 'Eleições municipais no Brasil, 2020']"
1163,Só o Brasil usa urnas eletrônicas,Estadão,https://www.estadao.com.br/estadao-verifica/apenas-brasil-urna-eletronica-falso/,Falso,2024-10-08 07:00:00,https://encrypted-tbn2.gstatic.com/images?q=tbn:ANd9GcQBq5bRLsBSbQbN7XekxSQCvE7lPwuSsrhyYOdDXcj3cD3dcwuv,"['Urna eletrônica', 'Urna eleitoral', 'Brasil', 'Eletrônica']"
1164,Eleitor deve aguardar a mensagem “confirma seu voto” na urna eletrônica antes de finalizar a votação,Aos Fatos,https://www.aosfatos.org/noticias/falso-urnas-eletronicas-mensagem-confirma-o-seu-voto/,Falso,2024-10-05 07:00:00,https://encrypted-tbn1.gstatic.com/images?q=tbn:ANd9GcSXlYH7fUnWollcEcX8PBhe-nKuW1uLbetwVPWZ-k40pRrA_8RR,"['Urna eleitoral', 'Votação', 'Máquina de votação', 'Eleitor', 'Mensagem', 'Eletrônica']"
1165,Lula perdeu todas as eleições feitas com cédulas de papel e venceu todas após as urnas eletrônicas,Aos Fatos,https://www.aosfatos.org/noticias/falso-que-lula-so-venceu-eleicoes-apos-urnas-eletronicas/,Falso,2025-12-09 08:00:00,https://encrypted-tbn1.gstatic.com/images?q=tbn:ANd9GcRe5e01nS8_OJfem_RbqwCjJv7y3lPetCtiTa6iWoWPz3OyEiZ8,"['Luiz Inácio Lula da Silva', 'Urna eletrônica', 'Eleição', 'Urna eleitoral', 'Cédula eleitoral', 'Papel', 'Eletrônica']"
1167,TSE vai destruir 195 mil urnas para esconder provas de fraude,Aos Fatos,https://www.aosfatos.org/noticias/tse-destruir-urnas-provas-fraude/,Falso,2025-02-27 08:00:00,nan,"['Tribunal Superior Eleitoral', 'Urna eleitoral', 'Fraude', 'Prova']"
1168,Nos falta a possibilidade de auditar se o voto computado e totalizado eletronicamente corresponde materialmente ao voto impresso,Aos Fatos,https://www.aosfatos.org/noticias/relatorio-novo-codigo-eleitoral-usa-desinformacao-justificar-voto-impresso/,Falso,2025-08-25 07:00:00,https://encrypted-tbn2.gstatic.com/images?q=tbn:ANd9GcTjp31mOKOEh0NBcm_m8RBROcofAPv6gq1zQK98pElN3LExhMUf,"['Comprovante de votação verificado pelo eleitor', 'Votação', 'Auditoria']"
1169,Demonstração mostra fraudes em urnas,AFP Checamos,https://checamos.afp.com/doc.afp.com.36KD4EP,Falso,2024-10-18 07:00:00,https://encrypted-tbn1.gstatic.com/images?q=tbn:ANd9GcSVVBT54oF_QXGaqPD9Hx764uGn9qACIoLb2GFasDpn-kQfuir_,"['Urna eleitoral', 'Fraude']"
1170,Urnas brasileiras não mudaram,UOL Notícias,https://noticias.uol.com.br/confere/ultimas-noticias/2022/08/26/eleicoes-terao-seis-modelos-de-urna-eletronica-conheca-cada-um.htm,Falso,2022-08-26 07:00:00,https://encrypted-tbn0.gstatic.com/images?q=tbn:ANd9GcT8F0ZEvT9OWZKI_YTOd2jBQK6eNNDbp88n2eheTZzau26_qqP1,"['Urna eletrônica', 'Urna eleitoral', 'Brasil']"
1171,Voto será anulado se eleitor confirmar escolha após mensagem para conferir a opção,Folha - UOL,https://www1.folha.uol.com.br/poder/2022/09/e-falso-que-voto-sera-anulado-se-eleitor-confirmar-escolha-apos-mensagem-para-conferir-a-opcao.shtml,Falso,2022-09-29 07:00:00,https://encrypted-tbn3.gstatic.com/images?q=tbn:ANd9GcRbq3qrJwncVOr-PDywYHPny-ON__SeMPqAKsQXF9KuAxRGj3OH,"['Votação', 'Eleitor', 'Mensagem', 'Escolha']"
1172,Donald Trump elogiou urnas eletrônicas brasileiras,Aos Fatos,https://www.aosfatos.org/noticias/trump-elogiou-identificacao-biometrica-nao-urna-eletronica-brasileira/,Não_É_Bem_Assim,2025-03-27 07:00:00,https://encrypted-tbn2.gstatic.com/images?q=tbn:ANd9GcTm17Pe5wVQSJGdVPIvP4lE4lh3R7gxjCg_zmoao6vG9RmaNNyh,"['Urna eletrônica', 'Donald Trump', 'Brasil']"
1173,Não é possível auditar urnas eletrônicas,Estadão,https://www.estadao.com.br/estadao-verifica/video-com-afirmacao-falsa-de-que-nao-e-possivel-identificar-urnas-durante-auditoria-volta-a-circular/,Falso,2023-03-16 07:00:00,https://encrypted-tbn3.gstatic.com/images?q=tbn:ANd9GcRCf6lSKeHyiKFsx1kh5Rp8JG_94ySqbaSKlEP3N3MyD-2zhzqA,"['Urna eletrônica', 'Urna eleitoral', 'Auditoria']"
1174,Urnas eletrônicas não são certificadas pelo Inmetro,Aos Fatos,https://www.aosfatos.org/noticias/urna-eletronica-tse-certificada-inmetro/,Falso,2022-02-11 08:00:00,https://encrypted-tbn2.gstatic.com/images?q=tbn:ANd9GcSglixTcoQ9_YZz9MLcudPHr4z3M1S3kFMssRFHYD2BWXLgdhGR,"['Urna eletrônica', 'Urna eleitoral', 'Instituto Nacional de Metrologia, Qualidade e Tecnologia', 'Inmetro']"
1175,Globo disse que convenção de hackers em Las Vegas comprovou que as urnas eletrônicas brasileiras são hackeáveis,Estadão,https://www.estadao.com.br/estadao-verifica/influenciador-portugues-globo-urnas-eletronicas-hackeadas-eua/,Falso,2024-04-25 07:00:00,https://encrypted-tbn1.gstatic.com/images?q=tbn:ANd9GcQi3Ro_c6fW0jdxiL7UKuAE8ph69upkdzsHeU_U3Y4KACoGFuo7,"['Urna eletrônica', 'Brasil', 'Hacker', 'O Globo', 'Las Vegas']"
1176,As eleições de 2022 usaram modelos de urna antigos que não são passíveis de auditoria.,Aos Fatos,https://www.aosfatos.org/noticias/site-argentino-mentiras-urna-eletronica/,Falso,2022-11-07 08:00:00,nan,"['Urna eleitoral', 'Eleição', 'Eleições presidenciais brasileiras, 2022', '2022', 'Auditoria']"
1177,Diferenças nos logs das urnas mostram que foram usados dois software e dois códigos-fonte diferentes,Aos Fatos,https://www.aosfatos.org/noticias/site-argentino-mentiras-urna-eletronica/,Falso,2022-11-07 08:00:00,nan,"['Urna eleitoral', 'Código-fonte', 'Software', 'Log de dados']"
1178,"Bolsonaro não recebeu nenhum voto em urnas antigas, que não passaram por auditoria",Aos Fatos,https://www.aosfatos.org/noticias/site-argentino-mentiras-urna-eletronica/,Falso,2022-11-07 08:00:00,nan,"['Urna eleitoral', 'Votação', 'Jair Bolsonaro', 'Auditoria']"
1179,"Eleitor perderá voto caso aperte a tecla “confirma” da urna eletrônica enquanto o equipamento exibir o aviso ""Confira seu voto""",Estadão,https://www.estadao.com.br/estadao-verifica/confira-seu-voto-confirma-anula-falso/,Falso,2024-10-04 07:00:00,https://encrypted-tbn1.gstatic.com/images?q=tbn:ANd9GcRiJwYFW_9JgDjycfII_hPAW4BWDVF7LHjVtfI6ksjDhh9dIw59,"['Votação', 'Eleitor', 'Urna eleitoral', 'Máquina de votação', 'Eletrônica']"
1180,Equipamento de votação troca voto de Trump para Kamala em Kentucky,Estadão,https://www.estadao.com.br/estadao-verifica/urna-eletronica-kentucky-troca-voto-kamala-trump-enganoso/,Falso,2024-11-04 08:00:00,https://encrypted-tbn2.gstatic.com/images?q=tbn:ANd9GcQLdh9_Fkwb9x5pGZdvHF0Htxk92_GmvL-RK13AQmjT2IBRzI0Z,"['Votação', 'Kamala Harris', 'Donald Trump', 'Kentucky']"
1181,"Dos 193 países no mundo apenas três usam urnas eletrônicas: Brasil, Cuba e Venezuela",AFP Checamos,https://checamos.afp.com/alem-do-brasil-mais-15-paises-usam-urnas-eletronicas-em-cuba-votacoes-usam-cedulas-de-papel,Falso,2020-10-06 07:00:00,https://encrypted-tbn3.gstatic.com/images?q=tbn:ANd9GcRaL83z6ip2FaMYkLXCgqanibARVimqqj0SEt4l7wSJBSsqe1NU,"['Urna eleitoral', 'Cuba', 'Brasil', 'País', 'Urna eletrônica', 'Venezuela']"
1182,"Apenas Brasil, Venezuela e Cuba utilizam urnas eletrônicas nas eleições",Aos Fatos,https://www.aosfatos.org/noticias/brasil-venezuela-cuba-unicos-paises-urna-eletronica/,Falso,2020-10-08 07:00:00,https://encrypted-tbn2.gstatic.com/images?q=tbn:ANd9GcQ68HcUnUGcWX3CLkX8VHUN6C1KruR4K5xgUwnxDzQL4j-8rWjp,"['Cuba', 'Urna eleitoral', 'Venezuela', 'Brasil', 'Urna eletrônica', 'Eleição', 'Eletrônica']"
1184,Lula quer o comprovante do voto impresso para confirmar a vitória do Maduro na Venezuela porque não confia nas urnas eletrônicas,Aos Fatos,https://www.aosfatos.org/noticias/falso-lula-criticou-urna-eletronica-atas-eleitorais-venezuela/,Falso,2024-09-18 07:00:00,https://encrypted-tbn2.gstatic.com/images?q=tbn:ANd9GcRHmPrrg-c8tYK_G3UwD2_OURa9rqoIZhrB13mAwLv_Ad9DN_Zu,"['Luiz Inácio Lula da Silva', 'Urna eleitoral', 'Venezuela', 'Votação', 'Nicolás Maduro', 'Comprovante de votação verificado pelo eleitor', 'Eletrônica', 'Urna eletrônica']"
1185,Urna registrou um voto para Lula e um voto para Bolsonaro ao mesmo tempo,Aos Fatos,https://www.aosfatos.org/noticias/painel-de-mesario-mostra-numero-de-eleitores-com-biometria-nao-votos-para-lula-e-bolsonaro/,Falso,2022-10-31 07:00:00,https://encrypted-tbn3.gstatic.com/images?q=tbn:ANd9GcRoKVec0CZk8Krsn0YXe2rZVnyoEO2T9Z7NPEXkNz8ElDOyhdsO,"['Jair Bolsonaro', 'Votação', 'Luiz Inácio Lula da Silva', 'Urna eleitoral']"
1186,A adoção do voto auditável é absolutamente necessária para garantir a democracia no Brasil,AFP Checamos,https://checamos.afp.com/urnas-eletronicas-ja-permitem-recontagem-de-votos-no-brasil-ao-contrario-do-sugerido-nas-redes,Parcialmente verdadeiro,2021-04-29 07:00:00,https://encrypted-tbn0.gstatic.com/images?q=tbn:ANd9GcT7SlfVTm2o9kch2-SuCqy1kwbGfAcmQN3FkjLMrCcB9ANkayZ0,"['Votação', 'Brasil', 'Democracia', 'Pará', 'Adoção']"
1187,Urna eletrônica não permite recontagem de votos,UOL Notícias,https://noticias.uol.com.br/confere/ultimas-noticias/2020/10/07/urna-eletronica-permite-recontagem-de-votos-no-brasil.htm,Falso,2020-10-07 07:00:00,https://encrypted-tbn1.gstatic.com/images?q=tbn:ANd9GcQqKRI1K71Ykuh4dNNd8ozjeQ2_SR7F8VXi1wvvt-li2NxVBche,"['Máquina de votação', 'Urna eleitoral', 'Votação', 'Eletrônica']"
1188,"""Só o Brasil usa urna eletrônica"", ""Só países em desenvolvimento usam urna eletrônica""",UOL Notícias,https://noticias.uol.com.br/confere/ultimas-noticias/2020/10/02/brasil-nao-e-o-unico-pais-a-usar-urnas-eletronicas.htm,Falso,2020-10-02 07:00:00,https://encrypted-tbn1.gstatic.com/images?q=tbn:ANd9GcS9GMZJQziA19KJjALZv77Dp5CLKPu-HV8EFNwqZzP88rbOGUnv,"['Urna eleitoral', 'Brasil', 'Máquina de votação', 'País', 'Estados Unidos', 'País em desenvolvimento']"
1189,A urna eletrônica pode ser hackeada; os resultados das eleições podem ser hackeados,UOL Notícias,https://noticias.uol.com.br/confere/ultimas-noticias/2020/10/01/eleicoes-2020-a-urna-eletronica-pode-ser-hackeada.htm,Falso,2020-10-01 07:00:00,https://encrypted-tbn3.gstatic.com/images?q=tbn:ANd9GcQsPBG3CVTxaCL7pBsaFMuhXLJ55TSIj1pHCtgfOS4Qcd9trKYx,"['Máquina de votação', 'Urna eleitoral', 'Eleição', 'Eletrônica']"
1190,"Não adiantou apagarem o vídeo. Foi resgatado e será repassado aos milhões, basta cada um de nós receber esse vídeo e repassar ao máximo. Vamos dar a nossa contribuição",UOL Notícias,https://noticias.uol.com.br/comprova/ultimas-noticias/2024/03/11/post-usa-video-antigo-de-urnas-dos-eua-para-questionar-eleicoes-no-brasil.htm,Falso,2024-03-11 07:00:00,https://encrypted-tbn1.gstatic.com/images?q=tbn:ANd9GcTBEUPbCnp584pXhOmR0nbZnUmGQWNb6AwNU-VCmLREiRPGTmZG,['Vídeo']
1193,"O ataque hacker ao TSE em 2020 vazou nome, CPF, foto, RG e dados biométricos",Aos Fatos,https://www.aosfatos.org/noticias/nao-e-verdade-que-urnas-eletronicas-do-tse-podem-ser-invadidas-pela-internet/,Falso,2021-07-23 07:00:00,nan,"['Tribunal Superior Eleitoral', 'Biometria', 'Cadastro de Pessoas Físicas', 'Carteira de Identidade Nacional', '2020', 'Dados', 'Hacker', 'Vazamento']"
1197,Conexão com a internet permite fraude no flash card das urnas eletrônicas,Aos Fatos,https://www.aosfatos.org/noticias/carregamento-cartao-memoria-urna-eletronica-nao-favorece-acao-hackers/,Falso,2022-03-29 07:00:00,https://encrypted-tbn2.gstatic.com/images?q=tbn:ANd9GcQt3dE9RRXwb-camGYPDrEoU4HublfPbf7vjkZEnqQwFQecHTkE,"['Urna eletrônica', 'Eletrônica', 'Internet', 'Fraude']"
1198,Votação pela urna eletrônica pode ser manipulada via internet,UOL Notícias,https://noticias.uol.com.br/confere/ultimas-noticias/2021/07/17/votacao-urna-eletronica-internet-hacker.htm,Falso,2021-07-17 07:00:00,https://encrypted-tbn3.gstatic.com/images?q=tbn:ANd9GcQjEx8DCZv21xr7Lyz2y43HsFl6VMz3e1x0e0enYKKdY6HMEJfS,"['Máquina de votação', 'Urna eleitoral', 'Votação', 'Internet', 'Eletrônica']"
1199,é possível alterar votos nas urnas brasileiras,O GLOBO,https://oglobo.globo.com/fato-ou-fake/e-fake-que-video-prove-que-possivel-fraudar-urna-eletronica-24754795,Falso,2020-11-19 08:00:00,https://encrypted-tbn2.gstatic.com/images?q=tbn:ANd9GcT6r1boq42kqmhywwKeWF_JswkJazy32aXOBrpsPH4GoDF7KdzD,"['Urna eleitoral', 'Urna eletrônica', 'Votação']"
1200,"Urna eletrônica não é tecnologia, nem é confiável, é malandragem, ocorre fraude",AFP Checamos,https://checamos.afp.com/usada-desde-1996-no-brasil-urna-eletronica-nunca-teve-comprovacao-de-fraude,Falso,2020-10-06 07:00:00,https://encrypted-tbn3.gstatic.com/images?q=tbn:ANd9GcSYMhMj3NLyHDVHEn0yY7M9NbAK5lIv7wsD6LrpQh42E2MVxncU,"['Máquina de votação', 'Urna eleitoral', 'Fraude', 'Eletrônica', 'Tecnologia']"
1203,A urna eletrônica pode ser infectada por vírus malicioso que altera ou rouba dados?,UOL Notícias,https://noticias.uol.com.br/confere/ultimas-noticias/2020/10/08/virus-urna-eletronica-dados.htm,Falso,2020-10-08 07:00:00,https://encrypted-tbn0.gstatic.com/images?q=tbn:ANd9GcSI7Z1eE3oMFlddG23oHV255WuCAsCzVgea3TOH8BU9kPbbeNDo,"['Máquina de votação', 'Urna eleitoral', 'Dados', 'Eletrônica', 'Vírus de computador']"
1204,Urna eletrônica foi fabricada na Venezuela,UOL Notícias,https://noticias.uol.com.br/confere/ultimas-noticias/2020/10/05/urna-eletronica-brasil-fabricada-venezuela.htm,Falso,2020-10-05 07:00:00,https://encrypted-tbn1.gstatic.com/images?q=tbn:ANd9GcTEAZYYGKjex1yZeaSyr5GL-EzOkBUhhzrzpVSAZPyojKLM3dC5,"['Urna eleitoral', 'Máquina de votação', 'Venezuela', 'Eletrônica']"
1206,"Tentativa de fraude em Campo Grande, urna eletrônica sendo transportada em uber.",UOL Notícias,https://noticias.uol.com.br/confere/ultimas-noticias/2022/10/02/transporte-de-urna-eletronica-em-campo-grande-ms-nao-foi-irregular.htm,Insustentável,2022-10-02 07:00:00,https://encrypted-tbn2.gstatic.com/images?q=tbn:ANd9GcTnu2VYc2bmjf_iL5f3AA6nextOvcBjBEW-KE7xl2JdQ7X9rdKe,"['Máquina de votação', 'Urna eleitoral', 'Campo Grande', 'Eletrônica', 'Fraude']"
1208,Policiais militares encontraram urna eletrônica fraudada no Distrito Federal,Aos Fatos,https://www.aosfatos.org/noticias/e-falso-que-policiais-militares-encontraram-urna-eletronica-fraudada-no-distrito-federal/,Falso,2020-10-23 07:00:00,nan,"['Fraude', 'Máquina de votação', 'Urna eleitoral', 'Polícia', 'Forças armadas', 'Polícia militar', 'Brasília', 'Eletrônica']"
1209,"Hackers invadem urnas eletrônicas, mas TSE insiste que são seguras. Você confia?",Aos Fatos,https://www.aosfatos.org/noticias/site-publica-informacoes-falsas-e-distorcidas-sobre-ataque-hacker-a-urna-eletronica/,Falso,2018-07-23 07:00:00,https://encrypted-tbn1.gstatic.com/images?q=tbn:ANd9GcR8WAI2tpuCcZTeu5QDSwTHJLzYmkLD4oCdkks0YuOF56uIz4gI,"['Urna eletrônica', 'Hacker', 'Tribunal Superior Eleitoral']"
1210,Luís Roberto Barroso e EUA agiram para comprar chips fraudulentos de Taiwan para roubar votos para Lula em 2022,Estadão,https://www.estadao.com.br/estadao-verifica/barroso-comprou-chips-adulterados-taiwan-roubar-votos-lula-falso/,Falso,2025-08-14 07:00:00,https://encrypted-tbn3.gstatic.com/images?q=tbn:ANd9GcTsQZK51XiX5p6nheDlDgjzfdadpgc1bwRJwmXKSrYEIUc3PTY5,"['Luís Roberto Barroso', 'Taiwan', 'Votação', 'Circuito integrado', 'Luiz Inácio Lula da Silva', '2022', 'Estados Unidos']"
1211,"A IMAGEM mostra o código fonte quebrado. Ela contém todas as informações, eleitor por eleitor. Quando votou, onde votou e, na última coluna (que não aparece), em quem votou. Todas essas informações estão, repito, contidas no CF, ora rompido. A se confirma: 17,5 na escala richter.",UOL Notícias,https://noticias.uol.com.br/confere/ultimas-noticias/2024/08/22/codigo-urna-nao-revela-voto.htm,Falso,2024-08-22 07:00:00,https://encrypted-tbn1.gstatic.com/images?q=tbn:ANd9GcT2xKXN5Jh340MaIEad6w4DUaw3q2OJXTBWSYY58pLtYBHascuN,"['Eleitor', 'Código-fonte', 'Escala de Richter', 'Informação', 'Imagem']"
1212,Policiais dizem que urnas no DF já continham votos antes das eleições de 2022,AFP Checamos,https://checamos.afp.com/doc.afp.com.32K77GK,Falso,2022-09-26 07:00:00,https://encrypted-tbn1.gstatic.com/images?q=tbn:ANd9GcTKrxihyjud4pMwKbE1PcSujCQQ5hA3hsFeHIUx-WVjtsqhvXKq,"['Urna eleitoral', 'Polícia', 'Eleição', 'Votação', 'Brasília', '2022', 'Eleições presidenciais brasileiras, 2022']"
1214,"Inconformada com derrota nas urnas, esquerda boliviana tenta derrubar Paz com violência",AFP Checamos,https://checamos.afp.com/doc.afp.com.B4BU7T3,Falso,2026-05-28 07:00:00,https://encrypted-tbn2.gstatic.com/images?q=tbn:ANd9GcQ_xhsuyzT83y2tchqoO6yPBbi4sNPIiaiNwqFrRNkz4tSoGPs2,"['Bolívia', 'Esquerda', 'Violência', 'Urna eleitoral']"
1216,Lula perdeu todas as eleições com votação manual e nunca perdeu eleição com urna eletrônica,AFP Checamos,https://checamos.afp.com/doc.afp.com.88868T3,Falso,2025-12-15 08:00:00,https://encrypted-tbn2.gstatic.com/images?q=tbn:ANd9GcR8OKJ10MVHQHu4T8jI6M5Qcaz6jPGHNto57WuSqk_R0MfRg3Jm,"['Luiz Inácio Lula da Silva', 'Eleição', 'Votação', 'Urna eleitoral', 'Máquina de votação', 'Eletrônica']"
1218,No congresso americano todas as urnas foram hackeadas em menos de duas horas,UOL Notícias,https://noticias.uol.com.br/comprova/ultimas-noticias/2025/11/10/urnas-eletronicas-brasileiras-nao-foram-fraudadas-em-evento-em-las-vegas.htm,Falso,2025-11-10 08:00:00,https://encrypted-tbn0.gstatic.com/images?q=tbn:ANd9GcTLhxlS0ljFsvcwJhelnjb3GH3HYXQiI78SoRwpJQoyFNqhDwLz,"['Urna eleitoral', 'Congresso']"
1219,No congresso americano todas as urnas foram hackeadas em menos de duas horas,Projeto Comprova,https://projetocomprova.com.br/publica%C3%A7%C3%B5es/urnas-eletronicas-brasileiras-nao-foram-fraudadas-em-evento-em-las-vegas/,Falso,2025-11-07 08:00:00,nan,"['Urna eleitoral', 'Congresso']"
1223,[Conclusão do inquérito do PSDB:] as urnas são inauditáveis. Não sou eu que disse isso.,Aos Fatos,https://www.aosfatos.org/noticias/apos-se-tornar-reu-bolsonaro-mente-sobre-8-de-janeiro-e-eleicoes/,Falso,2025-03-26 07:00:00,https://encrypted-tbn1.gstatic.com/images?q=tbn:ANd9GcSrH4Zyltx2R39Zh9dyV6KCPdZpUEBLprY0UnXIljW-G6OAe4NO,"['Urna eleitoral', 'Partido da Social Democracia Brasileira', 'PSDB', 'Inquérito policial']"
1224,TSE descarta 200 mil urnas para apagar rastro da fraude e enterrar qualquer chance de auditoria,AFP Checamos,https://checamos.afp.com/doc.afp.com.372U92K,Falso,2025-03-18 07:00:00,https://encrypted-tbn0.gstatic.com/images?q=tbn:ANd9GcRETgmREgzgU9sm9CjjgJjFk0-oTOm0pHmTZFAypAgES3hrMCbG,"['Urna eleitoral', 'Tribunal Superior Eleitoral', 'Auditoria', 'Fraude']"
1225,Elon Musk publicou um vídeo da trama do golpe das urnas,Projeto Comprova,https://projetocomprova.com.br/publica%C3%A7%C3%B5es/volta-a-circular-mentira-sobre-urnas-terem-sido-fraudadas-por-moraes-em-2022/,Falso,2025-03-13 07:00:00,https://encrypted-tbn0.gstatic.com/images?q=tbn:ANd9GcSt-JSGaFYa1JrqffNyjzS8iKuDm7aq4wHMFHknS87lJAoBCwaM,"['Urna eleitoral', 'Elon Musk', 'Vídeo']"
1227,Donald Trump elogiou urnas eletrônicas brasileiras,Aos Fatos,https://www.aosfatos.org/noticias/trump-elogiou-identificacao-biometrica-nao-urna-eletronica-brasileira/,Não_É_Bem_Assim,2025-03-27 07:00:00,https://encrypted-tbn2.gstatic.com/images?q=tbn:ANd9GcTm17Pe5wVQSJGdVPIvP4lE4lh3R7gxjCg_zmoao6vG9RmaNNyh,"['Donald Trump', 'Urna eletrônica', 'Brasil']"
1231,Smartmatic foi responsável por urnas eletrônicas de 2022 e contagem de votos,AFP Checamos,https://checamos.afp.com/doc.afp.com.36YQ723,Falso,2025-02-26 08:00:00,https://encrypted-tbn3.gstatic.com/images?q=tbn:ANd9GcQ-tHAOZ4FR9UISvLKsa785WCrI20WHF7_dNUPmHjI4eGTCSCo3,"['Smartmatic', 'Urna eleitoral', 'Urna eletrônica', 'Votação', '2022']"
1232,BOLSONARO TINHA RAZÃO. A fabricante de urnas eletrônicas dos Estados Unidos anunciou que mudou de opinião sobre a segurança eleitoral. Agora a empresa pede que o governo torne obrigatório que todas as máquinas emitam comprovante de voto em papel.,UOL Notícias,https://noticias.uol.com.br/confere/ultimas-noticias/2024/11/22/post-distorce-reportagem-sobre-urnas-dos-eua-sistema-do-brasil-e-diferente.htm,Falso,2024-11-22 08:00:00,https://encrypted-tbn0.gstatic.com/images?q=tbn:ANd9GcSZdvwM36CEC_HoFKl3ylUSmM4SpNPgypeji0PnQcl3PD4cMKkH,"['Urna eleitoral', 'Votação', 'Estados Unidos', 'Eleição', 'Jair Bolsonaro', 'Máquina', 'Segurança eleitoral', 'Eletrônica', 'Papel']"
1233,Urnas no Arkansas não permitem voto em Trump,Aos Fatos,https://www.aosfatos.org/noticias/falso-urnas-arkansas-impediram-voto-trump/,Falso,2024-11-06 08:00:00,https://encrypted-tbn0.gstatic.com/images?q=tbn:ANd9GcSsEhlv-lUi6hRG0OYfxU9wlhtfzqOwNIle-wIO7bCoFH44R_0j,"['Donald Trump', 'Votação', 'Urna eleitoral']"
1234,URGENTE URNAS ONDE TRUMP TEM MAIOR INTENÇÃO DE VOTOS ESTÃO SENDO QUEIMADOS,UOL Notícias,https://noticias.uol.com.br/confere/ultimas-noticias/2024/11/05/trump-nao-tem-maior-intencao-de-votos-onde-urnas-foram-queimadas.htm,Falso,2024-11-05 08:00:00,https://encrypted-tbn1.gstatic.com/images?q=tbn:ANd9GcQkK8Nki4rbyqbj24k9U32BFGV-QTNeIxd7TK6WkUNnFOMg38ER,"['Donald Trump', 'Urna eleitoral', 'Votação', 'Queimados']"
1235,"Urnas eletrônicas em Kentucky (EUA), NÃO PERMITEM que os eleitores selecionem o nome de Trump",UOL Notícias,https://noticias.uol.com.br/confere/ultimas-noticias/2024/11/05/urnas-eletronicas-nao-estao-trocando-votos-de-trump-por-kamala-nos-eua.htm,Falso,2024-11-05 08:00:00,https://encrypted-tbn1.gstatic.com/images?q=tbn:ANd9GcQjEvdiLa1iapl0Su9ITbU4TqlPG5RsxQbA4Ld-eJMGfyzbSIC1,"['Donald Trump', 'Urna eleitoral', 'Estados Unidos', 'Eleição', 'Urna eletrônica', 'Eletrônica', 'Kentucky']"
1236,"Primeira urna aberta nos Estados Unidos indica vitória de Donald Trump, pois houve um empate. Em 2020, Trump perdeu na mesma região",Estadão,https://www.estadao.com.br/estadao-verifica/primeira-urna-eua-vitoria-trump-kamala-enganoso/,Falso,2024-11-05 08:00:00,https://encrypted-tbn3.gstatic.com/images?q=tbn:ANd9GcSsJDDYv882NH-COhlBk7RKA9hDbHuMAvx6OpAfbq98oLJlpJtk,"['Donald Trump', 'Urna eleitoral', 'Estados Unidos', '2020', 'Empate']"
1237,Urnas em que Donald Trump lidera estão sendo queimadas nos Estados Unidos,Aos Fatos,https://www.aosfatos.org/noticias/falso-trump-lidera-pesquisas-estados-onde-urnas-foram-incendiadas/,Falso,2024-11-05 08:00:00,https://encrypted-tbn0.gstatic.com/images?q=tbn:ANd9GcT47eZtwAiU98HZgVcIeCWiKYLYI4HLRIHTXUzpnMSrUAeecIbp,"['Donald Trump', 'Urna eleitoral', 'Estados Unidos', 'Queimada']"
1238,Urnas de votação antecipada foram queimadas em estados onde Donald Trump é favorito,Estadão,https://www.estadao.com.br/estadao-verifica/urnas-queimadas-estados-trump-favorito-enganoso/,Falso,2024-11-04 08:00:00,https://encrypted-tbn1.gstatic.com/images?q=tbn:ANd9GcR03ik5Q7JqN2fz9c5V-grAPpVJKz1QbiC6Zq4OYwO7j53gVuxp,"['Donald Trump', 'Urna eleitoral', 'Votação', 'Queimada', 'Voto antecipado']"
1239,Urnas eletrônicas dos EUA estão escondendo nome de Donald Trump da lista de candidatos,Aos Fatos,https://www.aosfatos.org/noticias/falso-urnas-california-escondem-nome-de-trump/,Falso,2024-11-01 07:00:00,https://encrypted-tbn2.gstatic.com/images?q=tbn:ANd9GcSsJjW4vg0pwS457F_rbrb4whvaiCi5oTNy0rkA7AaTZtxWjBWx,"['Urna eleitoral', 'Donald Trump', 'Candidato', 'Urna eletrônica', 'Nome', 'Estados Unidos']"
1240,6 mil urnas foram trocadas em Fortaleza,UOL Notícias,https://noticias.uol.com.br/confere/ultimas-noticias/2024/10/27/e-falso-que-seis-mil-urnas-foram-substituidas-em-fortaleza.htm,Falso,2024-10-27 07:00:00,https://encrypted-tbn2.gstatic.com/images?q=tbn:ANd9GcS0rbIdLxWr5GckzwzC5osB8GoP99RQIitnpY4g_29g3lUrgumZ,"['Urna eleitoral', 'Fortaleza']"
1241,Marçal ficou 1 hora e 9 minutos sem receber um voto! Matematicamente impossível. Este é o Brasil. Um circo. Ou o Brasil destrói essas urnas... ou nosso fim está bem próximo.,UOL Notícias,https://noticias.uol.com.br/confere/ultimas-noticias/2024/10/31/falso-pablo-marcal-1h-sem-voto.htm,Falso,2024-10-31 07:00:00,https://encrypted-tbn0.gstatic.com/images?q=tbn:ANd9GcTAncQB_EZCHvii-iElsXttO6ssrniI1o8xkUsFQiTuGgL-jQ8D,"['Pablo Marçal', 'Votação', 'Brasil', 'Urna eleitoral', 'Matemática', 'Circo']"
1242,O sistema trocou mais de mil urnas nesse segundo turno em Fortaleza. Por que o sistema trocou mais de mil urnas?,UOL Notícias,https://noticias.uol.com.br/confere/ultimas-noticias/2024/10/30/ce-tres-urnas-foram-substituidas-no-segundo-turno-e-nao-mil-em-fortaleza.htm,Falso,2024-10-30 07:00:00,https://encrypted-tbn1.gstatic.com/images?q=tbn:ANd9GcSfpKENK4rEdi01v_Ana4mRU1U2D5j9ucM9CNTkyb46KwZbpG6i,"['Urna eleitoral', 'Fortaleza', 'Sistema']"
1243,6 mil urnas foram trocadas no segundo turno das eleições de 2024 em Fortaleza,AFP Checamos,https://checamos.afp.com/doc.afp.com.36L762V,Falso,2024-10-29 07:00:00,https://encrypted-tbn3.gstatic.com/images?q=tbn:ANd9GcTPgp4E05DvbkP4lz5UZ64Lo23OU6tVR_a7WLmOr3tld11zYqdk,"['Eleição', 'Urna eleitoral', '2024', 'Eleições municipais no Brasil em 2024', 'Fortaleza']"
1244,Mais de mil urnas eletrônicas foram trocadas em Fortaleza no segundo turno,Aos Fatos,https://www.aosfatos.org/noticias/falso-mil-urnas-substituidas-em-fortaleza/,Falso,2024-10-28 07:00:00,https://encrypted-tbn0.gstatic.com/images?q=tbn:ANd9GcS3hpRZ7syCyxg40GtvoAQWzIIO8zDswQCGI3mLufti_-8IZ4VT,"['Urna eleitoral', 'Urna eletrônica', 'Fortaleza']"
1245,Mais de mil urnas foram trocadas em Fortaleza,Estadão,https://www.estadao.com.br/estadao-verifica/urnas-trocadas-fortaleza-falso/,Falso,2024-10-28 07:00:00,https://encrypted-tbn1.gstatic.com/images?q=tbn:ANd9GcRLJyRaQkcd_-8773ndKSVBVzZn0sFMY1N5IbwtYOaGNAA313bx,"['Urna eleitoral', 'Fortaleza']"
1246,TRE escolhe urnas que passarão por auditoria,Estadão,https://www.estadao.com.br/estadao-verifica/urnas-escolhidas-para-teste-enganoso/,Falso,2024-10-27 07:00:00,https://encrypted-tbn0.gstatic.com/images?q=tbn:ANd9GcQnloJcdZOtH3vjqimtG3YPhKnGWRz8nhcY8CGReqMxSVPCU22I,"['Urna eleitoral', 'Tribunal Regional Eleitoral', 'Auditoria']"
1247,Seis mil urnas foram trocadas em Fortaleza,Estadão,https://www.estadao.com.br/estadao-verifica/6-mil-urnas-trocadas-fortaleza-enganoso/,Falso,2024-10-27 07:00:00,https://encrypted-tbn2.gstatic.com/images?q=tbn:ANd9GcTn0CW0Vss-Wa1SncAIsixPl6AUU58_WClyV9fFx99Rmk7e_SJU,"['Urna eleitoral', 'Fortaleza']"
1250,"Transporte de urnas eletrônicas é trabalho do TSE, não da Comlurb",UOL Notícias,https://noticias.uol.com.br/comprova/ultimas-noticias/2024/10/15/comlurb-participa-de-distribuicao-de-urnas-no-rio-de-janeiro-desde-1996.htm,Falso,2024-10-15 07:00:00,https://encrypted-tbn1.gstatic.com/images?q=tbn:ANd9GcREbhNpJndWfnsy4AdBYOlX7UGhsU8vUEGYZJHH9To2va-lkfi0,"['Urna eleitoral', 'Comlurb', 'Tribunal Superior Eleitoral', 'Transporte', 'Urna eletrônica', 'Trabalho']"
1253,Prefeitura de Belford Roxo recolheu urnas eletrônicas no dia das eleições sem presença do Tribunal Regional Eleitoral,Estadão,https://www.estadao.com.br/estadao-verifica/belford-roxo-transporte-irregular-de-urnas-enganoso/,Falso,2024-10-11 07:00:00,https://encrypted-tbn2.gstatic.com/images?q=tbn:ANd9GcQHwPsDjdWmxVIbROilp-TChq6XSYn5iADNe6zGqtMs3Fgtiloc,"['Belford Roxo', 'Urna eleitoral', 'Eleição', 'Tribunal Superior Eleitoral', 'Urna eletrônica', 'Dia da eleição', 'Prefeito no Brasil', 'Tribunal', 'Dia']"
1254,Alexandre de Morães trocou 48 urnas em cima da hora em São Paulo para derrubar Marçal e favorecer Boulos,UOL Notícias,https://noticias.uol.com.br/confere/ultimas-noticias/2024/10/10/e-falso-que-moraes-trocou-48-urnas-em-sao-paulo-para-favorecer-boulos.htm,Falso,2024-10-10 07:00:00,https://encrypted-tbn1.gstatic.com/images?q=tbn:ANd9GcQC-SrKr9KTA9KrzMk3G-igHVfu7VFTDmgjj_4uJU7CIQvslHwA,"['Alexandre de Moraes', 'Urna eleitoral', 'Pablo Marçal', 'São Paulo', 'Guilherme Boulos']"
1255,"""Urgente em Jandira facção sequestrou as urnas eletrônicas, TSE está negociando o resgate""",UOL Notícias,https://noticias.uol.com.br/confere/ultimas-noticias/2024/10/09/faccao-urnas-jandira-falso.htm,Falso,2024-10-09 07:00:00,https://encrypted-tbn2.gstatic.com/images?q=tbn:ANd9GcTayABdbWvt_vz-GRHsk-I0_vCJx9JIGzuBUFpVryLu8O2_Jbg1,"['Urna eleitoral', 'Jandira', 'Tribunal Superior Eleitoral', 'Urna eletrônica', 'Sequestro', 'Eletrônica']"
1256,Facção criminosa sequestrou urnas eletrônicas em Jandira,Aos Fatos,https://www.aosfatos.org/noticias/falso-video-equador-para-alegar-faccao-criminosa-sequestrou-urnas-sp/,Falso,2024-10-08 07:00:00,https://encrypted-tbn0.gstatic.com/images?q=tbn:ANd9GcTrdvxChZsdWTXyVUqa7zSAW-3rrVR5iIOwrrjHizBpJjnmtLEe,"['Urna eleitoral', 'Urna eletrônica', 'Criminoso', 'Sequestro', 'Jandira']"
1257,Alexandre de Moraes trocou 48 urnas em SP para prejudicar Marçal,Aos Fatos,https://www.aosfatos.org/noticias/falso-que-alexandre-de-moraes-trocou-urnas-prejudicar-marcal/,Falso,2024-10-08 07:00:00,https://encrypted-tbn3.gstatic.com/images?q=tbn:ANd9GcRghWdr5B0l4vQyoX6WDfFt6f5zhB0OB_U-vIxoVaoOeH5shdT2,"['Alexandre de Moraes', 'Urna eleitoral', 'Pablo Marçal', 'São Paulo']"
1259,Mulher não conseguiu votar para vereador no Acre porque não apareceu opção na urna,Estadão,https://www.estadao.com.br/estadao-verifica/mulher-nao-pode-votar-em-vereador-no-acre-enganoso/,Falso,2024-10-07 07:00:00,https://encrypted-tbn2.gstatic.com/images?q=tbn:ANd9GcQph1Gvw4huB2hvj3wm-C7juac3pFtfUq3Tbrv_AYZtPu3x0XYS,"['Votação', 'Vereador', 'Acre', 'Urna eleitoral', 'Mulher']"
1261,Transporte irregular de urnas em Itacoatiara compromete eleições no Amazonas,Estadão,https://www.estadao.com.br/estadao-verifica/transporte-irregular-de-urnas-em-itacoatiara-am-nao-afetou-integridade-dos-aparelhos-de-votacao/,Falso,2024-10-05 07:00:00,https://encrypted-tbn3.gstatic.com/images?q=tbn:ANd9GcTY3KRlVkfCrF6ZvEx6YecQXHZyUS3wxtoC1AcGYFuPP-BC_kVR,"['Urna eleitoral', 'Eleição', 'Transporte', 'Amazonas', 'Itacoatiara']"
1262,"Com 97,63% das urnas apuradas, Bolsonaro estava com 55,38% dos votos, enquanto Lula tinha somente 35,80%",Estadão,https://www.estadao.com.br/estadao-verifica/bolsonaro-55-lula-35-fraude-eleitoral-enganoso/,Falso,2024-10-05 07:00:00,https://encrypted-tbn1.gstatic.com/images?q=tbn:ANd9GcQ9w-VLrlKt84T1PJZwJpo1SrmowB9YrG7EH99cP7UjStN8WNHy,"['Jair Bolsonaro', 'Votação', 'Luiz Inácio Lula da Silva', 'Urna eleitoral', '1963', '1955']"
1263,Eleitor deve aguardar a mensagem “confirma seu voto” na urna eletrônica antes de finalizar a votação,Aos Fatos,https://www.aosfatos.org/noticias/falso-urnas-eletronicas-mensagem-confirma-o-seu-voto/,Falso,2024-10-05 07:00:00,https://encrypted-tbn1.gstatic.com/images?q=tbn:ANd9GcSXlYH7fUnWollcEcX8PBhe-nKuW1uLbetwVPWZ-k40pRrA_8RR,"['Votação', 'Urna eleitoral', 'Máquina de votação', 'Eleitor', 'Mensagem', 'Eletrônica']"
1264,Ricardo Nunes (MDB) se irritou com Pablo Marçal (PRTB) porque o ex-coach usou tempo do debate para ficar repetindo o próprio número de urna,Aos Fatos,https://www.aosfatos.org/noticias/corte-enganoso-reacao-nunes-marcal-debate/,Falso,2024-10-04 07:00:00,https://encrypted-tbn3.gstatic.com/images?q=tbn:ANd9GcTfUjSbqsjSTXiq3GsO0GnUTsR4_YNM8Xy4wEYIS8yuxQ51Hll6,"['Ricardo Nunes', 'Pablo Marçal', 'Debate', 'PMDB', 'Tempo', 'Partido Renovador Trabalhista Brasileiro', 'Movimento Democrático Brasileiro', 'Urna eleitoral', 'Número']"
1265,"Eleitor perderá voto caso aperte a tecla “confirma” da urna eletrônica enquanto o equipamento exibir o aviso ""Confira seu voto""",Estadão,https://www.estadao.com.br/estadao-verifica/confira-seu-voto-confirma-anula-falso/,Falso,2024-10-04 07:00:00,https://encrypted-tbn1.gstatic.com/images?q=tbn:ANd9GcRiJwYFW_9JgDjycfII_hPAW4BWDVF7LHjVtfI6ksjDhh9dIw59,"['Votação', 'Urna eleitoral', 'Eleitor', 'Máquina de votação', 'Eletrônica']"
1266,A urna conta secretamente o seu voto,AFP Checamos,https://checamos.afp.com/doc.afp.com.36J6862,Falso,2024-10-03 07:00:00,https://encrypted-tbn1.gstatic.com/images?q=tbn:ANd9GcTJzX3z7O8OF1_SGCFFJxrC1MuobRK6z3bK0lFNAsKzdOXMmTAG,"['Urna eleitoral', 'Votação']"
1267,"Pressionar a tecla verde ""confirma"" antes de a mensagem ""confira o seu voto"" desaparecer da urna eletrônica vai anular o seu voto",Aos Fatos,https://www.aosfatos.org/noticias/voto-nao-e-anulado-se-eleitor-apertar-confirma-durante-alerta-para-conferir-escolhas/,Falso,2024-10-01 07:00:00,nan,"['Votação', 'Urna eleitoral', 'Máquina de votação', 'Mensagem', 'Eletrônica']"
1268,Lula quer o comprovante do voto impresso para confirmar a vitória do Maduro na Venezuela porque não confia nas urnas eletrônicas,Aos Fatos,https://www.aosfatos.org/noticias/falso-lula-criticou-urna-eletronica-atas-eleitorais-venezuela/,Falso,2024-09-18 07:00:00,https://encrypted-tbn2.gstatic.com/images?q=tbn:ANd9GcRHmPrrg-c8tYK_G3UwD2_OURa9rqoIZhrB13mAwLv_Ad9DN_Zu,"['Luiz Inácio Lula da Silva', 'Venezuela', 'Urna eleitoral', 'Votação', 'Nicolás Maduro', 'Comprovante de votação verificado pelo eleitor', 'Urna eletrônica', 'Eletrônica']"
1270,"Se você apertar na tecla confirma na urna, seu voto é anulado",AFP Checamos,https://checamos.afp.com/doc.afp.com.36G63T2,Falso,2024-09-12 07:00:00,https://encrypted-tbn3.gstatic.com/images?q=tbn:ANd9GcR62WrgVV9z4Pqn3eeKu2c-h27pttKxCM-qho0MJV0Hhh-KXhsa,"['Votação', 'Urna eleitoral']"
1271,"Homem afirma, em vídeo, que o eleitor pode perder o voto caso aperte a tecla “Confirma” ao aparecer mensagem de verificação “Confira seu voto” na tela da urna eletrônica.",Folha - UOL,https://www1.folha.uol.com.br/poder/2024/09/eleitor-nao-perde-voto-ao-apertar-a-tecla-confirma-durante-aviso-para-conferir-escolha-na-urna-eletronica.shtml,Falso,2024-09-12 07:00:00,https://encrypted-tbn2.gstatic.com/images?q=tbn:ANd9GcTRRYcp5aUHi4tWFVNNKjOVAR-g5auqI9xd-IJSReADYAkjV923,"['Votação', 'Eleitor', 'Máquina de votação', 'Urna eleitoral', 'Eletrônica', 'Mensagem', 'Vídeo', 'Homem']"
1272,Eleitor pode perder o voto ao apertar a tecla confirma na urna eletrônica,Metrópoles,https://www.metropoles.com/projeto-comprova/video-antigo-mente-sobre-urna-eletronica,Falso,2024-09-10 07:00:00,https://encrypted-tbn1.gstatic.com/images?q=tbn:ANd9GcQJ8wD4j-UVsEgTFwLRpASoxRHFRPA1sv3NJ2XJeFPMVhtUthP8,"['Máquina de votação', 'Urna eleitoral', 'Votação', 'Eleitor', 'Eletrônica']"
1273,EUA construíram urnas para o Brasil,UOL Notícias,https://noticias.uol.com.br/comprova/ultimas-noticias/2024/09/09/post-engana-ao-afirmar-que-os-eua-teriam-construido-urnas-para-o-brasil.htm,Falso,2024-09-09 07:00:00,https://encrypted-tbn3.gstatic.com/images?q=tbn:ANd9GcSynK_cl1awBzaHu9cLOEO3xuhjMCLsNTXEgnZkgClESHJe6rx4,"['Urna eleitoral', 'Estados Unidos', 'Brasil']"
1274,Os EUA teriam construído urnas eletrônicas para o Brasil,Metrópoles,https://www.metropoles.com/projeto-comprova/eua-urna-eletronica-brasil,Falso,2024-09-09 07:00:00,https://encrypted-tbn0.gstatic.com/images?q=tbn:ANd9GcTC18Wxxq6vSvj4lUZ4I6L_PYz8YaYES6OfAjFeDiVgI46Olg6e,"['Urna eletrônica', 'Urna eleitoral', 'Estados Unidos', 'Brasil', 'Eletrônica']"
1275,"Eles criaram um delay e colocaram no rodapé uma informação que diz ""confira o seu voto"" e se você apertar na tecla verde, você perde o seu voto. O seu voto é anulado",UOL Notícias,https://noticias.uol.com.br/confere/ultimas-noticias/2024/10/02/delay-urna-confira-nao-anula-voto.htm,Falso,2024-10-02 07:00:00,https://encrypted-tbn1.gstatic.com/images?q=tbn:ANd9GcShgeH81Js_49_DmmVv55br1U87p0H6vK2oSOuAXyHzpBCcwcS8,"['Votação', 'Rodapé', 'Informação']"
1276,Tecnólogo desafia o sistema e revela com detalhes como as urnas foram fraudadas. Ele expõe com detalhes o caminho dos votos roubados de Bolsonaro,Estadão,https://www.estadao.com.br/estadao-verifica/nulos-brancos-transferidos-lula-2022-falso/,Falso,2024-08-27 07:00:00,https://encrypted-tbn2.gstatic.com/images?q=tbn:ANd9GcQUk6ZM4Gc6aaiiHDnMf14cspw8ao-iCxAWC4qAEKzwhoj97EkS,"['Votação', 'Urna eleitoral', 'Jair Bolsonaro', 'Sistema', 'Curso superior de tecnologia', 'Roubo']"
1277,Tecnólogo desafia o sistema e revela com detalhes como as urnas foram fraudadas. Ele expõe com detalhes o caminho dos votos roubados de Bolsonaro,UOL Notícias,https://noticias.uol.com.br/comprova/ultimas-noticias/2024/08/26/e-falso-que-lula-tenha-recebido-votos-nulos-ou-em-branco-em-2022.htm,Falso,2024-08-26 07:00:00,https://encrypted-tbn0.gstatic.com/images?q=tbn:ANd9GcT8kI4CARH7cDApoD7ofqMEmDnjnfNBDR9Cxj7Dtc3_Ht8Mx9HA,"['Votação', 'Urna eleitoral', 'Jair Bolsonaro', 'Sistema', 'Curso superior de tecnologia']"
1279,Eleitor pode perder o voto ao apertar a tecla confirma,Projeto Comprova,https://projetocomprova.com.br/publica%C3%A7%C3%B5es/eleitor-nao-perde-voto-ao-apertar-confirma-durante-aviso-para-conferir-escolha-na-urna-eletronica/,Falso,2024-09-09 07:00:00,nan,"['Votação', 'Eleitor']"
1280,Vídeo mostra homens de Maduro roubando urnas,Estadão,https://www.estadao.com.br/estadao-verifica/homens-encapuzados-roubam-urnas-enganoso/,Falso,2024-07-31 07:00:00,https://encrypted-tbn0.gstatic.com/images?q=tbn:ANd9GcTpJj0bCkbwlFBxmQrBDnVYYtMmyTxLGKyelNS0bFgNZy2GKaHL,"['Urna eleitoral', 'Nicolás Maduro', 'Vídeo', 'Homem']"
1282,"Países que fizeram a eleição com cédula de papel ou urnas com voto impresso, como Paraguai, Uruguai, Equador e Argentina, tiveram derrota da esquerda",Estadão,https://www.estadao.com.br/estadao-verifica/voto-impresso-direita-esquerda-falso/,Falso,2024-06-21 07:00:00,https://encrypted-tbn0.gstatic.com/images?q=tbn:ANd9GcRxLQo3SVz8isn-NkR8FYANGo53aMOT3HbyfD-GypjFyqOa8f0r,"['Comprovante de votação verificado pelo eleitor', 'Votação', 'Eleição', 'Esquerda', 'Urna eleitoral', 'País', 'Uruguai', 'Paraguai', 'Papel']"
1284,Em 2019 a Globo noticiou que hackers numa convenção em Las Vegas hackearam urnas do modelo brasileiro em poucos minutos,Aos Fatos,https://www.aosfatos.org/noticias/influenciador-portugues-mentira-fraude-eleitoral-brasil-senado/,Falso,2024-04-25 07:00:00,https://encrypted-tbn1.gstatic.com/images?q=tbn:ANd9GcQlhoBmW39BM588j_b5lF3yyfKsMmGo4OFSZeM76KCNgfVGZzKi,"['Urna eleitoral', 'Brasil', 'Grupo Globo', 'Hacker', '2019']"
1288,Prefeitura Belo Horizonte anula eleição para Conselho Tutelar por irregularidades em urnas eletrônicas do TSE,UOL Notícias,https://noticias.uol.com.br/confere/ultimas-noticias/2023/10/17/eleicao-para-conselho-tutelar-em-bh-nao-utilizou-urnas-da-justica-eleitoral.htm,Falso,2023-10-17 07:00:00,https://encrypted-tbn2.gstatic.com/images?q=tbn:ANd9GcRcq27ZmlbDHxZ2ZNUB-dJJ4kM_B-d-n2BcMUYpmrLig7U-0_Qq,"['Eleição', 'Conselho Tutelar', 'Urna eleitoral', 'Urna eletrônica', 'Tribunal Superior Eleitoral', 'Belo Horizonte', 'Eletrônica', 'Prefeitura de Belo Horizonte', 'Prefeito no Brasil']"
1289,Prefeitura de Belo Horizonte anula eleição para Conselho Tutelar por irregularidades em urnas eletrônicas.,Estadão,https://www.estadao.com.br/estadao-verifica/falso-eleicao-conselho-tutelar-bh-usado-urnas-eletronicas-tse/,Falso,2023-10-12 07:00:00,https://encrypted-tbn3.gstatic.com/images?q=tbn:ANd9GcQmiR8xr-Cc73Th8Ih4p718Q3QFi8kQDPuKfswso7Bz5zGH5u5r,"['Urna eletrônica', 'Eleição', 'Urna eleitoral', 'Belo Horizonte', 'Conselho Tutelar', 'Prefeito no Brasil', 'Prefeitura de Belo Horizonte']"
1290,Código-fonte das urnas será aberto por conta de eleição do Conselho Tutelar,Projeto Comprova,https://projetocomprova.com.br/publica%C3%A7%C3%B5es/abertura-do-codigo-fonte-das-urnas-e-padrao-e-nao-tem-relacao-com-escolha-de-conselhos-tutelares/,Falso,2023-10-06 07:00:00,nan,"['Eleição', 'Urna eleitoral', 'Conselho Tutelar', 'Código-fonte']"
1292,Conferência anual de hackers reprovou urnas brasileiras,AFP Checamos,https://checamos.afp.com/doc.afp.com.33RC7EG,Falso,2023-08-17 07:00:00,https://encrypted-tbn0.gstatic.com/images?q=tbn:ANd9GcT79lVHqS-BSOCo9oI6AJCUk4-1OIGZGCk4qiuCsJ-2YvNTi2T0,"['Urna eletrônica', 'Urna eleitoral', 'Hacker']"
1293,Nunes Marques disse que urnas eletrônicas foram fraudadas,Aos Fatos,https://www.aosfatos.org/noticias/video-nunes-marques-urnas-fraudadas-voto-fora-de-contexto/,Falso,2023-07-12 07:00:00,https://encrypted-tbn2.gstatic.com/images?q=tbn:ANd9GcSlbYMjJxhK9iZt2CXxq1haC4jZPM628p8JmXN0RJ-YTKjR2Ohk,"['Nunes Marques', 'Urna eleitoral', 'Urna eletrônica']"
1294,sso é grave. Ministro Cássio Nunes lê texto que revela as fr4ld3s. Explica isso TSE. Urnas adulteradas ou fraudadas,UOL Notícias,https://noticias.uol.com.br/confere/ultimas-noticias/2023/07/14/nunes-marques-nao-apontou-fraude-em-urnas-video-distorce-fala-do-ministro.htm,Falso,2023-07-14 07:00:00,https://encrypted-tbn2.gstatic.com/images?q=tbn:ANd9GcRT3qmowjXuVxllKqdJTt3N2vjWz3rREOMchIgVDA6smhKYmrGU,"['Nunes Marques', 'Urna eleitoral', 'Ministro', 'Tribunal Superior Eleitoral', 'Texto']"
1295,"Gilmar Mendes fala sobre falhas nas urnas eletrônicas, incluindo mesário pianista",Estadão,https://www.estadao.com.br/estadao-verifica/gilmar-mendes-mesario-pianista-urna-eletronica/,Falso,2023-07-14 07:00:00,https://encrypted-tbn2.gstatic.com/images?q=tbn:ANd9GcQKqQmn1VJZExafSSPX5KRjq_yvpcyFZtJInxtfJ7N7kYRapQbX,"['Gilmar Mendes', 'Mesário', 'Urna eleitoral', 'Urna eletrônica']"
1297,Urnas velhas aparecem em sua maioria com ZERO voto para Bolsonaro. Na nova urna isso não acontece. A fraude foi sistémica. Lula foi só uma peça desse sistema.,Observador,https://observador.pt/factchecks/fact-check-urnas-utilizadas-nas-eleicoes-do-brasil-nao-foram-auditadas/,Errado,2022-11-23 08:00:00,https://encrypted-tbn3.gstatic.com/images?q=tbn:ANd9GcSPoSTekUtgc_77fQoKLZVgRXrfRC2VlIfGvKU-4cRTmZlv5x96,"['Urna eleitoral', 'Votação', 'Jair Bolsonaro', 'Luiz Inácio Lula da Silva', 'Maioria', 'Sistema', 'Fraude']"
1299,As empresas Probank que faziam manutenção das urnas eram de José Dirceu,AFP Checamos,https://checamos.afp.com/doc.afp.com.9KZ9Z9,Falso,2021-08-12 07:00:00,https://encrypted-tbn1.gstatic.com/images?q=tbn:ANd9GcSHVL1TFi42eAPrl6Y1_LVA7wgYpud4RLLBiMvreGPN3Rl2qijV,"['José Dirceu', 'Urna eleitoral', 'Empresa']"
1300,Voto será anulado quando só se escolhe presidente na urna,Folha - UOL,https://www1.folha.uol.com.br/poder/2022/09/e-falso-que-voto-e-anulado-quando-so-se-escolhe-presidente-na-urna.shtml,Falso,2022-09-29 07:00:00,https://encrypted-tbn2.gstatic.com/images?q=tbn:ANd9GcTLJJ0jGHkqt33hofAHO95h6bjOVovLInOglHaD-p5c05vfILbW,"['Votação', 'Presidente', 'Urna eleitoral']"
1301,Boletins de Urna com mais votos para Bolsonaro do que para Lula comprovam fraude em Minas Gerais,Projeto Comprova,https://projetocomprova.com.br/publica%C3%A7%C3%B5es/video-de-boletins-de-urnas-que-mostram-bolsonaro-com-mais-votos-do-que-lula-nao-prova-fraude/,Falso,2022-10-14 07:00:00,nan,"['Jair Bolsonaro', 'Luiz Inácio Lula da Silva', 'Urna eleitoral', 'Votação', 'Fraude', 'Minas Gerais']"
1302,"""O General Benjamin Arrola acaba de receber um relatório oficial da consultoria norte-americana Power Guidão. Ficou constatada a fraude nas urnas e será comprovado em breve pelo porta-voz das forças armadas, Alan Berrola.""",Observador,https://observador.pt/factchecks/fact-check-oficiais-das-forcas-armadas-receberam-informacoes-que-comprovam-fraude-nas-eleicoes-brasileiras/,Errado,2022-11-29 08:00:00,https://encrypted-tbn3.gstatic.com/images?q=tbn:ANd9GcQOv_Mheo-5LPg4qYWWsymKcqVbeLWVUBH6sgQDSOE1unX2YU8W,"['Fraude nas urnas eletrônicas', 'Oficial', 'Forças armadas', 'Estados Unidos', 'Porta-voz', 'Urna eleitoral', 'Relatório', 'Consultoria', 'Guidão']"
1303,"Apenas Brasil, Venezuela e Cuba utilizam urnas eletrônicas nas eleições",Aos Fatos,https://www.aosfatos.org/noticias/brasil-venezuela-cuba-unicos-paises-urna-eletronica/,Falso,2020-10-08 07:00:00,https://encrypted-tbn2.gstatic.com/images?q=tbn:ANd9GcQ68HcUnUGcWX3CLkX8VHUN6C1KruR4K5xgUwnxDzQL4j-8rWjp,"['Cuba', 'Urna eleitoral', 'Venezuela', 'Urna eletrônica', 'Brasil', 'Eleição', 'Eletrônica']"
1304,"Essa alma é JIUSEPPE DUTRA JANINO, chefe do setor de T.I do SUP TRIBUNAL ELEITORAL?. Atolado até os cabelos na fraude das urnas?. Vamos deixar ele famoso?! Pediu demissão e hoje é assessor de Luís Roberto Barroso. Só isso",UOL Notícias,https://noticias.uol.com.br/confere/ultimas-noticias/2023/04/22/e-falso-que-ex-diretor-de-ti-do-tse-trabalhe-como-assessor-de-barroso.htm,Falso,2023-04-22 07:00:00,https://encrypted-tbn0.gstatic.com/images?q=tbn:ANd9GcSS2WBO-9VRlNQ6QI75_-g9UBLdAJBKeg8PtVFvl5MaS5Hkqc2T,"['Luís Roberto Barroso', 'Giuseppe Janino', 'Tribunal Superior Eleitoral', 'Fraude nas urnas eletrônicas', 'Tecnologia da informação', 'Eleição', 'Conselheiro', 'Urna eleitoral', 'Fraude', 'Tribunal']"
1305,"Respeitando o referendo de 2005, quando optou, nas urnas, pelo direito à legítima defesa",Aos Fatos,https://www.aosfatos.org/noticias/o-que-e-e-o-que-nao-e-fato-no-discurso-de-posse-de-bolsonaro-no-congresso/,Falso,2019-01-01 08:00:00,https://encrypted-tbn1.gstatic.com/images?q=tbn:ANd9GcTgcZZqgE9njmYyoY9Ad2mR8sPiM0KHAUuCuJ9bnTh7bJrtxAo0,"['Direito', 'Referendo', 'Legítima defesa', 'Referendo no Brasil em 2005', 'Urna eleitoral', '2005']"
1306,"Fraude em urna em Macapá, no Amapá, nos votos para presidente",AFP Checamos,https://checamos.afp.com/doc.afp.com.32KU9BF,Falso,2022-10-06 07:00:00,nan,"['Votação', 'Urna eleitoral', 'Amapá', 'Fraude', 'Presidente', 'Macapá']"
1307,Urnas foram apreendidas no Amazonas com maioria de votos para Haddad,UOL Notícias,https://noticias.uol.com.br/comprova/ultimas-noticias/2018/10/24/e-boato-que-urnas-foram-apreendidas-no-am-com-maioria-de-votos-para-haddad.htm,Falso,2018-10-24 07:00:00,https://encrypted-tbn2.gstatic.com/images?q=tbn:ANd9GcRagp9QVf1jegZE-PL5921SZWxBh-xNqazwUlFQ5R3o9mTDy-AE,"['Urna eleitoral', 'Votação', 'Fernando Haddad', 'Maioria', 'Amazonas']"
1308,Reportagem de Naomi Yamaguchi comprova a existência de fraudes nas urnas em 2014.,Projeto Comprova,https://projetocomprova.com.br/publica%C3%A7%C3%B5es/video-nao-prova-fraude-em-eleicao-de-2014/,Falso,2021-07-15 07:00:00,nan,"['Fraude', 'Projeto Comprova', '2014', 'Urna eleitoral', 'Reportagem', 'Greice Naomi Yamaguchi', 'Existência']"
1309,Urnas descartadas ilegalmente em Porto Alegre,AFP Checamos,https://checamos.afp.com/doc.afp.com.32U39PQ,Falso,2022-11-25 08:00:00,https://encrypted-tbn3.gstatic.com/images?q=tbn:ANd9GcSEQfNJzdboEksJnRdnYr8C25M1cVJkh-csz0lsT8CoPsh_59M_,"['Urna eleitoral', 'Porto Alegre']"
1310,"Urnas sendo ""preparadas"" em sindicato em Itapeva",Projeto Comprova,https://projetocomprova.com.br/publica%C3%A7%C3%B5es/video-nao-mostra-nenhuma-irregularidade-no-processo-de-carga-e-lacracao-de-urnas-em-itapeva/,Falso,2022-09-28 07:00:00,nan,"['Urna eleitoral', 'Itapeva', 'Sindicato']"
1311,O dono do caminhão que transportou as urnas é petista,UOL Notícias,https://noticias.uol.com.br/confere/ultimas-noticias/2022/11/23/e-falso-que-petista-e-socio-de-empresa-que-fez-transporte-de-urnas-em-sp.htm,Falso,2022-11-23 08:00:00,https://encrypted-tbn0.gstatic.com/images?q=tbn:ANd9GcRW36lMWFa6-6ctsm0kv6sE1Expk7zhaTYD2VHlYAOWYckJQeWf,"['Urna eleitoral', 'Caminhão']"
1312,"Candidata a vereadora de Palmas, no Tocantins, começou a apuração das urnas com 1.111 votos e terminou com 58, o que aponta fraude nas eleições",Projeto Comprova,https://projetocomprova.com.br/publica%C3%A7%C3%B5es/e-falso-que-votos-recebidos-por-candidata-a-vereadora-no-tocantins-tenham-reduzido-ao-longo-da-apuracao/,Falso,2020-11-18 08:00:00,nan,"['Votação', 'Candidato', 'Eleição', 'Vereador', 'Tocantins', 'Urna eleitoral', 'Palmas', 'Fraude']"
1313,Jornalistas da Globo se assustam com fraudes nas urnas,UOL Notícias,https://noticias.uol.com.br/comprova/ultimas-noticias/2021/07/13/urnas-brasileiras-nao-foram-hackeadas-nos-eua.htm,Falso,2021-07-13 07:00:00,https://encrypted-tbn1.gstatic.com/images?q=tbn:ANd9GcQ5fYlNQv0-UtH4SPLJ9RTf6_OL4EwQtIDGats0P5_sCwLggq9c,"['Urna eleitoral', 'Jornalista', 'TV Globo', 'Fraude']"
1314,Quadro da Globonews comprova a existência de fraudes na urna eletrônica.,Projeto Comprova,https://projetocomprova.com.br/publica%C3%A7%C3%B5es/urnas-brasileiras-nao-foram-hackeadas-nos-eua/,Falso,2021-07-13 07:00:00,https://encrypted-tbn0.gstatic.com/images?q=tbn:ANd9GcT-wxfRnXVk_-dL9TeDlaR7EoZf8YHgyexZ6g9_IKCUIPiEB6uz,"['Urna eleitoral', 'Máquina de votação', 'Projeto Comprova', 'Eletrônica', 'GloboNews', 'Existência', 'Fraude']"
1315,é possível alterar votos nas urnas brasileiras,O GLOBO,https://oglobo.globo.com/fato-ou-fake/e-fake-que-video-prove-que-possivel-fraudar-urna-eletronica-24754795,Falso,2020-11-19 08:00:00,https://encrypted-tbn2.gstatic.com/images?q=tbn:ANd9GcT6r1boq42kqmhywwKeWF_JswkJazy32aXOBrpsPH4GoDF7KdzD,"['Urna eleitoral', 'Urna eletrônica', 'Votação', 'Brasil']"
1316,Lamentável! Domingo 20 novembro Urnas eletrônicas sendo carregadas. Pra onde? Só Deus e Lex Luthor sabe,UOL Notícias,https://noticias.uol.com.br/confere/ultimas-noticias/2022/11/22/video-engana-ao-associar-tirada-de-urnas-de-predio-em-sp-a-fraude-eleitoral.htm,Insustentável,2022-11-22 08:00:00,https://encrypted-tbn1.gstatic.com/images?q=tbn:ANd9GcTvcrbwgys5ZHCKjzlo1WAT7MXAW-B4G_u3Du7dRms2y4SR13fI,"['Urna eleitoral', 'Urna eletrônica', 'Novembro', '20 de novembro', 'Deus', 'Lex Luthor']"
1317,"Líder dos advogados do PT, dr. Avacalho Ellhys orienta a continuar fraudando as pesquisas e consumar nas urnas pois essa eleição ja esta ganha, eles tomarão o poder de qualquer maneira",AFP Checamos,https://checamos.afp.com/doc.afp.com.328R3FX,Falso,2022-04-22 07:00:00,https://encrypted-tbn1.gstatic.com/images?q=tbn:ANd9GcSNoPHAb_-Tyya-_txl5Jnfb6eYovW_Q61dO7qeAYWTmujAGU3F,"['Partido dos Trabalhadores', 'Partido dos Trabalhadores', 'Urna eleitoral', 'Advogado', 'Eleição', 'Poder', 'Liderança']"
1318,Urnas eletrônicas de Cordeiro (RJ) tinham votos computados para Lula,Aos Fatos,https://www.aosfatos.org/noticias/e-falso-que-urnas-de-cordeiro-rj-tinham-votos-pre-registrados-para-lula/,Falso,2022-09-29 07:00:00,https://encrypted-tbn3.gstatic.com/images?q=tbn:ANd9GcTXyax10gG-R7dwkS76nTt2OjzbJL38ZWDEfyPiCFwVQQ9lz1y2,"['Luiz Inácio Lula da Silva', 'Urna eleitoral', 'Votação', 'Urna eletrônica', 'Rio de Janeiro', 'Cordeiro', 'Cordeiro']"
1319,"ITA e IME, institutos militares, fizeram protótipo de urnas para voto impresso, mas foram vetados pelo TSE (Tribunal Superior Eleitoral)",UOL Notícias,https://noticias.uol.com.br/confere/ultimas-noticias/2020/10/22/ita-ime-urnas-voto-impresso-tse.htm,Falso,2020-10-22 07:00:00,https://encrypted-tbn3.gstatic.com/images?q=tbn:ANd9GcRxNlQJpC50ByOxLNYW9mbLZOIr8qBHz4-G6Wk7pH3NWDY6wz-N,"['Comprovante de votação verificado pelo eleitor', 'Urna eleitoral', 'Tribunal Superior Eleitoral', 'Votação', 'Veto', 'Eleição', 'Tribunal', 'Instituto Militar de Engenharia', 'Instituto Tecnológico de Aeronáutica', 'Protótipo']"
1320,Policiais dizem que urnas no DF já continham votos antes das eleições de 2022,AFP Checamos,https://checamos.afp.com/doc.afp.com.32K77GK,Falso,2022-09-26 07:00:00,https://encrypted-tbn1.gstatic.com/images?q=tbn:ANd9GcTKrxihyjud4pMwKbE1PcSujCQQ5hA3hsFeHIUx-WVjtsqhvXKq,"['Polícia', 'Urna eleitoral', 'Eleição', 'Votação', 'Eleições presidenciais brasileiras, 2022', '2022', 'Brasília']"
1322,"""Pois é!
Aí que mora o perigo... Quem programa as urnas, também!""",Observador,https://observador.pt/factchecks/fact-check-estaline-disse-que-quem-vota-e-como-vota-nao-conta-nada/,Enganador,2021-08-13 07:00:00,https://encrypted-tbn1.gstatic.com/images?q=tbn:ANd9GcRQ19CN0G8oWSnRGSvRHYkwLcywkcgCtqPBTMwftS8_r-FmEfdy,['Urna eleitoral']
1323,"Esse é o Janino, conhecido como ‘pai das urnas eletrônicas’. Comandou as urnas no TSE por 15 anos. Qdo a PF ficou na cola dele, ele foi exonerado no TSE é virou ASSESSOR do Barroso.",AFP Checamos,https://checamos.afp.com/doc.afp.com.9L938M,Falso,2021-08-16 07:00:00,https://encrypted-tbn2.gstatic.com/images?q=tbn:ANd9GcSJ4v-gloFEko83JcUWRjIarTZETadcawZ2ihtI6kIcSvHYNBZG,"['Urna eletrônica', 'Giuseppe Janino', 'Tribunal Superior Eleitoral', 'Departamento de Polícia Federal', 'Polícia Federal', 'Luís Roberto Barroso', 'Urna eleitoral', 'Exoneração']"
1324,Eleitores de Lula não precisarão voltar às urnas no 2º turno,Aos Fatos,https://www.aosfatos.org/noticias/falso-eleitor-lula-nao-precisa-votar-2-turno/,Falso,2022-10-11 07:00:00,https://encrypted-tbn0.gstatic.com/images?q=tbn:ANd9GcRdaeEnkLn4U9wQqLOXpEzWNql1CU-a071bHzX0R-h_kWaG99yw,"['Luiz Inácio Lula da Silva', 'Eleição', 'Urna eleitoral']"
1325,Em 2022 número de urnas enviadas ao exterior diminuiu enquanto as dos presídios aumentou,AFP Checamos,https://checamos.afp.com/doc.afp.com.32KJ4JP,Falso,2022-10-02 07:00:00,https://encrypted-tbn0.gstatic.com/images?q=tbn:ANd9GcSRZXiW5tH3I2BNKeZ8Tiw3Y3defsibDh9FgSlCx_BdvqQQWJSL,"['Urna eleitoral', '2022', 'Número']"
1326,Vídeo mostra passo a passo para fraudar urna eletrônica,Aos Fatos,https://www.aosfatos.org/noticias/procedimento-mostrado-em-video-nao-e-capaz-de-fraudar-urnas-eletronicas-do-tse/,Falso,2020-11-18 08:00:00,nan,"['Urna eleitoral', 'Fraude', 'Fraude nas urnas eletrônicas', 'Máquina de votação', 'Eletrônica', 'Vídeo']"
1328,Fraude em urna em Uberaba pois havia mais eleitores para presidente do que para outros cargos,AFP Checamos,https://checamos.afp.com/doc.afp.com.32KX2NQ,Falso,2022-10-07 07:00:00,https://encrypted-tbn2.gstatic.com/images?q=tbn:ANd9GcSO7VY66znmOxLTmbT7hXS5HsqUCgw6dDY_-bV8VwXspF7Na4Hh,"['Urna eleitoral', 'Eleição', 'Uberaba', 'Fraude', 'Presidente']"
1329,Urnas adulteradas foram encontradas em Fortaleza,UOL Notícias,https://noticias.uol.com.br/confere/ultimas-noticias/2020/11/29/uol-confere-urnas-adulteradas-em-fortaleza-falso.htm,Falso,2020-11-29 08:00:00,https://encrypted-tbn1.gstatic.com/images?q=tbn:ANd9GcQsXefpdwhcTEPCS9M8Ov-EwAJl4jistINtj6gtKiV-zhl8cgK8,"['Urna eleitoral', 'Fortaleza']"
1330,"Mas a tecnologia da mesma [urna eletrônica], a sua segurança, quase nada mudou de lá [dos anos 1990] para cá.",Aos Fatos,https://www.aosfatos.org/noticias/bolsonaro-promete-provas-de-fraude-mas-apresenta-alegacoes-ja-desmentidas-sobre-urnas-eletronicas/,Falso,2021-07-29 07:00:00,nan,"['Urna eleitoral', 'Máquina de votação', 'Tecnologia', 'Eletrônica', '1990']"
1331,"... o referendo de 2005, quando [a população] optou nas urnas pelo direito à legítima defesa.",Aos Fatos,https://www.aosfatos.org/noticias/checamos-as-declaracoes-de-jair-bolsonaro-durante-sua-posse-presidencial/,Falso,2019-01-01 08:00:00,https://encrypted-tbn3.gstatic.com/images?q=tbn:ANd9GcRqVJcjRJLMvxyu6Fovrks-93ahUboxQRdb6RSdMPzPCiLsMBZQ,"['Referendo', 'Direito', 'Referendo no Brasil em 2005', 'Urna eleitoral', 'Legítima defesa', '2005']"
1332,urnas eletrônicas não são auditáveis,O GLOBO,https://oglobo.globo.com/fato-ou-fake/e-fake-que-urnas-eletronicas-brasileiras-nao-sao-auditaveis-24746362,Falso,2020-11-14 08:00:00,nan,"['Urna eletrônica', 'Urna eleitoral']"
1333,Este vídeo prova que nova funcionalidade das urnas pode anular voto de eleitores,AFP Checamos,https://checamos.afp.com/doc.afp.com.32KC2CF,Falso,2022-09-28 07:00:00,https://encrypted-tbn1.gstatic.com/images?q=tbn:ANd9GcQvh2RdDq7-gLmBrKH8LrcOFwGYhgB53pIpvC8W1k-YmOV6lizk,"['Votação', 'Urna eleitoral', 'Eleição', 'Vídeo']"
1334,"A empresa de tecnologia Positivo, vencedora de licitação para produzir urnas eletrônicas, foi comprada pela chinesa Lenovo",AFP Checamos,https://checamos.afp.com/escolhida-para-produzir-urnas-eletronicas-positivo-nao-foi-comprada-pela-chinesa-lenovo,Falso,2020-07-29 07:00:00,https://encrypted-tbn1.gstatic.com/images?q=tbn:ANd9GcR4iByaph8667O4gvvM9UaEcqQJEkhoL_PuGtGfVnCCP99DDYnM,"['Urna eletrônica', 'Lenovo', 'Lenovo', 'Urna eleitoral', 'Positivo Tecnologia', 'empresa de tecnologia', 'Tecnologia', 'Licitações públicas']"
1336,Encontramos um meio de auditar os votos. Cada um de nós se comprometesse a guardar o comprovante de comparecimento às urnas e entregar para o senhor,UOL Notícias,https://noticias.uol.com.br/confere/ultimas-noticias/2022/10/02/comprovante-de-votacao-nao-indica-em-quem-o-eleitor-votou.htm,Falso,2022-10-02 07:00:00,https://encrypted-tbn2.gstatic.com/images?q=tbn:ANd9GcQNE9YcVpEmjuOjfcuhMIYA7EEtIoX4N2qkbsIKa6QIkWajuR08,"['Votação', 'Urna eleitoral']"
1339,Urnas eletrônicas não podem ser auditadas,UOL Notícias,https://noticias.uol.com.br/confere/ultimas-noticias/2020/10/10/e-falso-que-urnas-eletronicas-nao-podem-ser-auditadas.htm,Falso,2020-10-10 07:00:00,https://encrypted-tbn3.gstatic.com/images?q=tbn:ANd9GcSwHqs1zEbZNinoqlMZjdvW9gglO85mh112EMRfT3ZC0l6l_yI3,"['Urna eletrônica', 'Urna eleitoral']"
1340,Vídeo mostra que urnas têm vulnerabilidades e que TSE não fez testes de segurança,Aos Fatos,https://www.aosfatos.org/noticias/video-vulnerabilidades-urnas-2014-cita-problemas-ja-corrigidos/,Falso,2022-10-01 07:00:00,https://encrypted-tbn2.gstatic.com/images?q=tbn:ANd9GcQvcJVgkucs238DdpQNYbKJ-MwN6QeWuFV9zWphA0GmnJzA0mFL,"['Urna eleitoral', 'Tribunal Superior Eleitoral', 'Vulnerabilidade', 'Vídeo']"
1341,Urnas eletrônicas são modificadas em sindicato dos metalúrgicos,UOL Notícias,https://noticias.uol.com.br/confere/ultimas-noticias/2022/09/29/urnas-eletronicas-modificadas-falso-sindicato-metalurgicos-enganoso.htm,Falso,2022-09-29 07:00:00,https://encrypted-tbn1.gstatic.com/images?q=tbn:ANd9GcRcPQxzmJaRNV3fxnE9sCbNm0kixQmBrivkjEH8oNJG6-KqykCx,"['Urna eletrônica', 'Urna eleitoral', 'Sindicato']"
1342,O Ministro da Defesa Paulo Sérgio Nogueira se tornou alvo de notícia-crime no STF por causa do relatório das urnas. O STF desafiou as Forças Armadas,Projeto Comprova,https://projetocomprova.com.br/publica%C3%A7%C3%B5es/foi-um-deputado-e-nao-o-stf-que-entrou-com-noticia-crime-contra-ministro-da-defesa/,Falso,2022-11-15 08:00:00,nan,"['Ministro', 'Supremo Tribunal Federal', 'Crime', 'Ministério da Defesa', 'Notícia', 'Paulo Sérgio Nogueira de Oliveira', 'Forças armadas', 'Relatório', 'Urna eleitoral']"
1344,"Com 0,39% das urnas apuradas [nas eleições municipais de São Paulo], o sistema travou. (...) Quando o sistema voltou a funcionar lá na frente, já com quase 100% [do resultado eleitoral] apurado, a ordem dos candidatos permaneceu exatamente a mesma.",Aos Fatos,https://www.aosfatos.org/noticias/bolsonaro-promete-provas-de-fraude-mas-apresenta-alegacoes-ja-desmentidas-sobre-urnas-eletronicas/,Falso,2021-07-29 07:00:00,nan,"['Urna eleitoral', 'Eleição', 'Candidato', 'Eleições municipais no Brasil', 'Sistema', 'Resultado', 'São Paulo']"
1345,Policiais militares denunciam fraude em urnas do DF,UOL Notícias,https://noticias.uol.com.br/comprova/ultimas-noticias/2018/10/10/denuncia-de-fraude-em-urnas-do-df-citada-por-pms-nao-se-comprovou.htm,Falso,2018-10-10 07:00:00,https://encrypted-tbn1.gstatic.com/images?q=tbn:ANd9GcR1wEpqFBqJrtF9bnVMqasKHS1gQtfrdrGSNyzhkDs5ib9zTMNZ,"['Fraude', 'Urna eleitoral', 'Brasília', 'Polícia', 'Forças armadas', 'Polícia militar']"
1346,Presidente Bolsonaro tem provas sobre a insegurança das urnas eletrônicas. Hacker teve acesso ao código-fonte das urnas e milhares ou milhões de votos foram adulterados em 2018,Projeto Comprova,https://projetocomprova.com.br/publica%C3%A7%C3%B5es/inquerito-da-pf-nao-investiga-fraude-no-processo-de-votacao/,Falso,2021-08-13 07:00:00,https://encrypted-tbn0.gstatic.com/images?q=tbn:ANd9GcQUZogZJ7Vm0eEN3xwtDJ6jGL3uy43PWrCfptLKkccB0m8uDYlz,"['Votação', 'Urna eleitoral', 'Jair Bolsonaro', 'Presidente', 'Urna eletrônica', 'Prova', '2018', 'Hacker', 'Eletrônica', 'Código-fonte']"
1347,"""Em Almeirim a urna está aberta. Vergonha. Pulhas. Anule-se esta votação""",Observador,https://observador.pt/factchecks/fact-check-urnas-abertas-poem-em-risco-votos-antecipados/,Errado,2021-01-20 08:00:00,https://encrypted-tbn3.gstatic.com/images?q=tbn:ANd9GcQOv_Mheo-5LPg4qYWWsymKcqVbeLWVUBH6sgQDSOE1unX2YU8W,"['Votação', 'Urna eleitoral']"
1348,Ficou provado no autoteste do TRE-SP que os teclados das urnas (Diebold) adulteraram os votos que eram digitados.,Aos Fatos,https://www.aosfatos.org/noticias/nao-e-verdade-que-o-tre-sp-identificou-urnas-que-adulteraram-os-votos-digitados/,Falso,2018-10-28 07:00:00,https://encrypted-tbn3.gstatic.com/images?q=tbn:ANd9GcT977eacHXYC0nTgRqs-3s6nTj2RoPdpM1x6nfj1qvUKdjpsa4S,"['Tribunal Regional Eleitoral de São Paulo', 'Urna eleitoral', 'Votação', 'Instrumento de teclas']"
1349,Urnas são preparadas em sede de sindicato ligado à CUT,UOL Notícias,https://noticias.uol.com.br/confere/ultimas-noticias/2022/09/28/predio-de-sindicato-em-itapeva-e-usado-pelo-tre-sp-desde-2014-entenda.htm,Insustentável,2022-09-28 07:00:00,https://encrypted-tbn3.gstatic.com/images?q=tbn:ANd9GcSWO2mVNM5qXf2jxYW8mp6CqTy6g-Q1T1Fd9Jh_qdkb9gsG4qQi,"['Sindicato', 'Urna eleitoral', 'Central Única dos Trabalhadores', 'CUT']"
1352,Ataques ao STJ colocam segurança de urnas em questão,UOL Notícias,https://noticias.uol.com.br/comprova/ultimas-noticias/2020/11/13/ataque-hacker-ao-stj-nao-e-sinal-de-ameaca-a-seguranca-das-urnas.htm,Falso,2020-11-13 08:00:00,https://encrypted-tbn0.gstatic.com/images?q=tbn:ANd9GcTZdXf7jIG1QtqitmF_r4E_4o4UsjZpDBUxQhxJCtsv5U9Ay_Z1,"['Superior Tribunal de Justiça', 'Urna eleitoral', 'Segurança']"
1353,Mesários podem anular seu voto na urna eletrônica,AFP Checamos,https://checamos.afp.com/doc.afp.com.32J277T,Falso,2022-09-09 07:00:00,https://encrypted-tbn1.gstatic.com/images?q=tbn:ANd9GcQHVJwrgt7FNmP_yZg_BHMT9BpmYvAa2ZseeRip6K5hwBMHAAHQ,"['Votação', 'Mesário', 'Urna eleitoral', 'Máquina de votação', 'Eletrônica']"
1354,Mais uma fraude nas eleições dos Estados Unidos. Funcionários colocavam cédulas dentro das urnas.,AFP Checamos,https://checamos.afp.com/esta-gravacao-nao-mostra-uma-fraude-nas-eleicoes-dos-eua-ela-foi-feita-na-russia-em-2018,Falso,2020-11-12 08:00:00,https://encrypted-tbn2.gstatic.com/images?q=tbn:ANd9GcRRblVZsFXh9FmtpBG0KgwJmk411e2FarAJvBtLgrYKVi2TPr1S,"['Eleição', 'Estados Unidos', 'Fraude', 'Urna eleitoral', 'Cédula eleitoral', 'Funcionário']"
1356,Cabos eleitorais de Sarto Pego em Fortaleza (CE) são pegos e máfia das urnas adulteradas é descoberta,Projeto Comprova,https://projetocomprova.com.br/publica%C3%A7%C3%B5es/e-falso-que-cabos-eleitorais-de-sarto-tenham-transportado-urna-adulterada/,Falso,2020-11-29 08:00:00,nan,"['Eleição', 'Urna eleitoral', 'José Sarto', 'Ceará', 'Fortaleza', 'Máfia']"
1357,Um mesmo mesário ativou 5 mil urnas em 4 dias em Campinas e no Guarujá,Aos Fatos,https://www.aosfatos.org/noticias/falso-mesario-ativou-5000-urnas/,Falso,2022-12-12 08:00:00,https://encrypted-tbn0.gstatic.com/images?q=tbn:ANd9GcS9LifySovyKD_VF6mSiFRsEECvSgSwCJF1s1eiKV2hx14hh0uM,"['Mesário', 'Urna eleitoral', 'Dia', 'Campinas', 'Guarujá']"
1358,Líder dos advogados do PT é gravado falando em conspiração para fraudar pesquisas eleitorais e manipular votos nas urnas eletrônicas em favor de Lula,Projeto Comprova,https://projetocomprova.com.br/publica%C3%A7%C3%B5es/advogado-do-pt-em-video-do-kwai-e-personagem-de-humor/,"Sátira: O Conteúdo Foi Publicado Por Um Personagem Humorístico Criado Por Um Comediante Mineiro, E Não Um Advogado Real.",2022-04-22 07:00:00,nan,"['Advogado', 'Partido dos Trabalhadores', 'Eleição', 'Luiz Inácio Lula da Silva', 'Partido dos Trabalhadores', 'Votação', 'Pesquisa', 'Fraude', 'Urna eleitoral']"
1359,"Agentes da Polícia Federal em Brasília identificam fraude nas eleições, envolvendo lote de urnas não zeradas",Projeto Comprova,https://projetocomprova.com.br/publica%C3%A7%C3%B5es/video-usa-boato-de-2018-para-afirmar-que-pf-encontrou-urnas-nao-zeradas-em-brasilia/,Falso,2022-09-29 07:00:00,nan,"['Urna eleitoral', 'Eleição', 'Departamento de Polícia Federal', 'Polícia Federal', 'Brasília', 'Fraude', 'Polícia']"
1360,"Àudio vazado do diretor do Datafolha, Mauro Paulino, confessa plano de fraude nas urnas",UOL Notícias,https://noticias.uol.com.br/confere/ultimas-noticias/2022/06/03/video-falso-atribui-audio-de-humorista-a-ex-diretor-do-datafolha.htm,Falso,2022-06-03 07:00:00,https://encrypted-tbn0.gstatic.com/images?q=tbn:ANd9GcT14ucDS_nkvTXtL7xzgn6xrw7Pz144IRcDH2GqHvDAPNNbOQHk,"['Datafolha', 'Fraude nas urnas eletrônicas', 'Urna eleitoral', 'Diretor de cinema']"
1361,Desenvolvedor de sistemas identificado apresenta um programa de computador que simular fraudes nas urnas e por criar o código-fonte no Brasil.,Projeto Comprova,https://projetocomprova.com.br/publica%C3%A7%C3%B5es/sistema-usado-em-video-para-simular-fraude-nao-e-o-mesmo-de-urnas-eletronicas/,Falso,2020-11-19 08:00:00,nan,"['Fraude', 'Urna eleitoral', 'Sistema', 'Brasil', 'Simulação', 'Computador', 'Software', 'Código-fonte', 'Programador']"
1363,Todas as urnas de seção eleitoral no Rio Grande do Sul registraram 129 votos para Bolsonaro,UOL Notícias,https://noticias.uol.com.br/confere/ultimas-noticias/2022/10/06/e-falso-que-todas-as-urnas-de-secao-no-rs-tiveram-129-votos-a-bolsonaro.htm,Falso,2022-10-06 07:00:00,https://encrypted-tbn3.gstatic.com/images?q=tbn:ANd9GcTtkAiBWw2NnxeQySXeN4-i0T-znXDxOdlDl88RNIDKTgc0XnmG,"['Jair Bolsonaro', 'Votação', 'Urna eleitoral', 'Eleição', 'Região Sul do Brasil', 'Rio Grande']"
1365,Tecla confirma não aparece na urna; urnas foram ligadas já com votos; urnas completam voto automaticamente,UOL Notícias,https://noticias.uol.com.br/confere/ultimas-noticias/2022/08/23/postagem-falsa-fraude-urnas-eleicoes-2018.htm,Falso,2022-08-23 07:00:00,https://encrypted-tbn3.gstatic.com/images?q=tbn:ANd9GcRi0eq2Dsa2ifBXucUTZjRO1MFRuljvj0pBS6XBkcNwG-d7faQ1,"['Urna eleitoral', 'Votação']"
1367,Eleitor votou em um candidato e urna mostrou foto de outro em Brasília,Aos Fatos,https://www.aosfatos.org/noticias/falso-foto-candidato-nao-apareceu-urna-taguatinga/,Falso,2022-10-30 07:00:00,https://encrypted-tbn0.gstatic.com/images?q=tbn:ANd9GcR0VkpK96VWh8NN3nkA7j_66fAdfzR47zvNmc_kesB-fDnIzbQj,"['Candidato', 'Urna eleitoral', 'Fotografia', 'Eleitor', 'Brasília']"
1368,Boletins de urna encontrados na rua em Curitiba mostram que contagem não foi feita de forma honesta,Projeto Comprova,https://projetocomprova.com.br/publica%C3%A7%C3%B5es/e-falso-que-boletim-de-urna-encontrado-em-curitiba-nao-foi-computado-no-resultado-da-eleicao/,Falso,2022-10-05 07:00:00,nan,"['Urna eleitoral', 'Curitiba']"
1370,Alexandre de Moraes disse que quem reclamar das urnas será preso,Projeto Comprova,https://projetocomprova.com.br/publica%C3%A7%C3%B5es/moraes-nao-disse-que-vai-mandar-prender-eleitor-que-reclamar-das-urnas/,Falso,2022-10-02 07:00:00,nan,"['Alexandre de Moraes', 'Urna eleitoral', 'Prisão']"
1371,"Caminhão foi flagrado transportando urnas e quem estava transportando era um petista, o que prova fraude.",Aos Fatos,https://www.aosfatos.org/noticias/falso-petista-dono-caminhao-transportou-urnas/,Falso,2022-11-22 08:00:00,https://encrypted-tbn0.gstatic.com/images?q=tbn:ANd9GcSgVFBdXh64aAth7b3HW8Dur6CRoUovoozbDpfVAHhfY5zi1dBg,"['Urna eleitoral', 'Caminhão', 'Transporte', 'Fraude']"
1372,Vídeo mostra mesários inserindo votos fraudulentos em urnas nos EUA,Aos Fatos,https://www.aosfatos.org/noticias/video-em-que-mesarios-inserem-votos-falsos-em-urnas-foi-gravado-na-russia-nao-nos-eua/,Falso,2020-11-06 08:00:00,https://encrypted-tbn0.gstatic.com/images?q=tbn:ANd9GcR9eBWYcFEmned2106elhbOZG3V8j7QSchL9pkBvANFqpvynmY7,"['Mesário', 'Urna eleitoral', 'Votação', 'Estados Unidos', 'Vídeo']"
1373,Votos para Bolsonaro não foram computados em urna em Manicoré (AM),Aos Fatos,https://www.aosfatos.org/noticias/falso-bolsonaro-nao-teve-votos-manicore-am/,Falso,2022-11-07 08:00:00,https://encrypted-tbn3.gstatic.com/images?q=tbn:ANd9GcSENGDhHCM2X-67v6P0JGpviHpu1Xx3HQbRZ6mS3bEW_hwiNx8D,"['Jair Bolsonaro', 'Votação', 'Manicoré', 'Urna eleitoral', 'Manicoré', 'Amazonas']"
1374,Ursal armou esquema para manipular urnas,UOL Notícias,https://noticias.uol.com.br/comprova/ultimas-noticias/2018/10/18/ursal-nao-existe-e-portanto-nao-armou-esquema-para-manipular-urnas.htm,Falso,2018-10-18 07:00:00,https://encrypted-tbn1.gstatic.com/images?q=tbn:ANd9GcQe9ZlP4m6N702byym4xzuFyr-GYkUUSSdqpW-0_Noeg_-Cb-B9,"['URSAL', 'Urna eleitoral']"
1375,A urna brasileira não é auditável,AFP Checamos,https://checamos.afp.com/doc.afp.com.32DX2JM,Falso,2022-07-06 07:00:00,https://encrypted-tbn1.gstatic.com/images?q=tbn:ANd9GcRjUsqKERYx6wWZQNRokLZr4lVIez6js3e0t7CI8X81kv4dijRg,"['Urna eletrônica', 'Urna eleitoral']"
1376,"""URGENTE: A invasão hacker do TSE revela a fraude nas urnas com a chancela da justiça eleitoral. Os votos válidos e os de quem justifica estão em banco de dados diferentes. Eles podem descarregar os votos de quem vai justificar na esquerda""",Observador,https://observador.pt/factchecks/fact-check-hacker-portugues-que-fez-ataque-informatico-a-tribunal-brasileiro-revelou-fraude-nas-eleicoes/,Errado,2020-11-22 08:00:00,https://encrypted-tbn3.gstatic.com/images?q=tbn:ANd9GcSPoSTekUtgc_77fQoKLZVgRXrfRC2VlIfGvKU-4cRTmZlv5x96,"['Hacker', 'Fraude nas urnas eletrônicas', 'Eleição', 'Tribunal Superior Eleitoral', 'Votação', 'Urna eleitoral', 'Dados', 'Voto válido']"
1377,Mesária mostra fraude na urna ao filmar voto sendo contabilizado duas vezes,AFP Checamos,https://checamos.afp.com/doc.afp.com.32ML2YP,Falso,2022-11-01 07:00:00,https://encrypted-tbn0.gstatic.com/images?q=tbn:ANd9GcRbu0KvZK_aFdj_LuW9bSuteENi_CfneqTqwirPNn5k3pqbASOB,"['Votação', 'Mesário', 'Urna eleitoral']"
1379,Palocci afirmou que eleições eram decididas pela cúpula. Urnas foram encomendadas para fraudar eleições! O que o TSE vai dizer agora?,Aos Fatos,https://www.aosfatos.org/noticias/palocci-nao-afirmou-em-delacao-que-urnas-foram-encomendadas-para-fraudar-eleicoes/,Falso,2018-10-07 07:00:00,nan,"['Antonio Palocci', 'Urna eleitoral', 'Eleição', 'Fraude', 'Tribunal Superior Eleitoral']"
1380,Bolsonaro volta a defender voto impresso na eleição contra fraudes nas urnas eletrônicas,Projeto Comprova,https://projetocomprova.com.br/publica%C3%A7%C3%B5es/sistema-de-voto-eletronico-pode-ser-auditado-ao-contrario-do-que-afirma-post/,Falso,2020-11-13 08:00:00,nan,"['Urna eletrônica', 'Votação', 'Eleição', 'Urna eleitoral', 'Comprovante de votação verificado pelo eleitor', 'Jair Bolsonaro', 'Fraude']"
1381,Urnas dos EUA são test drive para Brasil,UOL Notícias,https://noticias.uol.com.br/comprova/ultimas-noticias/2020/11/25/software-usado-em-urnas-eletronicas-brasileiras-nao-e-o-mesmo-que-dos-eua.htm,Falso,2020-11-25 08:00:00,https://encrypted-tbn2.gstatic.com/images?q=tbn:ANd9GcQQZvQa4z_KU0ZIfeIIgmIE6XBJtyea9OOD5pgY62Y2Rg_SH5NI,"['Urna eleitoral', 'Brasil', 'Estados Unidos']"
1382,Vídeo mostra urna adulterada dentro de caminhonete particular em Fortaleza,Aos Fatos,https://www.aosfatos.org/noticias/video-nao-mostra-urna-adulterada-dentro-de-caminhonete-particular-em-fortaleza/,Falso,2020-11-29 08:00:00,https://encrypted-tbn3.gstatic.com/images?q=tbn:ANd9GcR7XNZeS89nKDsB16_Ulk5hTlvih5NhAs98e__zZERXMl3fdmQH,"['Urna eleitoral', 'Fortaleza', 'Vídeo', 'Picape']"
1383,Chave dos códigos das urnas eletrônicas estão nas mãos de venezuelanos,UOL Notícias,https://noticias.uol.com.br/confere/ultimas-noticias/2020/11/02/e-falso-que-chave-para-decifrar-codigo-de-urnas-esteja-em-maos-venezuelanas.htm,Falso,2020-11-02 08:00:00,https://encrypted-tbn1.gstatic.com/images?q=tbn:ANd9GcSKOG7RSkqxEarkdITbKSUSvm5C-1CGdyLw1vD54ZiDlUlfFYfq,"['Urna eleitoral', 'Urna eletrônica', 'Venezuelanos']"
1384,Dispositivo chupa-cabra muda votos registrados na urna eletrônica,AFP Checamos,https://checamos.afp.com/doc.afp.com.32AL29D,Falso,2022-05-20 07:00:00,https://encrypted-tbn0.gstatic.com/images?q=tbn:ANd9GcQ3G0Q94e5UTQ-BsPk3a_DcuSa7Pzr0OvhdQuGy12NZJtcdCEne,"['Máquina de votação', 'Urna eleitoral', 'Votação', 'Chupacabra', 'Eletrônica', 'Cabra']"
1386,"As urnas chegando de táxi aqui no Colégio Suécia. As urnas chegando de táxi, nem polícia é",UOL Notícias,https://noticias.uol.com.br/confere/ultimas-noticias/2022/10/02/entrega-de-urnas-via-taxi-em-escola-do-rio-nao-foi-irregular.htm,Insustentável,2022-10-02 07:00:00,https://encrypted-tbn1.gstatic.com/images?q=tbn:ANd9GcRKFgtEhqYJIw21uzusFm-QSbw-TK_LEwj5A6qCm14TCnx0Uiwp,"['Urna eleitoral', 'Táxi', 'Colégio', 'Suécia', 'Polícia']"
1387,Urna com 100% dos votos válidos em Lula prova que houve fraude eleitoral,Aos Fatos,https://www.aosfatos.org/noticias/urna-todos-votos-lula-nao-prova-fraude/,Não_É_Bem_Assim,2022-11-02 07:00:00,https://encrypted-tbn2.gstatic.com/images?q=tbn:ANd9GcTd3agqXR5jJUSzaFIRDX6ICzg1v7Y4rv_7CIB_q6qmmFrwuFM2,"['Luiz Inácio Lula da Silva', 'Fraude eleitoral', 'Votação', 'Urna eleitoral', 'Eleição', 'Voto válido', 'Fraude']"
1390,Urnas eletrônicas não são certificadas pelo Inmetro,Aos Fatos,https://www.aosfatos.org/noticias/urna-eletronica-tse-certificada-inmetro/,Falso,2022-02-11 08:00:00,https://encrypted-tbn2.gstatic.com/images?q=tbn:ANd9GcSglixTcoQ9_YZz9MLcudPHr4z3M1S3kFMssRFHYD2BWXLgdhGR,"['Urna eletrônica', 'Urna eleitoral', 'Inmetro', 'Instituto Nacional de Metrologia, Qualidade e Tecnologia']"
1392,Urnas podem tirar votos de um candidato para outro,Projeto Comprova,https://projetocomprova.com.br/publica%C3%A7%C3%B5es/nao-ha-dispositivo-nas-urnas-eletronicas-capaz-de-alterar-votacao-ao-contrario-do-que-diz-postagem/,Tse E Especialistas Negam Que Isso Seja Possível E Apontam Etapas Do Processo De Auditoria E Fiscalização Das Urnas Em Que Tal Impossibilidade Pode Ser Comprovada.,2022-07-01 07:00:00,https://encrypted-tbn3.gstatic.com/images?q=tbn:ANd9GcRT26LUIeUV8fpyoUyPDmL7B1IKdMuc0RWVEQsIREMWuKpY4Hsj,"['Urna eleitoral', 'Votação', 'Candidato']"
1393,"Eleitores de Lula não precisarão voltar às urnas no 2º turno, diz Moraes",UOL Notícias,https://noticias.uol.com.br/confere/ultimas-noticias/2022/10/12/e-falso-que-eleitores-de-lula-nao-precisam-votar-no-2-turno.htm,Falso,2022-10-12 07:00:00,https://encrypted-tbn3.gstatic.com/images?q=tbn:ANd9GcT7DBsEvBO4IkBVd_H_zq2bluxPhTwFFcp6EoCQ_VLEp2KR2H9Z,"['Luiz Inácio Lula da Silva', 'Eleição', 'Urna eleitoral', 'Alexandre de Moraes']"
1395,"Vídeo do projeto “Você Fiscal”, para que o TSE não fraude as urnas nas eleições 2022",AFP Checamos,https://checamos.afp.com/doc.afp.com.32KH7NG,Falso,2022-10-01 07:00:00,https://encrypted-tbn2.gstatic.com/images?q=tbn:ANd9GcQWcRI5LHxpnvX4Sd_rnBRuzAfEAo85xxyxCrpAfxPXBh0wA2IK,"['Eleição', 'Urna eleitoral', 'Vídeo', 'Tribunal Superior Eleitoral', '2022', 'Projeto', 'Fraude']"
1397,Vídeo mostra cabos eleitorais do candidato à Prefeitura de Fortaleza Sarto Nogueira flagrados transportando urnas adulteradas no segundo turno,AFP Checamos,https://checamos.afp.com/urna-em-picape-era-equipamento-de-reposicao-nao-maquina-adulterada-com-partidarios-de-sarto,Falso,2020-11-30 08:00:00,https://encrypted-tbn2.gstatic.com/images?q=tbn:ANd9GcTVgS0AoqdGAd25Wm31eDmF1m-II45AJIUxrjQAidhGOY4x2nbQ,"['Urna eleitoral', 'José Sarto', 'Eleição', 'Candidato', 'Transporte', 'Fortaleza', 'Vídeo']"
1398,As eleições de 2022 usaram modelos de urna antigos que não são passíveis de auditoria.,Aos Fatos,https://www.aosfatos.org/noticias/site-argentino-mentiras-urna-eletronica/,Falso,2022-11-07 08:00:00,nan,"['Urna eleitoral', 'Eleição', 'Eleições presidenciais brasileiras, 2022', 'Auditoria', '2022']"
1399,Log da urna viola sigilo de voto,AFP Checamos,https://checamos.afp.com/doc.afp.com.32PM78Y,Falso,2022-11-21 08:00:00,https://encrypted-tbn3.gstatic.com/images?q=tbn:ANd9GcRfWBvvoGDQqHFR7l8m9F-s2WDJlbzdj6qa_SwLK1u9ndYqji7O,"['Urna eleitoral', 'Votação']"
1400,Sigilo do voto foi aberto e só modelos UE 2020 de urnas são auditáveis,BOL - UOL,https://www.bol.uol.com.br/noticias/2022/11/24/o-que-e-log-de-urna.htm,Falso,2022-11-24 08:00:00,https://encrypted-tbn1.gstatic.com/images?q=tbn:ANd9GcSJSymy1iiYtkwZPmccprbrx63EdLUOY73YYbPlfJoLyWyIV3et,"['Urna eleitoral', 'Votação', '2020']"
1401,Mesária bolsonarista desesperada com alta adesão a Lula em Londres tentou incitar fraude falando que as pessoas eram obrigadas as votar no Bolsonaro. Deu confusão e quebraram a urna. A votação teve de ser feita em papel.,Projeto Comprova,https://projetocomprova.com.br/publica%C3%A7%C3%B5es/em-londres-mesaria-foi-afastada-apos-responder-pergunta-de-eleitor-sobre-numero-de-candidato-nao-houve-confusao/,Falso,2022-10-05 07:00:00,https://encrypted-tbn1.gstatic.com/images?q=tbn:ANd9GcTLk6x3fP3ztqdibh_5690RcEe9XmbRnBGnV4I-DH3VbBfsGmVV,"['Mesário', 'Votação', 'Urna eleitoral', 'Londres', 'Jair Bolsonaro', 'Luiz Inácio Lula da Silva', 'Bolsonarismo', 'Fraude', 'Papel']"
1403,As urnas eletrônicas não tem o certificado de qualidade do INMETRO,AFP Checamos,https://checamos.afp.com/doc.afp.com.9ZG44W,Falso,2022-02-10 08:00:00,https://encrypted-tbn0.gstatic.com/images?q=tbn:ANd9GcSR78tuTjFQHYCUdGjzy25GuX6-fVkWgkGcQWHPS-9eHcbZyK5s,"['Urna eletrônica', 'Urna eleitoral', 'Instituto Nacional de Metrologia, Qualidade e Tecnologia', 'Inmetro', 'Certificação', 'Eletrônica', 'Qualidade']"
1405,Urnas em Serafina Corrêa tinham 81% dos votos previamente computados para Lula,AFP Checamos,https://checamos.afp.com/doc.afp.com.32KJ2NE,Falso,2022-10-01 07:00:00,https://encrypted-tbn2.gstatic.com/images?q=tbn:ANd9GcTZvqNO7sru7pNDCApFULmyyJXPVHHBhDmXweC7_qqB6WCgj-3y,"['Urna eleitoral', 'Votação', 'Luiz Inácio Lula da Silva', 'Serafina Corrêa']"
1406,Vídeo mostra urnas sendo fraudadas em Sindicato filiado à CUT,Aos Fatos,https://www.aosfatos.org/noticias/video-que-mostra-preparacao-de-urnas-em-sindicato-em-sp-nao-indica-irregularidade-ou-fraude/,Não_É_Bem_Assim,2022-09-27 07:00:00,https://encrypted-tbn0.gstatic.com/images?q=tbn:ANd9GcQS4uGH5M1UAC5aeTmBmjcWLTyu8vLZC9X7zHu0XzFI7ik_6s7Y,"['Urna eleitoral', 'Sindicato', 'Vídeo', 'Central Única dos Trabalhadores', 'CUT']"
1407,Vídeo mostra urna eletrônica em porta-malas de Uber,Aos Fatos,https://www.aosfatos.org/noticias/video-de-urna-em-porta-malas-de-uber-em-campo-grande-nao-mostra-irregularidade/,Não_É_Bem_Assim,2022-10-01 07:00:00,https://encrypted-tbn1.gstatic.com/images?q=tbn:ANd9GcRIKBNDNwDaqYPfuJ4tt4r8ODz1Q_oRvQubDftzFDAM-9oDzI3G,"['Urna eleitoral', 'Porta-malas', 'Uber', 'Mala', 'Vídeo', 'Máquina de votação', 'Eletrônica']"
1409,Polícia Federal apreendeu van com 152 urnas eletrônicas adulteradas,UOL Notícias,https://noticias.uol.com.br/comprova/ultimas-noticias/2018/10/05/policia-federal-nao-apreendeu-van-com-urnas-eletronicas-adulteradas.htm,Falso,2018-10-05 07:00:00,https://encrypted-tbn1.gstatic.com/images?q=tbn:ANd9GcR1wEpqFBqJrtF9bnVMqasKHS1gQtfrdrGSNyzhkDs5ib9zTMNZ,"['Polícia Federal', 'Departamento de Polícia Federal', 'Urna eletrônica', 'Urna eleitoral', 'Polícia']"
1410,Urna com 100% dos votos para Lula confirma fraude,UOL Notícias,https://noticias.uol.com.br/confere/ultimas-noticias/2022/11/03/lula-votos-urna-secao-fraude-falso.htm,Falso,2022-11-03 07:00:00,https://encrypted-tbn1.gstatic.com/images?q=tbn:ANd9GcTwbDeDruwZl0HCJCH00f7Bs9YMH25T0ARZ6zd0rPHT0NEo-beY,"['Luiz Inácio Lula da Silva', 'Votação', 'Urna eleitoral', 'Fraude']"
1412,"""Palocci afirmou que eleições eram decididas pela cúpula. Urnas foram encomendadas para fraudar eleições.""",Observador,https://observador.pt/factchecks/fact-check-ex-ministro-de-lula-admitiu-fraude-nas-eleicoes-no-brasil/,Errado,2020-12-14 08:00:00,https://encrypted-tbn3.gstatic.com/images?q=tbn:ANd9GcSPoSTekUtgc_77fQoKLZVgRXrfRC2VlIfGvKU-4cRTmZlv5x96,"['Antonio Palocci', 'Eleição', 'Fraude', 'Urna eleitoral']"
1413,"Vídeo alegando falsamente que 70% do processo eleitoral seria terceirizado, incluindo a contagem dos votos, com o intuito de associar a terceirização a um suposto comprometimento da integridade das eleições. O conteúdo ainda promove desinformação sobre as funções exercidas por empresas e, em especial, técnicos de urna terceirizados que prestam serviços à Justiça Eleitoral, assim como sobre a credibilidade de algumas das entidades privadas que tiveram contratos com o TSE ou com os TREs.",Folha - UOL,https://www1.folha.uol.com.br/poder/2022/09/e-falso-que-70-do-processo-eleitoral-seja-terceirizado.shtml,Falso,2022-09-28 07:00:00,https://encrypted-tbn1.gstatic.com/images?q=tbn:ANd9GcT8h9DNlT8tC5UcLQVU-4D1YdIXGVnmwUMrqQ8-isKHUBvnPLtL,"['Eleição', 'Terceirização', 'Votação', 'Urna eleitoral', 'Tribunal Superior Eleitoral', 'Serviço', 'Contrato']"
1420,Mulher que mora nos EUA descobriu registro de voto nas eleições de 2022 no Brasil,Estadão,https://www.estadao.com.br/estadao-verifica/mulher-que-mora-nos-eua-tem-registro-de-voto-em-2022-enganoso/,Falso,2026-01-13 08:00:00,https://encrypted-tbn3.gstatic.com/images?q=tbn:ANd9GcRGEBg2exVNS_Fu-E0xdXJWFsG4DecClLCA6lBA5-JS0GRk8QlV,"['Votação', 'Eleição', 'Estados Unidos', 'Eleições presidenciais brasileiras, 2022', '2022', 'Brasil', 'Eleições gerais brasileiras, 2022']"
1421,"""Cada deputado eleito ainda recebe por cada voto 4€+- e os partidos ainda recebem uma fatia do orçamento do estado tudo suportado por todos os portugueses.""",Observador,https://observador.pt/factchecks/fact-check-alem-do-salario-cada-deputado-recebe-4-euros-por-voto/,Errado,nan,https://encrypted-tbn3.gstatic.com/images?q=tbn:ANd9GcSPoSTekUtgc_77fQoKLZVgRXrfRC2VlIfGvKU-4cRTmZlv5x96,"['Deputado', 'Votação', 'Eleição', 'Partido político', 'Orçamento', 'Orçamento de Estado', 'Portugal']"
1423,Eleitor pode perder o voto ao apertar a tecla confirma,Projeto Comprova,https://projetocomprova.com.br/publica%C3%A7%C3%B5es/eleitor-nao-perde-voto-ao-apertar-confirma-durante-aviso-para-conferir-escolha-na-urna-eletronica/,Falso,2024-09-09 07:00:00,nan,"['Eleitor', 'Votação']"
1424,Dinamarca proíbe voto de quem recebe benefícios sociais,Projeto Comprova,https://projetocomprova.com.br/publica%C3%A7%C3%B5es/cidadaos-que-recebem-beneficios-sociais-tem-direito-a-voto-na-dinamarca-diferentemente-do-que-alega-post/,Falso,2025-04-24 07:00:00,nan,"['Dinamarca', 'Votação']"
1425,O voto em 2024 servirá de prova de vida junto ao INSS,Aos Fatos,https://www.aosfatos.org/noticias/voto-ainda-nao-serve-como-prova-de-vida-inss/,Não_É_Bem_Assim,2024-09-17 07:00:00,https://encrypted-tbn2.gstatic.com/images?q=tbn:ANd9GcQVvub4qr0AC2zXEALhgA1kWNLqrdewNZm1vHB47CE8qzQr8saB,"['Instituto Nacional do Seguro Social', 'INSS', 'Votação', '2024']"
1426,Voto será anulado se eleitor confirmar escolha após mensagem para conferir a opção,Folha - UOL,https://www1.folha.uol.com.br/poder/2022/09/e-falso-que-voto-sera-anulado-se-eleitor-confirmar-escolha-apos-mensagem-para-conferir-a-opcao.shtml,Falso,2022-09-29 07:00:00,https://encrypted-tbn3.gstatic.com/images?q=tbn:ANd9GcRbq3qrJwncVOr-PDywYHPny-ON__SeMPqAKsQXF9KuAxRGj3OH,"['Votação', 'Eleitor', 'Escolha', 'Mensagem']"
1427,"Caras de Passos, Ronaldo, Herman, Lili Caneças e Jorge Jesus com o slogan: ""Eu voto Ventura""",Observador,https://observador.pt/factchecks/fact-check-passos-ronaldo-herman-jose-e-lili-canecas-anunciaram-voto-em-andre-ventura/,Errado,2026-01-26 08:00:00,https://encrypted-tbn3.gstatic.com/images?q=tbn:ANd9GcSPoSTekUtgc_77fQoKLZVgRXrfRC2VlIfGvKU-4cRTmZlv5x96,"['André Ventura', 'Votação', 'Herman José', 'Lili Caneças', 'Slogan', 'Jorge Jesus', 'Cristiano Ronaldo', 'Caras']"
1428,Ministra Cármen Lúcia proferiu voto a favor de Bolsonaro em julgamento,Aos Fatos,https://www.aosfatos.org/noticias/video-nao-mostra-voto-de-carmen-lucia-que-beneficia-bolsonaro/,Falso,2025-09-09 07:00:00,https://encrypted-tbn2.gstatic.com/images?q=tbn:ANd9GcSh_4fml1SvZ4d0Y6DbbhRthnoxkonrbMJZt3merFHwY1jz9FuJ,"['Cármen Lúcia Antunes Rocha', 'Jair Bolsonaro', 'Ministro', 'Votação', 'Sentença']"
1429,Voto é perdido ao apertar a tecla ‘Confirma’ durante mensagem “Confira o seu voto”,Aos Fatos,https://www.aosfatos.org/noticias/voto-nao-e-perdido-ao-apertar-confirma-na-urna-durante-alerta-para-conferir-o-voto/,Falso,2022-09-28 07:00:00,https://encrypted-tbn0.gstatic.com/images?q=tbn:ANd9GcQ0JxOHHQSU_lsf-lNvWBjRNyOaMzVnNNmT5flL2JwVUQqkNWJV,['Votação']
1430,Justiça Eleitoral publicou nas redes que voto servirá como prova de vida junto ao INSS.,Estadão,https://www.estadao.com.br/estadao-verifica/voto-eleicoes-prova-de-vida-inss/,Falso,2024-09-18 07:00:00,https://encrypted-tbn3.gstatic.com/images?q=tbn:ANd9GcR8k6-JmInrfVhjs4lwPbtpdRQ75VfaBEjpcFYJzEaULceKfVVj,"['Eleição', 'Votação', 'Instituto Nacional do Seguro Social', 'INSS', 'Tribunal Superior Eleitoral', 'Rede de computadores']"
1432,Barroso mentiu ao dizer que parlamentares defenderam contagem manual dos votos nas eleições,Aos Fatos,https://www.aosfatos.org/noticias/barroso-contagem-manual-votos/,Falso,2023-07-21 07:00:00,https://encrypted-tbn3.gstatic.com/images?q=tbn:ANd9GcQBZLuaNfwi6rn2uU3oUYxAFM-Ve6wGxWaFqxBhlqnIhhcgMcmJ,"['Luís Roberto Barroso', 'Votação', 'Eleição', 'Parlamento']"
1433,Eleitor morto em 2010 teve voto computado para Lula em 2022,Aos Fatos,https://www.aosfatos.org/noticias/falso-eleitor-morto-2010-voto-lula-2022/,Falso,2022-12-14 08:00:00,https://encrypted-tbn1.gstatic.com/images?q=tbn:ANd9GcQW6AyopbVSLviGEO4GZBHQ98swqQ0_fxNcUGvtAzNTq2J694cQ,"['Votação', 'Eleitor', 'Luiz Inácio Lula da Silva', '2022', 'Morte', '2010']"
1434,Voto não é auditável,UOL Notícias,https://noticias.uol.com.br/confere/ultimas-noticias/2022/09/09/o-que-acontece-com-o-voto-depois-de-apertar-confirma.htm,Falso,2022-09-09 07:00:00,https://encrypted-tbn3.gstatic.com/images?q=tbn:ANd9GcQ8W8U4BcRysOHeBtiUgDG9jIFxkfj1UpsW9Ag8CxbBMAl-U8tj,['Votação']
1436,Site revela voto nas eleições 2022,UOL Notícias,https://noticias.uol.com.br/confere/ultimas-noticias/2022/12/19/site-revela-voto-cpf-checagem.htm,Falso,2022-12-19 08:00:00,https://encrypted-tbn1.gstatic.com/images?q=tbn:ANd9GcRNYyFKD4sdQHdTg9HOZQLZfz4FXbyDQhoYp8H7KroOAPsrHPnH,"['Votação', 'Eleição', '2022']"
1437,Maior número de votos para presidente em Uberaba é indício de fraude eleitoral,Aos Fatos,https://www.aosfatos.org/noticias/voto-em-transito-explica-numero-maior-de-eleitores-em-macapa-e-uberaba-mg-nao-fraude/,Falso,2022-10-10 07:00:00,https://encrypted-tbn1.gstatic.com/images?q=tbn:ANd9GcRK5o9P74-LTS8Up-Fn7bRlXmewdf5VrLmTYt898lnZOwVxdLZe,"['Votação', 'Eleição', 'Presidente', 'Fraude eleitoral', 'indício', 'Fraude', 'Uberaba', 'Número']"
1438,Maior número de votos para presidente em Macapá é indício de fraude eleitoral,Aos Fatos,https://www.aosfatos.org/noticias/voto-em-transito-explica-numero-maior-de-eleitores-em-macapa-e-uberaba-mg-nao-fraude/,Falso,2022-10-10 07:00:00,https://encrypted-tbn1.gstatic.com/images?q=tbn:ANd9GcRK5o9P74-LTS8Up-Fn7bRlXmewdf5VrLmTYt898lnZOwVxdLZe,"['Votação', 'Eleição', 'Presidente', 'Fraude eleitoral', 'Macapá', 'Fraude', 'indício', 'Número']"
1439,"Voto de eleitor de Toronto, no Canadá, não foi contabilizado",Aos Fatos,https://www.aosfatos.org/noticias/falso-canada-video-voto-nao-contabilizado/,Falso,2022-11-08 08:00:00,https://encrypted-tbn3.gstatic.com/images?q=tbn:ANd9GcQ2KDeltY2We0z7-pUs_veX-8e3u37kwtBOFDsqIY8kLqHmjIGR,"['Eleitor', 'Votação', 'Canadá', 'Toronto']"
1440,Parágrafo da lei 10.408/2002 garante voto impresso,Aos Fatos,https://www.aosfatos.org/noticias/trecho-de-lei-de-2002-que-determinava-impressao-do-voto-nao-esta-mais-em-vigor/,Falso,2021-07-12 07:00:00,https://encrypted-tbn0.gstatic.com/images?q=tbn:ANd9GcS9ftFzZ8ApiK0imb2WAuht2v4GVJJDj-xzC0n4owCX0YF6KfRv,"['Votação', 'Comprovante de votação verificado pelo eleitor', 'Lei']"
1443,"Tem que esperar esse negócio do ‘confira seu voto’ acabar, demora lá alguns segundos, e aí aparece o aviso ‘aperte a tecla confirma para confirmar seu voto’ (...) Dá impressão que isso é feito pra confundir, pra pessoa perder voto.""",BOL - UOL,https://www.bol.uol.com.br/noticias/2022/09/28/e-falso-que-mensagem-nas-urnas-para-conferir-voto-tenta-confundir-eleitores.htm,Falso,2022-09-28 07:00:00,https://encrypted-tbn3.gstatic.com/images?q=tbn:ANd9GcRB6IpBZsZEYGjMVErJqrAY_KPHvrKyfBZ1jEfWf5J1oTid9ead,"['Votação', 'Inteligência artificial', 'Negócios', 'Impressão', 'Segundo']"
1444,Título de eleitor morto em 2010 foi usado para computar voto para Lula em 2022,UOL Notícias,https://noticias.uol.com.br/confere/ultimas-noticias/2023/04/19/e-falso-que-voto-de-eleitor-morto-em-2010-foi-computado-para-lula-em-2022.htm,Falso,2023-04-19 07:00:00,https://encrypted-tbn0.gstatic.com/images?q=tbn:ANd9GcSLd8GynLY7UDFphUKJ7X0nfTcxD0fPYSGbfuDDZpUoAxNsFlhE,"['Votação', 'Luiz Inácio Lula da Silva', 'Eleitor', 'Morte', '2022', 'Título de eleitor', 'Computar']"
1445,"Atenção, não fotografem seu comprovante de voto. Isso é crime eleitoral!",Aos Fatos,https://www.aosfatos.org/noticias/nao-e-crime-eleitoral-fotografar-comprovante-de-votacao/,Falso,2018-10-28 07:00:00,nan,"['Fraude eleitoral', 'Votação', 'Eleição']"
1446,"Se votar só em presidente, e votar em branco nos outros, o voto é tido como voto parcial. Logo, seu voto é anulado.",Aos Fatos,https://www.aosfatos.org/noticias/nao-e-verdade-que-votar-em-branco-para-outro-cargo-anula-o-voto-para-presidente/,Falso,2018-10-02 07:00:00,nan,"['Votação', 'Voto em branco', 'Presidente']"
1447,População maior de 70 anos está tendo o título de eleitor cancelado em 2022,AFP Checamos,https://checamos.afp.com/doc.afp.com.32793JM,Falso,2022-03-29 07:00:00,https://encrypted-tbn1.gstatic.com/images?q=tbn:ANd9GcRbkbb-8AQhM9vY4fR0qJoRZmDg1M417Lecm5J_jOU5nC4BsI3l,"['Título de eleitor', 'Ano', 'Década de 1970', '2022']"
1448,TSE não cumpre lei para impressão do voto sancionada por Lula,Aos Fatos,https://www.aosfatos.org/noticias/stf-derrubou-lei-lula-voto-impresso/,Falso,2022-07-05 07:00:00,https://encrypted-tbn0.gstatic.com/images?q=tbn:ANd9GcR7au648dIIqiy3VGlYEHk1WJ4SmTaaOg1jvk7SexbAdFMSfVI-,"['Luiz Inácio Lula da Silva', 'Votação', 'Tribunal Superior Eleitoral', 'Lei', 'Sanção jurídica']"
1449,TSE permitirá voto por celular nas eleições de 2020.,Aos Fatos,https://www.aosfatos.org/noticias/e-falso-que-tse-permitiu-voto-pelo-celular-nestas-eleicoes/,Falso,2020-10-22 07:00:00,nan,"['Tribunal Superior Eleitoral', 'Eleição', 'Votação', 'Eleições municipais no Brasil, 2020', '2020', 'Telefone celular']"
1450,Voto impresso aprovado na CCJ recentemente.,Aos Fatos,https://www.aosfatos.org/noticias/voto-impresso-foi-aprovado-na-ccj-em-2019-nao-recentemente/,Falso,2021-04-08 07:00:00,https://encrypted-tbn2.gstatic.com/images?q=tbn:ANd9GcQsWKprjR4VigFVT9CsEDQjSZBINQqehfDw53-Iu42opF4dhhLr,"['Comprovante de votação verificado pelo eleitor', 'Votação', 'Comissão de Constituição, Justiça e Cidadania do Senado Federal do Brasil']"
1451,Novos títulos de eleitor possuem QR Codes que registram votos para Lula automaticamente,Aos Fatos,https://www.aosfatos.org/noticias/e-falso-que-qr-code-no-titulo-de-eleitor-conta-voto-para-lula-automaticamente/,Falso,2022-08-19 07:00:00,https://encrypted-tbn3.gstatic.com/images?q=tbn:ANd9GcRo8pZFAh60WJZwbl6rH2X_2DnGZinAScS6rMz_G7nXVemn84Ap,"['Título de eleitor', 'Luiz Inácio Lula da Silva', 'Votação', 'Eleitor', 'Código QR', 'Codificação']"
1452,Bolsonaro volta a defender voto impresso na eleição contra fraudes nas urnas eletrônicas,Projeto Comprova,https://projetocomprova.com.br/publica%C3%A7%C3%B5es/sistema-de-voto-eletronico-pode-ser-auditado-ao-contrario-do-que-afirma-post/,Falso,2020-11-13 08:00:00,nan,"['Urna eletrônica', 'Eleição', 'Votação', 'Urna eleitoral', 'Comprovante de votação verificado pelo eleitor', 'Jair Bolsonaro', 'Fraude']"
1454,"Há um debate posto no mundo sobre a forma dos tribunais supremos deliberarem. E nós temos uma referência na Suprema Corte dos Estados Unidos, que delibera exatamente assim. Ela delibera a partir dos votos individuais e é comunicada a posição da Corte, e não a posição individual",Aos Fatos,https://www.aosfatos.org/noticias/dino-desinforma-sobre-suprema-corte-dos-eua/,Falso,2023-09-05 07:00:00,https://encrypted-tbn2.gstatic.com/images?q=tbn:ANd9GcSPJeRQFLYIjIPvH6FTOwCckIB6Y_9OiNfxieZj-Zo5n7rg6ZxB,"['Edifício da Suprema Corte dos Estados Unidos', 'Tribunal', 'Votação', 'Estados Unidos', 'Debate']"
1455,Nunca se falou de contagem manual em discussão sobre voto impresso,UOL Notícias,https://noticias.uol.com.br/confere/ultimas-noticias/2022/06/27/contagem-manual-de-voto-impresso-foi-discutida-e-barrada-na-camara.htm,Verdadeiro,2022-06-27 07:00:00,https://encrypted-tbn2.gstatic.com/images?q=tbn:ANd9GcTeJ1i5XVUKzcMrIOt6PnmT_RdCvJrqU46WZmilwbFu3Wx6U4zz,"['Votação', 'Comprovante de votação verificado pelo eleitor', 'discussão']"
1456,"Voto de eleitor de Miami, nos EUA, não foi contabilizado",Aos Fatos,https://www.aosfatos.org/noticias/falso-voto-miami-nao-computado/,Falso,2022-11-07 08:00:00,https://encrypted-tbn0.gstatic.com/images?q=tbn:ANd9GcSSrOjMrNkIWKwMFluMcnCHEqRfNCWhFbjwSpH9bxd611dppacM,"['Votação', 'Eleitor', 'Estados Unidos', 'Miami']"
1457,Eleitor que não levar caneta não poderá votar,Aos Fatos,https://www.aosfatos.org/noticias/e-falso-que-eleitor-que-nao-levar-caneta-nao-podera-votar/,Falso,2020-11-13 08:00:00,https://encrypted-tbn2.gstatic.com/images?q=tbn:ANd9GcSBhnhyR2uLljDUkAwDFqvng6X8_m4HfLcB5b7zuelEoOWG0-qq,"['Eleitor', 'Votação', 'Caneta']"
1458,"Live sobre voto impresso com Bia Kicis, Alexandre Garcia e outros",UOL Notícias,https://noticias.uol.com.br/confere/ultimas-noticias/2021/04/07/live-de-kicis-repete-argumentos-superados-sobre-seguranca-do-voto-impresso.htm,Falso,2021-04-07 07:00:00,https://encrypted-tbn2.gstatic.com/images?q=tbn:ANd9GcR54ZI4B8Ad-Mej1-VXwkwBj6-9RRSzOTb-DBCxDYlxJB8qZXtb,"['Bia Kicis', 'Comprovante de votação verificado pelo eleitor', 'Votação', 'Alexandre Garcia']"
1459,Rodrigo Pacheco acatou projeto do voto impresso e abriu votação no site do Senado,Aos Fatos,https://www.aosfatos.org/noticias/e-falso-que-rodrigo-pacheco-acatou-projeto-que-institui-voto-auditavel-no-brasil/,Falso,2021-07-06 07:00:00,https://encrypted-tbn3.gstatic.com/images?q=tbn:ANd9GcSxQCLMYtGUgxjbQJ4yLcbvxXyijiZESrJyGR1RSZ9-d5cpA3_j,"['Rodrigo Pacheco', 'Votação', 'Senado Federal do Brasil', 'Comprovante de votação verificado pelo eleitor', 'Projeto']"
1460,Voto é anulado ao votar para presidente e em branco para os demais candidatos,Aos Fatos,https://www.aosfatos.org/noticias/voto-branco-outros-cargos-nao-anula-escolha-presidente/,Falso,2022-05-10 07:00:00,https://encrypted-tbn1.gstatic.com/images?q=tbn:ANd9GcSRDd4n7b2zrkmqU8oNpLbQSWeYrNroDm5PtU-qf0TYAFURV94k,"['Votação', 'Presidente', 'Candidato']"
1461,Supremo Tribunal Federal (STF) considerou o voto impresso inconstitucional,Projeto Comprova,https://projetocomprova.com.br/publica%C3%A7%C3%B5es/tuite-engana-ao-dizer-que-o-stf-decidiu-que-voto-impresso-e-inconstitucional/,Falso,2020-09-17 07:00:00,https://encrypted-tbn3.gstatic.com/images?q=tbn:ANd9GcSZ8OaFrSQqtN_6iiJVnWgNwE8LYh43W13di0g6eut50fT7zCwc,"['Votação', 'Comprovante de votação verificado pelo eleitor', 'Supremo Tribunal Federal', 'Tribunal']"
1463,[O Brasil foi] o último [na América Latina] a legalizar o voto da mulher,Aos Fatos,https://www.aosfatos.org/noticias/lula-cita-na-fiesp-informacoes-falsas-sobre-voto-feminino-e-producao-de-carnes/,Falso,2022-08-09 07:00:00,https://encrypted-tbn0.gstatic.com/images?q=tbn:ANd9GcSJnMQmY5rwNSIsh3eGFjqsqUQYcxVCZxSLiFQ_lMCk_CysFcJN,"['Votação', 'Brasil', 'América Latina', 'Mulher', 'América', 'Música da América Latina']"
1464,"Por que que para senador, governador, tinha só 348 e apareceu apareceu 263 para votar? Da onde surgiu essas 340 pessoas que votaram aí para presidente? Que estranho",UOL Notícias,https://noticias.uol.com.br/confere/ultimas-noticias/2022/10/06/voto-em-transito-justifica-mais-eleitores-para-presidente-em-secao-de-mg.htm,Verdadeiro,2022-10-06 07:00:00,https://encrypted-tbn1.gstatic.com/images?q=tbn:ANd9GcSjmBHt8ApnNRtvjmLWMICHjeHcd152rG8udrbpJjB12PfY70JB,"['Votação', 'Presidente', 'Governador', 'Senado Federal do Brasil']"
1465,"Se votar só em Presidente, e votar em branco nos outros, o voto é tido como voto parcial. Logo, seu voto é anulado. Só computa voto válido quando o voto é completo",UOL Notícias,https://noticias.uol.com.br/confere/ultimas-noticias/2022/05/09/e-falso-que-voto-sera-anulado-se-eleitor-escolher-apenas-presidente.htm,Falso,2022-05-09 07:00:00,https://encrypted-tbn2.gstatic.com/images?q=tbn:ANd9GcSATJempIzWbrzW2WjjI5nO10DTjpiC1Hjd5Cf6bdve8kUR4kux,"['Votação', 'Presidente', 'Voto em branco', 'Voto válido']"
1466,Pessoas impedidas de votar em Bolsonaro em Tucuruí no Pará,Projeto Comprova,https://projetocomprova.com.br/publica%C3%A7%C3%B5es/nao-ha-comprovacao-de-que-urna-impediu-voto-em-bolsonaro-no-para/,Falso,2022-10-06 07:00:00,nan,"['Votação', 'Jair Bolsonaro', 'Pará', 'Tucuruí']"
1467,91% da população brasileira quer o voto impresso,UOL Notícias,https://noticias.uol.com.br/comprova/ultimas-noticias/2021/07/13/e-enganoso-que-enquete-sobre-voto-impresso-reflita-opiniao-da-populacao.htm,Falso,2021-07-13 07:00:00,https://encrypted-tbn3.gstatic.com/images?q=tbn:ANd9GcTjpTk-VgYup2efhv85E4j4-nc0srxr4TD9oteMZHcAQd0E62DL,"['Comprovante de votação verificado pelo eleitor', 'Votação', 'Demografia do Brasil', 'Brasil']"
1468,Ministro Luís Roberto Barroso já defendeu voto impresso,Aos Fatos,https://www.aosfatos.org/noticias/youtuber-distorce-falas-de-barroso-ao-alegar-mudanca-de-opiniao-sobre-voto-impresso/,Falso,2021-07-13 07:00:00,nan,"['Luís Roberto Barroso', 'Comprovante de votação verificado pelo eleitor', 'Votação', 'Ministro']"
1469,Barroso pagou 9 milhões para cada líder e vice-líder partidário para que trocassem os deputados que votariam a favor do voto impresso por políticos que eram contrários.,UOL Notícias,https://noticias.uol.com.br/confere/ultimas-noticias/2025/08/13/e-falso-que-barroso-pagou-para-deputados-votarem-contra-voto-impresso.htm,Falso,2025-08-13 07:00:00,https://encrypted-tbn1.gstatic.com/images?q=tbn:ANd9GcSi0rEHu1PM_OFpTboM0KZsRGLtK0NX8hdofj81tJpeoHacqHft,"['Luís Roberto Barroso', 'Comprovante de votação verificado pelo eleitor', 'Votação', 'Deputado', 'Político', 'Liderança', 'Líder de partido']"
1470,Lula disse que comprou votos para vencer as eleições de 2022,Estadão,https://www.estadao.com.br/estadao-verifica/lula-conta-como-comprou-todos-eleicao-2022/,Falso,2024-08-05 07:00:00,https://encrypted-tbn0.gstatic.com/images?q=tbn:ANd9GcTFrR-pMmEKflhG4e77ng6ofrmUvX8Iwf1aMcMJsN_aFdOZYJBL,"['Luiz Inácio Lula da Silva', 'Eleição', 'Votação', '2022', 'Eleições presidenciais brasileiras, 2022']"
1472,"Deputados da oposição que espalharam desinformação sobre o Pix, como Nikolas Ferreira (PL-MG), votaram pela taxação das blusinhas",Estadão,https://www.estadao.com.br/estadao-verifica/nikolas-ferreira-taxacao-blusinhas-erika-hilton-enganoso/,Falso,2025-01-23 08:00:00,https://encrypted-tbn3.gstatic.com/images?q=tbn:ANd9GcSumJxFuY3BUph5dQ4OdNv1MincbdTsYDU3NoNyM41YXWZitZHs,"['Nikolas Ferreira', 'Taxa', 'Deputado', 'Partido Liberal', 'Desinformação', 'PIX', 'Minas Gerais', 'Oposição']"
1473,Só o Brasil usa urnas eletrônicas,Estadão,https://www.estadao.com.br/estadao-verifica/apenas-brasil-urna-eletronica-falso/,Falso,2024-10-08 07:00:00,https://encrypted-tbn2.gstatic.com/images?q=tbn:ANd9GcQBq5bRLsBSbQbN7XekxSQCvE7lPwuSsrhyYOdDXcj3cD3dcwuv,"['Urna eleitoral', 'Urna eletrônica', 'Brasil', 'Eletrônica']"
1474,Vídeo mostra fraude eleitoral nos EUA na qual voto de Trump é transferido para Kamala,Aos Fatos,https://www.aosfatos.org/noticias/falso-voto-para-trump-foi-computado-kamala/,Falso,2024-11-01 07:00:00,https://encrypted-tbn1.gstatic.com/images?q=tbn:ANd9GcR6VKOUnorZ_7xJhQPIo696jexmwgbUiQiLtpTVkseiAyatYczp,"['Kamala Harris', 'Donald Trump', 'Votação', 'Eleição', 'Estados Unidos', 'Fraude eleitoral', 'Fraude', 'Vídeo']"
1475,Alexandre de Moraes vota em Boulos em São Paulo,Estadão,https://www.estadao.com.br/estadao-verifica/alexandre-moraes-vota-em-boulos-sao-paulo-falso/,Falso,2024-10-29 07:00:00,https://encrypted-tbn2.gstatic.com/images?q=tbn:ANd9GcQd5EnbvLv5ALt5x74n7xzgB_EZKJE7d9qwQScQ6Yvmn0IJAZPf,"['Guilherme Boulos', 'Alexandre de Moraes', 'Votação', 'São Paulo']"
1476,Pesquisas mostram que 82% dos deportados “fizeram o L”.,Estadão,https://www.estadao.com.br/estadao-verifica/pesquisa-voto-deportados-lula-falsa/,Falso,2025-01-31 08:00:00,https://encrypted-tbn2.gstatic.com/images?q=tbn:ANd9GcRfjDAPrNbKSnREJsvOZOrc2DFbu3exp77o9GosB65o08skb9ib,"['Deportação', 'Pesquisa']"
1477,Voto impresso aprovado na Comissão de Constituição e Justiça (CCJ) por 33 votos a favor e 5 contra,AFP Checamos,https://checamos.afp.com/ccj-aprovou-apenas-admissibilidade-da-pec-sobre-o-voto-impresso-em-2019,Falso,2021-04-09 07:00:00,https://encrypted-tbn0.gstatic.com/images?q=tbn:ANd9GcRrM0yy0fGioWaeajp6lgUrjjUmgIoJwG1GX1C_kLsUXLyBNX_p,"['Comprovante de votação verificado pelo eleitor', 'Comissão de Constituição e Justiça e de Cidadania', 'Votação', 'Constituição']"
1478,"Países que fizeram a eleição com cédula de papel ou urnas com voto impresso, como Paraguai, Uruguai, Equador e Argentina, tiveram derrota da esquerda",Estadão,https://www.estadao.com.br/estadao-verifica/voto-impresso-direita-esquerda-falso/,Falso,2024-06-21 07:00:00,https://encrypted-tbn0.gstatic.com/images?q=tbn:ANd9GcRxLQo3SVz8isn-NkR8FYANGo53aMOT3HbyfD-GypjFyqOa8f0r,"['Comprovante de votação verificado pelo eleitor', 'Votação', 'Urna eleitoral', 'Eleição', 'Esquerda', 'Paraguai', 'País', 'Papel', 'Uruguai']"
1479,"Só Brasil, Butão e Bangladesh usam urnas eletrônicas sem voto impresso",AFP Checamos,https://checamos.afp.com/doc.afp.com.9LM8WF,Parcialmente verdadeiro,2021-08-25 07:00:00,https://encrypted-tbn1.gstatic.com/images?q=tbn:ANd9GcRPYPaC4yq2QQ1jqxNzSJtwG3FKfzvaGDSPSMPM50dLVVF0l_5T,"['Urna eleitoral', 'Votação', 'Comprovante de votação verificado pelo eleitor', 'Urna eletrônica', 'Brasil', 'Bangladesh', 'Butão', 'Eletrônica']"
1480,"Na Dinamarca, pessoas recebem ajuda social são impedidas de votar",Estadão,https://www.estadao.com.br/estadao-verifica/quem-recebe-assistencia-social-na-dinamarca-pode-sim-votar-nas-eleicoes/,Falso,2023-12-05 08:00:00,https://encrypted-tbn0.gstatic.com/images?q=tbn:ANd9GcS1kXI-AuUgQ5YbkJxl6o7UHR1Hr4_QUAVB_ST-aG_wCH3PxIYE,"['Votação', 'Dinamarca']"
1481,Votos de eleitores mortos de Camaçari foram computador para Lula no 2º turno das eleições de 2022,Estadão,https://www.estadao.com.br/estadao-verifica/e-falso-que-eleitores-mortos-votaram-em-lula-nas-eleicoes-de-2022/,Falso,2023-11-30 08:00:00,https://encrypted-tbn1.gstatic.com/images?q=tbn:ANd9GcQadJCxnopXk4f9Juuw9GNz3cDN7ExMk22L-U91k18R3hDs421p,"['Votação', 'Eleição', 'Luiz Inácio Lula da Silva', 'Eleições presidenciais brasileiras, 2022', '2022', 'Morte', 'Camaçari', 'Computador']"
1482,"""Se as legislativas fossem hoje. Chega com mais 4,82% e PS com mais 0,13% eram os únicos a subir nas intenções de voto! PSD cai 4,27%, restantes partidos caem cerca de 1,5%.""",Observador,https://observador.pt/factchecks/fact-check-sondagem-pos-legislativas-coloca-chega-com-12-das-intencoes-de-voto/,Errado,2022-04-27 07:00:00,https://encrypted-tbn3.gstatic.com/images?q=tbn:ANd9GcSPoSTekUtgc_77fQoKLZVgRXrfRC2VlIfGvKU-4cRTmZlv5x96,"['Chega!', 'Votação', 'Eleições gerais', 'Partido político', 'Partido Social Democrata', 'Partido Socialista', '2027']"
1483,Pré-candidata é presa por trocar relação por voto em Goiânia.,Estadão,https://www.estadao.com.br/estadao-verifica/candidata-goiania-relacao-por-voto-falso/,Falso,2024-07-18 07:00:00,https://encrypted-tbn1.gstatic.com/images?q=tbn:ANd9GcRmFXlghMjG2ufL38I-3d0ZFSCP05uwqAJxc4XBpB3DlirnR8IP,"['Candidato', 'Goiânia', 'Votação']"
1484,"O eleitor foi votar na urna e foi votado para duas pessoas, dois presidentes",UOL Notícias,https://noticias.uol.com.br/confere/ultimas-noticias/2022/10/31/terminal-do-mesario-nao-mostra-numero-de-votos-para-cada-candidato.htm,Falso,2022-10-31 07:00:00,https://encrypted-tbn0.gstatic.com/images?q=tbn:ANd9GcRacBIJctTheHNOaG9iFYLqG79tMg9weqGMwujIhW-m4kpXqZCl,"['Votação', 'Eleitor', 'Urna eleitoral', 'Presidente']"
1485,"Vídeo mostra cédulas de votos em Javier Milei rasgadas e rasuradas, comprovando fraude eleitoral",Estadão,https://www.estadao.com.br/estadao-verifica/rasgos-nas-margens-de-cedulas-argentinas-nao-invalidam-voto-video-engana-ao-acusar-fraude-eleitoral/,Falso,2023-10-26 07:00:00,https://encrypted-tbn1.gstatic.com/images?q=tbn:ANd9GcTjNYo6Oz_I46vlCyTP8hi4vRe6x-v1Y9wvk0Q64AzZN99yP3ud,"['Javier Milei', 'Fraude eleitoral', 'Votação', 'Eleição', 'Cédula eleitoral', 'Fraude', 'Vídeo']"
1486,"""AS TELEVISÕES e RÁDIOS de DESINFORMAÇÃO e que ALIMENTAM o Novo Tipo de MERCENÁRIOS ao Serviço dos SISTEMAS POLÍTICOS CORRUPTOS , MALANDROS e VADIOS e o JORNALIXO COMPRADO com os 15 MILHÕES do COSTA Sempre a Tentar DENEGRIR o ANDRÉ VENTURA mas Sem Argumentos SUFICIENTES VERGONHA, Já SOMOS MILHARES""",Observador,https://observador.pt/factchecks/fact-check-sondagens-dao-40-de-intencoes-de-voto-ao-chega/,Errado,2022-01-28 08:00:00,https://encrypted-tbn0.gstatic.com/images?q=tbn:ANd9GcSRmwyRgtQB5AOIdWaxo3TmQ8QwksKz6Zcc7lC8rr_I6fGE9p6q,"['Política', 'André Ventura', 'Desinformação', 'sistema político', 'Jornalixo', 'Rádio', 'Alimentação', 'Televisão']"
1487,Entendimento de que apenas o voto no atual presidente da República e candidato à reeleição Jair Bolsonaro (PL) seria capaz de garantir a possibilidade de idosos realizarem prova de vida do INSS.,Metrópoles,https://www.metropoles.com/distrito-federal/eleicoes-2022-df/e-enganoso-que-voto-em-bolsonaro-garante-prova-de-vida-no-inss,Falso,2022-10-10 07:00:00,https://encrypted-tbn1.gstatic.com/images?q=tbn:ANd9GcQVDezZbbYaFy4IfwCfoVovSK_lLsWv6fSqbuXOrfZw3mxNDpkD,"['Jair Bolsonaro', 'Votação', 'INSS', 'Presidente', 'Partido Liberal', 'Candidato', 'Presidente do Brasil', 'Reeleição']"
1488,"Lula vai ser colocado na presidência por mais que 87,5% da população rejeitem Lula e aprovem Bolsonaro",Projeto Comprova,https://projetocomprova.com.br/publica%C3%A7%C3%B5es/video-engana-ao-mostrar-resultado-parcial-de-enquete-com-intencao-de-voto-para-presidente/,Falso,2021-07-07 07:00:00,nan,"['Luiz Inácio Lula da Silva', 'Jair Bolsonaro', 'Presidente do Brasil', 'População']"
1489,Lula afirmou que compra votos de baianos por R$ 10,UOL Notícias,https://noticias.uol.com.br/confere/ultimas-noticias/2022/09/15/video-de-lula-falando-em-comprar-voto-de-baianos-por-r-10-foi-manipulado.htm,Insustentável,2022-09-15 07:00:00,https://encrypted-tbn2.gstatic.com/images?q=tbn:ANd9GcTeVWhaRtw-2O6jb9EsgjQYdcme5v7YbgCA6QOl_mU0rzjwnfeS,"['Luiz Inácio Lula da Silva', 'Votação']"
1490,Ciro Gomes volta da Europa e vota em Bolsonaro,Aos Fatos,https://www.aosfatos.org/noticias/e-falso-que-ciro-gomes-declarou-voto-em-jair-bolsonaro/,Falso,2018-10-26 07:00:00,https://encrypted-tbn1.gstatic.com/images?q=tbn:ANd9GcQz1xJ1DgV9xBoYUCKLEAVFvY5xf8_qfkwrdwyp_cObqR8DJfFi,"['Ciro Gomes', 'Jair Bolsonaro', 'Votação']"
1491,Lula disse que voto de nordestino pode ser comprado por grão de arroz ou R$ 10,Aos Fatos,https://www.aosfatos.org/noticias/lula-nao-disse-que-voto-de-nordestino-pode-ser-comprado-por-grao-de-arroz-ou-r-10/,Falso,2021-06-07 07:00:00,https://encrypted-tbn0.gstatic.com/images?q=tbn:ANd9GcSuDEuH4gNlC7sg-SfPxaW_6TMy0HoFamRjHtyrGDypWgt6B5B5,"['Luiz Inácio Lula da Silva', 'Votação', 'Arroz']"
1492,Bolsonaro é o meu candidato ideal? Não. Mas vou votar nele? Vou. Como eu classificaria o meu voto? Voto útil. — Arnaldo Jabor,Aos Fatos,https://www.aosfatos.org/noticias/arnaldo-jabor-nao-escreveu-texto-em-que-declara-voto-em-jair-bolsonaro/,Falso,2018-09-05 07:00:00,https://encrypted-tbn1.gstatic.com/images?q=tbn:ANd9GcTLqGIh69ckwb4m1VBlxu3Z5JOORo_AULxuBv9uoDVqP2HiC8BM,"['Arnaldo Jabor', 'Jair Bolsonaro', 'Votação', 'Candidato', 'Voto tático']"
1494,"Não vá votar com camiseta amarela ou de outra cor qualquer que possa lhe identificar como ‘bolsonariano’, pois logo que você votar os mesários podem colocar o n° 17 do lado da sua assinatura de quem votou no Bolsonaro e assim anular o voto.",Aos Fatos,https://www.aosfatos.org/noticias/uso-de-camiseta-com-inscricao-de-candidato-nao-anula-voto/,Falso,2018-10-07 07:00:00,https://encrypted-tbn2.gstatic.com/images?q=tbn:ANd9GcSlWv4W0EtX79lt7dOyCjQLYs7Si3R-Aa3YvuGjKopgQeMRVUj2,"['Votação', 'Jair Bolsonaro', 'Mesário', 'Amarelo', 'Camisa', 'Cor']"
1495,Pesquisa no site Veja Seu Voto mostra voto depositado em nome de homem morto,Estadão,https://www.estadao.com.br/estadao-verifica/veja-seu-voto-homem-morto/,Falso,2023-04-21 07:00:00,https://encrypted-tbn2.gstatic.com/images?q=tbn:ANd9GcRTlTdXJ-d_pdn_OR5lx55K7Zslo2E34fSKbhs0ZE_LObr0vH-V,"['Votação', 'Morte', 'Veja', 'Pesquisa', 'Homem']"
1496,CNN apagou esse tuíte.,Aos Fatos,https://www.aosfatos.org/noticias/cnn-brasil-nao-fez-enquete-de-intencoes-de-voto-para-eleicoes-de-2022-tweet-e-de-conta-satirica/,Falso,2020-03-30 07:00:00,https://encrypted-tbn0.gstatic.com/images?q=tbn:ANd9GcSC_7i-sx5-9B3aNkHWqZCcj-W69D0LpAfNkV1_D95dkef0VL0m,"['CNN Brasil', 'Tweet']"
1497,"""Segunda volta à vista! André Ventura: 20,3%""",Observador,https://observador.pt/factchecks/fact-check-sondagem-da-203-das-intencoes-de-voto-a-andre-ventura/,Errado,2021-01-20 08:00:00,https://encrypted-tbn3.gstatic.com/images?q=tbn:ANd9GcQOv_Mheo-5LPg4qYWWsymKcqVbeLWVUBH6sgQDSOE1unX2YU8W,"['André Ventura', 'Sistema eleitoral com dois turnos']"
1498,"Quem tirou o título de eleitor recentemente, recebeu uma tira de papel com seus dados. Nesta tira há um QR-code. Segundo vários eleitores, neste QR-code vem o nome de Lula e o número 13",UOL Notícias,https://noticias.uol.com.br/confere/ultimas-noticias/2022/08/17/e-falso-que-qr-code-em-titulo-de-eleitor-transfira-voto-ou-contenha-fraude.htm,Falso,2022-08-17 07:00:00,https://encrypted-tbn2.gstatic.com/images?q=tbn:ANd9GcQ68oxRwsnkJF7GtLa94MGVw92asSyayOtUSgAkZiE97FCrXEA0,"['Título de eleitor', 'Código QR', 'Eleição', 'Luiz Inácio Lula da Silva', 'Dados', 'Número', 'Papel', 'Codificação']"
1499,"ITA e IME, institutos militares, fizeram protótipo de urnas para voto impresso, mas foram vetados pelo TSE (Tribunal Superior Eleitoral)",UOL Notícias,https://noticias.uol.com.br/confere/ultimas-noticias/2020/10/22/ita-ime-urnas-voto-impresso-tse.htm,Falso,2020-10-22 07:00:00,https://encrypted-tbn3.gstatic.com/images?q=tbn:ANd9GcRxNlQJpC50ByOxLNYW9mbLZOIr8qBHz4-G6Wk7pH3NWDY6wz-N,"['Comprovante de votação verificado pelo eleitor', 'Urna eleitoral', 'Tribunal Superior Eleitoral', 'Votação', 'Eleição', 'Veto', 'Instituto Tecnológico de Aeronáutica', 'Instituto Militar de Engenharia', 'Tribunal', 'Protótipo']"
1500,TSE não cumpre lei para impressão de voto sancionada por Lula,AFP Checamos,https://checamos.afp.com/doc.afp.com.32EC8WZ,Parcialmente verdadeiro,2022-07-13 07:00:00,https://encrypted-tbn0.gstatic.com/images?q=tbn:ANd9GcSbzfjhMnTICZYbLsZWyO2-moDJWhzNM8ebzS0a8yncYxKbaJbq,"['Luiz Inácio Lula da Silva', 'Votação', 'Sanção jurídica', 'Lei', 'Tribunal Superior Eleitoral', 'Impressão']"
1501,Datafolha frauda pesquisa: olha o DataPovo indignado,Projeto Comprova,https://projetocomprova.com.br/publica%C3%A7%C3%B5es/entrevista-sobre-voto-foi-feita-por-humorista-nao-pelo-datafolha/,Falso,2022-06-13 07:00:00,nan,"['Datafolha', 'Pesquisa', 'Fraude']"
1502,Vídeos mostram voto em Bolsonaro sendo anulado,UOL Notícias,https://noticias.uol.com.br/comprova/ultimas-noticias/2018/10/09/eleitores-que-filmaram-voto-em-bolsonaro-anulado-estavam-errando-o-cargo.htm,Falso,2018-10-09 07:00:00,https://encrypted-tbn1.gstatic.com/images?q=tbn:ANd9GcTXQLA26C4s4vx7vx8ioFHaIPOEqvFqXXg1iSIFk0LvCq7jYvzA,"['Jair Bolsonaro', 'Votação', 'Vídeo']"
1503,"Crivella tem 55% das intenções de voto, contra 45% de Paes",Aos Fatos,https://www.aosfatos.org/noticias/e-falso-que-crivella-lidere-intencoes-de-voto-na-vespera-do-2-turno-no-rio/,Falso,2020-11-28 08:00:00,nan,"['Marcelo Crivella', 'Votação', 'Eduardo Paes', 'Intenção']"
1504,"Papa emérito Bento XVI disse que um católico será considerado culpado por cooperar com o mal, e não poderá receber a comunhão, se votar em um candidato político por ele ser a favor da eutanásia e ou do aborto",UOL Notícias,https://noticias.uol.com.br/confere/ultimas-noticias/2022/10/21/e-falsa-citacao-atribuida-a-bento-16-que-relaciona-comunhao-e-voto.htm,Falso,2022-10-21 07:00:00,https://encrypted-tbn2.gstatic.com/images?q=tbn:ANd9GcTecxEEobY1WHZnp5v4MUjkl65tLBylBIjV1lm3KYQ50COXO8o7,"['Papa Bento XVI', 'Papa', 'Igreja Católica', 'Votação', 'Eucaristia', 'Política', 'Mal', 'Aborto', 'Candidato']"
1505,Ministro Barroso mentindo no Reino Unido dizendo que o que estava sendo proposto ano passado era o voto em papel com contagem manual,UOL Notícias,https://noticias.uol.com.br/confere/ultimas-noticias/2022/07/07/bolsonaro-nega-mas-contagem-manual-de-voto-impresso-foi-proposta.htm,Falso,2022-07-07 07:00:00,https://encrypted-tbn1.gstatic.com/images?q=tbn:ANd9GcR37ogtoYnl3WUhER1gBgzbxxOUtNG-DxEcUz5IQDEiuLXP3FYu,"['Votação', 'Papel', 'Ministro', 'Luís Roberto Barroso', 'Mentira', 'Reino Unido']"
1507,"Para fazer auditoria na votação presidencial, basta colocar o número do candidato em quem votou ao lado da assinatura do eleitor no momento da votação.",Projeto Comprova,https://projetocomprova.com.br/publica%C3%A7%C3%B5es/video-faz-apologia-ao-crime-ao-incentivar-os-eleitores-a-escreverem-o-proprio-voto-no-caderno-de-assinaturas-da-secao-eleitoral/,Falso,2022-09-02 07:00:00,nan,"['Eleitor', 'Votação', 'Candidato', 'Presidente', 'Número', 'Auditoria', 'Assinatura']"
1508,Voto impresso já é lei e deveria estar sendo implantado. Lei 10408,Projeto Comprova,https://projetocomprova.com.br/publica%C3%A7%C3%B5es/posts-enganam-ao-afirmar-que-voto-impresso-ja-e-lei/,Falso,2021-07-19 07:00:00,nan,"['Votação', 'Comprovante de votação verificado pelo eleitor', 'Lei']"
1509,Barroso sempre foi a favor do voto impresso,UOL Notícias,https://noticias.uol.com.br/confere/ultimas-noticias/2022/06/28/e-falso-que-ministro-barroso-defendeu-voto-impresso-em-2017.htm,Falso,2022-06-28 07:00:00,https://encrypted-tbn0.gstatic.com/images?q=tbn:ANd9GcSfJurUtDLSEfuaznlwH5VFxZ8rn6Aq_UBZZP8-E2P4mzLx-2NM,"['Luís Roberto Barroso', 'Comprovante de votação verificado pelo eleitor', 'Votação']"
1510,Dois vídeos da contagem de votos nos EUA provam que a eleição foi fraudada,Aos Fatos,https://www.aosfatos.org/noticias/videos-da-contagem-de-votos-nao-provam-que-eleicao-nos-eua-foi-fraudada/,Falso,2020-11-06 08:00:00,https://encrypted-tbn0.gstatic.com/images?q=tbn:ANd9GcRTpXPkPAh2CIXBznB8_hKH4Sl_6Otn8BTyrIhws_jN5SNz0SDu,"['Eleição', 'Votação', 'Estados Unidos', 'Vídeo', 'Fraude']"
1511,Postagem dizia que STF considerou inconstitucional o voto impresso,UOL Notícias,https://noticias.uol.com.br/comprova/ultimas-noticias/2020/09/21/tuite-engana-ao-dizer-que-stf-decidiu-que-voto-impresso-e-inconstitucional.htm,Falso,2020-09-21 07:00:00,https://encrypted-tbn0.gstatic.com/images?q=tbn:ANd9GcTZdXf7jIG1QtqitmF_r4E_4o4UsjZpDBUxQhxJCtsv5U9Ay_Z1,"['Comprovante de votação verificado pelo eleitor', 'Supremo Tribunal Federal', 'Votação']"
1512,"Moraes disse que não terá voto impresso e, talvez, nem Bolsonaro em 2022",Aos Fatos,https://www.aosfatos.org/noticias/e-falso-que-moraes-declarou-que-nao-havera-voto-impresso-nem-bolsonaro-em-2022/,Falso,2021-05-13 07:00:00,https://encrypted-tbn0.gstatic.com/images?q=tbn:ANd9GcSShsyRSPya3Ox_sSCgCfsOyihgj9laViQhuFtDWsvTmDGpymqS,"['Alexandre de Moraes', 'Comprovante de votação verificado pelo eleitor', 'Jair Bolsonaro', 'Votação', '2022']"
1513,"Se mais de 50% votarem nulo, a eleição é cancelada e suspende candidatos",UOL Notícias,https://noticias.uol.com.br/confere/ultimas-noticias/2017/11/06/se-mais-de-50-votarem-nulo-a-eleicao-e-cancelada-e-suspende-candidatos.htm,Falso,2017-11-06 08:00:00,https://encrypted-tbn0.gstatic.com/images?q=tbn:ANd9GcRSNMRoM1hn4pZSukaPOfMjLk9y3XUdtXNu64TQseNDaM-Gynar,"['Eleição', 'Voto nulo', 'Candidato']"
1514,Este vídeo mostra que em 2017 o TSE era a favor do voto impresso,AFP Checamos,https://checamos.afp.com/doc.afp.com.32AA7G6,Parcialmente verdadeiro,2022-05-17 07:00:00,https://encrypted-tbn0.gstatic.com/images?q=tbn:ANd9GcQtVQAIm2XeoC_Kq9CBiyiVJ2kdQW8tIhsJx94qZq-t71w7H4W6,"['Comprovante de votação verificado pelo eleitor', 'Tribunal Superior Eleitoral', 'Votação', '2017', 'Vídeo']"
1515,De que o governo federal criou cadastro para o eleitor voltar pelo celular,UOL Notícias,https://noticias.uol.com.br/confere/ultimas-noticias/2020/11/13/governo-federal-nao-criou-cadastro-online-para-voto-pelo-celular.htm,Falso,2020-11-13 08:00:00,https://encrypted-tbn2.gstatic.com/images?q=tbn:ANd9GcQcixrCTs-KlYNH30wjneIPbFfGFHjk-2SOgAEQtNJq96U0_6Kd,"['Eleitor', 'Governo', 'Telefone celular']"
1517,Urna completa sozinha voto em Haddad,UOL Notícias,https://noticias.uol.com.br/confere/ultimas-noticias/2018/10/19/videos-com-urna-que-autocompletaria-voto-em-sp-nao-provam-fraude.htm,Falso,2018-10-19 07:00:00,https://encrypted-tbn2.gstatic.com/images?q=tbn:ANd9GcRT0KP1_Y4pf8aKiqo9KJi9OfTTuoXaaxmb0ybZLH8OfCRXgoG_,"['Urna eleitoral', 'Votação', 'Fernando Haddad']"
